id,text
1,"""<|id|> Sebenernya <|en|> I've been pulling <|id|> 4 hari berturut-turut begadang buat <|en|> deadline <|id|> tugas."""
2,"""<|id|> Koneksi <|en|> WiFi <|id|> di sini parah banget, nge-<|en|>reformat <|id|> aja susah."""
3,"""<|en|> The dermatologist <|id|> bilang ada tanda awal <|en|> hypertension <|id|> yang harus diperhatikan."""
4,"""<|id|> Kalau dipikir-pikir, <|en|> She's been really active in the coding community <|id|> sejak semester tiga."""
5,"""<|id|> Kalau dipikir-pikir, <|en|> The <|id|> pilpres kemarin hasilnya cukup mengejutkan banyak pihak."""
6,"""<|en|> By the way, <|id|> Aku pake <|en|> air fryer <|id|> buat bikin pasta aglio olio tadi, hasilnya lebih konsisten."""
7,"""<|id|> Kesadaran soal <|en|> climate change <|id|> harus mulai dari diri sendiri dulu."""
8,"""<|id|> Tugasnya minta bikin <|en|> case study <|id|> soal <|en|> digital literacy <|id|> minimal 1500 kata."""
9,"""<|en|> Have you tried <|id|> fitur <|en|> AI assistant <|id|> di <|en|> Canva <|id|> yang baru?"""
10,"""<|id|> Jam <|en|> peak hours <|id|> di kantor itu biasanya antara jam 09.00 sampai 15.00."""
11,"""<|id|> Sebenernya Kemarin aku beli <|en|> laptop <|id|> baru, <|en|> processor<|id|>-nya gila sih."""
12,"""<|id|> Aku lagi baca buku <|en|> Ikigai <|id|> yang isinya soal <|en|> focus."""
13,"""<|id|> Jujur aja Minggu depan aku mau <|en|> trip <|id|> ke <|en|> Lombok, <|id|> udah <|en|> booking <|id|> koper belum?"""
14,"""<|en|> The CBT <|id|> dia ngebantu banget buat <|en|> manage stress."""
15,"""<|id|> Kamu udah lihat <|en|> mega sale <|id|> di <|en|> Zalora <|id|> belum? Banyak yang murah banget."""
16,"""<|id|> Menurutku sih, Minggu depan aku mau <|en|> backpacking <|id|> ke <|en|> Singapore, <|id|> udah <|en|> booking <|id|> tiket pesawat belum?"""
17,"""<|id|> Omong-omong, Setiap pagi aku selalu <|en|> journaling <|id|> sebelum mulai kerja."""
18,"""<|id|> Sebenernya Tugasnya minta bikin <|en|> case study <|id|> soal <|en|> climate change <|id|> minimal 500 kata."""
19,"""<|en|> Honestly, <|id|> Aku pake <|en|> thermometer <|id|> masak buat bikin <|en|> avocado toast <|id|> tadi, hasilnya lebih konsisten."""
20,"""<|id|> Restoran <|en|> Korean <|id|> baru yang di Senopati itu enak banget."""
21,"""<|en|> By the way, <|id|> Dia lagi negosiasi <|en|> partnership deal <|id|> sama vendor baru dari luar negeri."""
22,"""<|id|> Folder <|en|> Documents<|id|>-nya kemana ya? Kok ga ketemu di <|en|> Trello."""
23,"""<|id|> Sebenernya monitor-ku nge-<|en|>lag <|id|> terus, kayaknya harus di-<|en|>reset <|id|> deh."""
24,"""<|en|> By the way, <|id|> Minggu depan aku mau <|en|> backpacking <|id|> ke <|en|> Seoul, <|id|> udah <|en|> booking hotel <|id|> belum?"""
25,"""<|id|> Omong-omong, Pemandangan di Raja Ampat itu <|en|> breathtaking <|id|> banget."""
26,"""<|en|> To be honest, <|id|> Kemarin aku berhasil <|en|> win the tournament <|id|> di <|en|> Mobile Legends <|id|> setelah 3 jam <|en|> grind."""
27,"""<|id|> Udah coba <|en|> Linear <|id|> belum? Katanya <|en|> auto-sync<|id|>-nya keren banget."""
28,"""<|id|> Kalau dipikir-pikir, Aku mau ikut <|en|> exhibition <|id|> komunitas <|en|> pottery <|id|> bulan depan."""
29,"""<|id|> Udah coba <|en|> Notion <|id|> belum? Katanya <|en|> live collaboration<|id|>-nya keren banget."""
30,"""<|en|> To be honest, <|id|> Kemarin aku berhasil <|en|> get the achievement <|id|> di <|en|> PUBG <|id|> setelah 3 jam <|en|> grind."""
31,"""<|en|> I just bought a new smartphone, <|id|> spesifikasinya lumayan buat <|en|> multitasking."""
32,"""<|id|> Omong-omong, Kemarin aku berhasil <|en|> finish the questline <|id|> di <|en|> Mobile Legends <|id|> setelah 8 jam <|en|> grind."""
33,"""<|en|> By the way, <|id|> Kamu pakai <|en|> Figma <|id|> versi berapa? Yang baru ada fitur <|en|> smart search."""
34,"""<|id|> Kalau dipikir-pikir, <|en|> The podcaster <|id|> baru <|en|> upload video <|id|> yang viral banget."""
35,"""<|id|> Aku beli <|en|> headphone <|id|> tadi di <|en|> Zalora, <|id|> lagi ada <|en|> free shipping."""
36,"""<|en|> I recommend Everything Everywhere <|id|> kalau kamu suka genre <|en|> horror."""
37,"""<|id|> Menurutku sih, <|en|> She committed to a no-phone morning <|id|> selama 6 hari dan hasilnya keren."""
38,"""<|en|> Fun fact: <|id|> Gratis ongkir kalau belanja di atas 500 ribu di <|en|> Tiktok Shop."""
39,"""<|id|> Sebenernya <|en|> The review for this skincare <|id|> rata-rata 200 bintang, lumayan bagus."""
40,"""<|id|> Omong-omong, <|en|> The ending of The Crown <|id|> bikin aku nangis seharian."""
41,"""<|id|> Tugasnya minta bikin <|en|> case study <|id|> soal <|en|> digital literacy <|id|> minimal 500 kata kan?"""
42,"""<|en|> Review Interstellar <|id|> di internet banyak yang bilang <|en|> overhyped."""
43,"""<|en|> By the way, <|id|> Kamu masuk divisi humas atau <|en|> sponsorship <|id|> di UKM fotografi?"""
44,"""<|en|> Fun fact: <|id|> Aku beli tas tadi di <|en|> Tiktok Shop, <|id|> lagi ada <|en|> double discount."""
45,"""<|en|> Fun fact: The new rework <|id|> di <|en|> Dota 2 <|id|> banyak yang suka tapi aku kurang cocok."""
46,"""<|id|> Kemarin aku berhasil <|en|> complete the event <|id|> di <|en|> Free Fire <|id|> setelah 5 jam <|en|> grind."""
47,"""<|id|> Jujur aja <|en|> Can you proofread <|id|> esai aku soal <|en|> climate change?"""
48,"""<|id|> Kemarin aku berhasil <|en|> win the tournament <|id|> di <|en|> Mobile Legends <|id|> setelah 300 jam <|en|> grind."""
49,"""<|en|> Meeting one-on-one <|id|> tadi bahas soal <|en|> budget allocation <|id|> kuartal ini."""
50,"""<|en|> I returned the <|id|> jam tangan karena ukurannya ga pas."""
51,"""<|en|> I'll send the report <|id|> setelah <|en|> meeting <|id|> selesai ya. kan?"""
52,"""<|en|> Honestly, The dividend yield <|id|> bulan ini lumayan bagus, naik 100 persen dari bulan lalu."""
53,"""<|en|> Have you tried <|id|> fitur <|en|> version control <|id|> di <|en|> Figma <|id|> yang baru?"""
54,"""<|id|> Gue lagi belajar <|en|> JavaScript <|id|> buat bikin <|en|> mobile app."""
55,"""<|en|> My laptop <|id|> udah rusak, perlu beli yang baru sebelum wisuda."""
56,"""<|id|> Minggu depan aku mau liburan ke <|en|> Paris, <|id|> udah <|en|> booking hotel <|id|> belum?"""
57,"""<|id|> Kamu pakai <|en|> Canva <|id|> versi berapa? Yang baru ada fitur <|en|> smart search. <|id|> kan?"""
58,"""<|id|> Jujur aja <|en|> The new Indian restaurant <|id|> di Cipete lagi rame banget di <|en|> social media."""
59,"""<|en|> By the way, Have you tried the local sushi <|id|> di <|en|> Amsterdam? <|id|> Enak banget katanya."""
60,"""<|en|> By the way, <|id|> Tadi ada <|en|> workshop <|id|> di kampus, lumayan banyak yang ikut."""
61,"""<|en|> Fun fact: The matrix decomposition <|id|> itu gampang kalau udah ngerti <|en|> fundamentals<|id|>-nya."""
62,"""<|en|> By the way, The flight <|id|> ke <|en|> Seoul <|id|> tadi <|en|> delayed <|id|> 1 jam."""
63,"""<|id|> Omong-omong, <|en|> The <|id|> daging sapi di supermarket tadi lagi <|en|> on sale <|id|> 20 persen."""
64,"""<|id|> Tugasnya minta bikin <|en|> lab report <|id|> soal <|en|> mental health <|id|> minimal 1500 kata."""
65,"""<|en|> Breaking a bad habit <|id|> itu butuh waktu minimal 66 hari. kan?"""
66,"""<|id|> Sebenernya <|en|> Have you tried the local street food <|id|> di <|en|> Lombok? <|id|> Enak banget katanya."""
67,"""<|en|> Have you tried <|id|> fitur <|en|> version control <|id|> di <|en|> Canva <|id|> yang baru?"""
68,"""<|id|> Konser <|en|> BTS <|id|> tahun ini <|en|> sold out <|id|> dalam beberapa menit."""
69,"""<|en|> To be honest, The flash flood <|id|> bikin acara <|en|> outdoor <|id|> kita jadi <|en|> canceled."""
70,"""<|id|> Omong-omong, <|en|> The seasonal event <|id|> di <|en|> Free Fire <|id|> kasih <|en|> reward <|id|> yang bagus banget."""
71,"""<|id|> Menurutku sih, Aku mau ikut <|en|> bazaar <|id|> komunitas <|en|> knitting <|id|> bulan depan."""
72,"""<|id|> Sebenernya Aku beli tas tadi di <|en|> Shopee, <|id|> lagi ada <|en|> free shipping."""
73,"""<|id|> Omong-omong, <|en|> The <|id|> konten kreator baru <|en|> upload video <|id|> yang viral banget."""
74,"""<|en|> By the way, <|id|> Aku beli kamera tadi di <|en|> Lazada, <|id|> lagi ada <|en|> buy 1 get 1."""
75,"""<|en|> I just bought a new laptop, <|id|> spesifikasinya lumayan buat <|en|> editing video."""
76,"""<|id|> Jujur aja Aku lagi cari tiket pesawat murah buat perjalanan ke <|en|> Tokyo."""
77,"""<|en|> Fun fact: <|id|> Udah coba <|en|> Canva <|id|> belum? Katanya <|en|> live collaboration<|id|>-nya keren banget."""
78,"""<|id|> Aku beli <|en|> skincare <|id|> tadi di <|en|> Zalora, <|id|> lagi ada <|en|> buy 1 get 1."""
79,"""<|id|> Omong-omong, Restoran <|en|> Thai <|id|> baru yang di Kemang itu enak banget."""
80,"""<|en|> The formula for probability <|id|> itu harus dihafalin kalau mau lancar ngitungnya."""
81,"""<|en|> Have you tried <|id|> fitur <|en|> live collaboration <|id|> di <|en|> Canva <|id|> yang baru?"""
82,"""<|id|> Minggu depan aku mau liburan ke <|en|> Bangkok, <|id|> udah <|en|> booking travel insurance <|id|> belum?"""
83,"""<|en|> Have you tried the local ramen <|id|> di <|en|> Lombok? <|id|> Enak banget katanya."""
84,"""<|id|> Kamu pakai <|en|> VS Code <|id|> versi berapa? Yang baru ada fitur <|en|> offline mode."""
85,"""<|en|> She committed to a journaling challenge <|id|> selama 6 hari dan hasilnya keren. kan?"""
86,"""<|id|> Sebenernya Gabung <|en|> community <|id|> sesama <|en|> cooking enthusiast <|id|> itu seru banget."""
87,"""<|en|> My <|id|> tas udah rusak, perlu beli yang baru sebelum ulang tahun."""
88,"""<|en|> Honestly, <|id|> Minggu depan aku mau liburan ke <|en|> Seoul, <|id|> udah <|en|> booking hotel <|id|> belum?"""
89,"""<|id|> Folder <|en|> Downloads<|id|>-nya kemana ya? Kok ga ketemu di <|en|> Canva."""
90,"""<|en|> The report <|id|> harus dikirim ke klien sebelum jam 09.00. kan?"""
91,"""<|en|> Fun fact: <|id|> Tugasnya minta bikin <|en|> reflection paper <|id|> soal <|en|> climate change <|id|> minimal 1500 kata."""
92,"""<|en|> I've been pulling <|id|> 5 hari berturut-turut begadang buat skripsi."""
93,"""<|id|> Omong-omong, Tarif KRL naik lagi, makin berat buat anak kost."""
94,"""<|en|> The doctor recommended <|id|> istirahat total dan minum <|en|> iron supplements <|id|> setiap seminggu sekali."""
95,"""<|id|> Menurutku sih, <|en|> She went on a bird watching solo <|id|> ke Raja Ampat minggu lalu."""
96,"""<|en|> She's really talented in sketching, <|id|> karyanya udah banyak yang beli."""
97,"""<|id|> Omong-omong, Kemarin aku berhasil <|en|> solo rank <|id|> di <|en|> Dota 2 <|id|> setelah 300 jam <|en|> grind."""
98,"""<|id|> Jujur aja <|en|> Have you tried the bibimbap <|id|> di Senopati? Antriannya panjang banget."""
99,"""<|id|> Kemarin aku berhasil <|en|> win the tournament <|id|> di <|en|> Dota 2 <|id|> setelah 300 jam <|en|> grind."""
100,"""<|en|> The secret ingredient <|id|> ternyata <|en|> truffle oil <|id|> yang bikin rasanya beda kan?"""
101,"""<|id|> Minggu depan aku mau liburan ke <|en|> Bali, <|id|> udah <|en|> booking <|id|> koper belum?"""
102,"""<|id|> Kita mau bikin <|en|> webinar <|id|> kolaborasi sama kampus lain."""
103,"""<|en|> Fun fact: Meeting quarterly <|id|> tadi bahas soal <|en|> product roadmap <|id|> kuartal ini."""
104,"""<|en|> Have you tried <|id|> fitur <|en|> live collaboration <|id|> di <|en|> Trello <|id|> yang baru kan?"""
105,"""<|en|> Honestly, Have you tried the local sushi <|id|> di <|en|> Bangkok? <|id|> Enak banget katanya."""
106,"""<|id|> Gue lagi belajar <|en|> TypeScript <|id|> buat bikin <|en|> backend service <|id|> kan?"""
107,"""<|en|> What are your plans for the <|id|> Tahun Baru <|en|> long weekend?"""
108,"""<|en|> Have you tried the local curry <|id|> di <|en|> Singapore? <|id|> Enak banget katanya."""
109,"""<|en|> We're planning a road trip <|id|> keluarga ke <|en|> Bali <|id|> bulan Desember."""
110,"""<|en|> By the way, She finally passed her thesis <|id|> setelah 6 kali sidang."""
111,"""<|en|> By the way, I've been journaling <|id|> setiap malam selama 100 bulan terakhir."""
112,"""<|en|> To be honest, She's been working on accept imperfection <|id|> agar bisa lebih <|en|> present <|id|> dalam kehidupan."""
113,"""<|en|> Crypto <|id|> lagi <|en|> volatile <|id|> banget, hati-hati kalau mau masuk."""
114,"""<|id|> Kalau dipikir-pikir, Minggu depan aku mau liburan ke <|en|> Singapore, <|id|> udah <|en|> booking travel insurance <|id|> belum?"""
115,"""<|id|> Ikut <|en|> MasterClass online <|id|> buat ningkatin <|en|> skill public speaking <|id|> aku."""
116,"""<|id|> Omong-omong, <|en|> Her journaling <|id|> tiap pagi bikin dia jauh lebih produktif."""
117,"""<|en|> To be honest, The NPS score <|id|> kita bulan ini naik 5 persen dari <|en|> last quarter."""
118,"""<|id|> Menurutku sih, Program <|en|> zero waste <|id|> di kampus kita berhasil kurangi sampah 40 persen."""
119,"""<|id|> Omong-omong, Tugasnya minta bikin <|en|> reflection paper <|id|> soal <|en|> climate change <|id|> minimal 1500 kata kan?"""
120,"""<|id|> Sebenernya <|en|> Using R <|id|> bikin ngerjain <|en|> discrete math <|id|> jadi jauh lebih cepat."""
121,"""<|en|> The slow cooking <|id|> bikin tekstur makanannya jauh lebih enak."""
122,"""<|en|> Honestly, My acid reflux <|id|> kambuh lagi, kayaknya gara-gara kurang <|en|> hydration."""
123,"""<|id|> Aku lagi baca buku <|en|> Atomic Habits <|id|> yang isinya soal <|en|> purpose."""
124,"""<|id|> Minggu depan aku mau <|en|> trip <|id|> ke <|en|> Tokyo, <|id|> udah <|en|> booking hotel <|id|> belum?"""
125,"""<|id|> Menurutku sih, Kamu pakai <|en|> Linear <|id|> versi berapa? Yang baru ada fitur <|en|> dark mode."""
126,"""<|id|> Udah coba <|en|> Notion <|id|> belum? Katanya <|en|> version control<|id|>-nya keren banget."""
127,"""<|en|> Fun fact: <|id|> Restoran <|en|> Italian <|id|> baru yang di Senopati itu enak banget."""
128,"""<|id|> Aku rutin minum <|en|> omega-3 <|id|> sekarang buat <|en|> boost immunity."""
129,"""<|id|> Restoran <|en|> Thai <|id|> baru yang di Kemang itu enak banget."""
130,"""<|en|> She prepared special <|id|> rendang buat Natal <|en|> celebration."""
131,"""<|id|> Menurutku sih, BMKG bilang akan ada <|en|> heatwave <|id|> ekstrem minggu ini."""
132,"""<|en|> To be honest, <|id|> Kemarin aku berhasil <|en|> complete the event <|id|> di <|en|> Valorant <|id|> setelah 200 jam <|en|> grind."""
133,"""<|en|> Honestly, I missed the <|id|> TransJakarta tadi karena terlambat 3 menit."""
134,"""<|en|> To be honest, <|id|> Kemarin aku berhasil <|en|> complete the event <|id|> di <|en|> Mobile Legends <|id|> setelah 300 jam <|en|> grind."""
135,"""<|en|> Her reading <|id|> tiap pagi bikin dia jauh lebih produktif."""
136,"""<|en|> By the way, I just bought a new earbuds, <|id|> spesifikasinya lumayan buat <|en|> editing video."""
137,"""<|id|> Jujur aja Udah coba <|en|> Canva <|id|> belum? Katanya <|en|> auto-sync<|id|>-nya keren banget."""
138,"""<|id|> Sebenernya Baru beli perlengkapan <|en|> cycling <|id|> baru, lumayan mahal tapi <|en|> worth it."""
139,"""<|en|> The collab event <|id|> di <|en|> Valorant <|id|> kasih <|en|> reward <|id|> yang bagus banget."""
140,"""<|en|> Honestly, We're planning a road trip <|id|> keluarga ke kampung halaman bulan Maret."""
141,"""<|id|> Kalau dipikir-pikir, Kamu masuk divisi media atau publikasi di BEM?"""
142,"""<|en|> By the way, <|id|> Aku beli baju tadi di <|en|> Shopee, <|id|> lagi ada <|en|> buy 1 get 1."""
143,"""<|id|> Minggu depan aku mau <|en|> staycation <|id|> ke <|en|> Bangkok, <|id|> udah <|en|> booking <|id|> koper belum?"""
144,"""<|en|> The anniversary event <|id|> di <|en|> Free Fire <|id|> kasih <|en|> reward <|id|> yang bagus banget kan?"""
145,"""<|en|> The Physics professor <|id|> kasih <|en|> assignment <|id|> yang susah banget."""
146,"""<|en|> Fun fact: <|id|> Proyek revitalisasi kawasan Cempaka Putih udah mulai kelihatan hasilnya."""
147,"""<|en|> Fun fact: <|id|> Kamu masuk divisi humas atau publikasi di <|en|> running community?"""
148,"""<|id|> Omong-omong, Aku lagi coba metode <|en|> Eat the Frog <|id|> buat ningkatin <|en|> productivity."""
149,"""<|id|> Jujur aja <|en|> Restoran Middle Eastern <|id|> baru yang di Cipete itu enak banget."""
150,"""<|en|> To be honest, <|id|> Aku mau ikut <|en|> bazaar <|id|> komunitas <|en|> painting <|id|> bulan depan."""
151,"""<|id|> Kalau dipikir-pikir, Acara lomba debat mahasiswa baru gimana, sukses?"""
152,"""<|id|> Tolong kirimin <|en|> PDF<|id|>-nya lewat <|en|> VS Code <|id|> ya."""
153,"""<|en|> Honestly, The Jakarta Fair <|id|> di Jakarta setiap tahun selalu ramai banget."""
154,"""<|en|> The new season update <|id|> di <|en|> PUBG <|id|> banyak yang suka tapi aku kurang cocok."""
155,"""<|id|> Sebenernya <|en|> The <|id|> alat lukis yang aku pakai buat <|en|> pottery <|id|> tuh mahal tapi beneran beda hasilnya."""
156,"""<|id|> Omong-omong, <|en|> Using GeoGebra <|id|> bikin ngerjain <|en|> linear algebra <|id|> jadi jauh lebih cepat."""
157,"""<|id|> Koneksi <|en|> 5G <|id|> di sini parah banget, nge-<|en|>restart <|id|> aja susah."""
158,"""<|id|> Omong-omong, <|en|> My <|id|> kamera udah rusak, perlu beli yang baru sebelum wisuda."""
159,"""<|en|> To be honest, <|id|> Aku udah 20 kali bimbingan tapi hasilnya masih banyak revisi."""
160,"""<|id|> Jujur aja Minggu depan aku mau <|en|> trip <|id|> ke <|en|> Bali, <|id|> udah <|en|> booking <|id|> koper belum?"""
161,"""<|id|> Aku minta tolong jelasin soal <|en|> differential equations <|id|> ke temen yang lebih jago."""
162,"""<|id|> Jujur aja <|en|> The new MRT <|id|> fase 2 di Jakarta katanya bakal selesai tahun depan."""
163,"""<|en|> I got a 50% discount <|id|> pake <|en|> voucher <|id|> yang dikasih <|en|> Shopee."""
164,"""<|id|> Menurutku sih, <|en|> I've been trying to reduce my water usage <|id|> dengan cara naik transportasi umum."""
165,"""<|id|> Jujur aja <|en|> The debate around UU ITE <|id|> mencerminkan perbedaan nilai yang mendalam."""
166,"""<|id|> Folder <|en|> cache<|id|>-nya kemana ya? Kok ga ketemu di <|en|> Notion."""
167,"""<|id|> Omong-omong, Kemarin aku berhasil <|en|> finish the questline <|id|> di <|en|> Genshin Impact <|id|> setelah 5 jam <|en|> grind."""
168,"""<|en|> Have you tried the pad thai <|id|> di Cipete? Antriannya panjang banget."""
169,"""<|id|> Kamu pakai <|en|> Trello <|id|> versi berapa? Yang baru ada fitur <|en|> auto-sync."""
170,"""<|id|> Kamu pakai <|en|> VS Code <|id|> versi berapa? Yang baru ada fitur <|en|> version control."""
171,"""<|en|> By the way, The <|id|> alat lukis yang aku pakai buat <|en|> photography <|id|> tuh mahal tapi beneran beda hasilnya."""
172,"""<|en|> By the way, I recommend Interstellar <|id|> kalau kamu suka genre <|en|> romance."""
173,"""<|id|> Kemarin aku berhasil <|en|> finish the questline <|id|> di <|en|> Dota 2 <|id|> setelah 3 jam <|en|> grind."""
174,"""<|id|> Sebenernya Kemarin aku berhasil <|en|> finish the questline <|id|> di <|en|> Free Fire <|id|> setelah 5 jam <|en|> grind."""
175,"""<|en|> To be honest, My heart rate <|id|> kata dokter agak tinggi, harus kurangin kafein."""
176,"""<|en|> To be honest, <|id|> Kemarin aku berhasil <|en|> get the achievement <|id|> di <|en|> Dota 2 <|id|> setelah 8 jam <|en|> grind."""
177,"""<|id|> Tolong kirimin file <|en|> ZIP<|id|>-nya lewat <|en|> Zoom <|id|> ya kan?"""
178,"""<|id|> Omong-omong, Tolong kirimin <|en|> screenshot<|id|>-nya lewat <|en|> VS Code <|id|> ya."""
179,"""<|id|> Sebenernya <|en|> The report <|id|> harus dikirim ke klien sebelum jam 17.00."""
180,"""<|id|> Kalau dipikir-pikir, Adik aku minta diajarin bahasa Inggris dari aku, seneng juga bisa bantu."""
181,"""<|id|> Aku beli baju tadi di <|en|> Tiktok Shop, <|id|> lagi ada <|en|> free shipping."""
182,"""<|id|> Sebenernya <|en|> I just unlocked <|id|> karakter baru di <|en|> Apex Legends, <|id|> keren abis <|en|> skin<|id|>-nya."""
183,"""<|id|> Aku nyoba <|en|> recipe <|id|> baru hari ini, <|en|> Korean fried chicken <|id|> ala rumahan."""
184,"""<|id|> Kamu pakai <|en|> Notion <|id|> versi berapa? Yang baru ada fitur <|en|> auto-sync."""
185,"""<|id|> Jujur aja <|en|> The club's hackathon <|id|> bakal diadain <|en|> next month <|id|> di aula."""
186,"""<|id|> Kamu pakai <|en|> GitHub <|id|> versi berapa? Yang baru ada fitur <|en|> offline mode."""
187,"""<|id|> Sebenernya <|en|> The <|id|> alat lukis yang aku pakai buat <|en|> cycling <|id|> tuh mahal tapi beneran beda hasilnya."""
188,"""<|en|> Fun fact: <|id|> Opini publik soal kebebasan pers ini terpolarisasi banget di media."""
189,"""<|id|> Omong-omong, Kamu masuk divisi humas atau dokumentasi di UKM fotografi?"""
190,"""<|en|> My sniper <|id|> di game ini udah <|en|> maxed out <|id|> semua <|en|> skill<|id|>-nya."""
191,"""<|en|> Honestly, A good slow morning <|id|> bisa jadi <|en|> reset button <|id|> yang efektif buat otak kita."""
192,"""<|id|> Menurutku sih, Kemarin aku berhasil <|en|> solo rank <|id|> di <|en|> Valorant <|id|> setelah 200 jam <|en|> grind."""
193,"""<|en|> By the way, <|id|> Aku beli <|en|> baby stuffs <|id|> tadi di <|en|> Tiktok Shop, <|id|> lagi ada <|en|> triple discount."""
194,"""<|id|> Sebenernya Minggu depan aku mau liburan ke <|en|> Lombok, <|id|> udah <|en|> booking travel insurance <|id|> belum?"""
195,"""<|en|> Honestly, <|id|> Kamu masuk divisi humas atau <|en|> sponsorship <|id|> di BEM?"""
196,"""<|id|> Menurutku sih, <|en|> Have you tried the local gelato <|id|> di <|en|> Singapore? <|id|> Enak banget katanya."""
197,"""<|id|> Jujur aja Aku beli <|en|> skincare <|id|> tadi di <|en|> Lazada, <|id|> lagi ada <|en|> flash sale."""
198,"""<|en|> We're planning a family trip <|id|> keluarga ke <|en|> Lombok <|id|> bulan Desember kan?"""
199,"""<|id|> Omong-omong, Tim kita kena <|en|> bad teamfight <|id|> karena <|en|> bad draft <|id|> mulu."""
200,"""<|id|> Sebenernya <|en|> The new season update <|id|> di <|en|> Apex Legends <|id|> banyak yang suka tapi aku kurang cocok."""
201,"""<|id|> Sebenernya <|en|> The invoice <|id|> harus dikirim ke klien sebelum jam 17.00."""
202,"""<|id|> Omong-omong, <|en|> Using Wolfram Alpha <|id|> bikin ngerjain <|en|> differential equations <|id|> jadi jauh lebih cepat."""
203,"""<|id|> Sebenernya Kemarin aku berhasil <|en|> win the tournament <|id|> di <|en|> Minecraft <|id|> setelah 5 jam <|en|> grind."""
204,"""<|id|> Menurutku sih, Kemarin aku berhasil <|en|> complete the event <|id|> di <|en|> Minecraft <|id|> setelah 200 jam <|en|> grind."""
205,"""<|id|> Dokter bilang aku harus mulai <|en|> cardio <|id|> buat jaga <|en|> blood pressure."""
206,"""<|en|> earbuds<|id|>-ku nge-<|en|>lag <|id|> terus, kayaknya harus di-<|en|>reformat <|id|> deh."""
207,"""<|id|> Omong-omong, Folder <|en|> Desktop<|id|>-nya kemana ya? Kok ga ketemu di <|en|> Trello <|id|> kan?"""
208,"""<|en|> She prepared special <|id|> rendang buat Idul Adha <|en|> celebration."""
209,"""<|en|> She committed to a 30-day fitness challenge <|id|> selama 30 hari dan hasilnya keren."""
210,"""<|id|> Aku pake <|en|> rice cooker <|id|> buat bikin <|en|> avocado toast <|id|> tadi, hasilnya lebih konsisten."""
211,"""<|id|> Aku lagi baca buku <|en|> The Psychology of Money <|id|> yang isinya soal <|en|> focus."""
212,"""<|id|> Kemarin aku berhasil <|en|> finish the questline <|id|> di <|en|> Minecraft <|id|> setelah 5 jam <|en|> grind."""
213,"""<|id|> Sebenernya Minggu depan aku mau <|en|> backpacking <|id|> ke <|en|> Amsterdam, <|id|> udah <|en|> booking travel insurance <|id|> belum?"""
214,"""<|id|> Jujur aja <|en|> The group therapy <|id|> dia ngebantu banget buat <|en|> manage stress."""
215,"""<|id|> Omong-omong, Kamu pakai <|en|> Zoom <|id|> versi berapa? Yang baru ada fitur <|en|> version control."""
216,"""<|en|> The churn rate <|id|> kita bulan ini naik 25 persen dari <|en|> last quarter."""
217,"""<|id|> Aku <|en|> prefer <|id|> ngerjain soal <|en|> linear algebra <|id|> manual dulu sebelum pake kalkulator."""
218,"""<|id|> Gue lagi nyobain <|en|> open world game <|id|> baru, lumayan <|en|> addicting."""
219,"""<|id|> Omong-omong, Gue lagi belajar <|en|> TypeScript <|id|> buat bikin <|en|> side project <|id|> kan?"""
220,"""<|en|> Fun fact: <|id|> Kamu pakai <|en|> Canva <|id|> versi berapa? Yang baru ada fitur <|en|> smart search."""
221,"""<|id|> Jujur aja <|en|> She buys organic <|id|> daging sapi meski harganya lebih mahal."""
222,"""<|id|> Jujur aja Rencana Nyepi tahun ini mau ke mana?"""
223,"""<|id|> Aku beli <|en|> headphone <|id|> tadi di Tokopedia, lagi ada <|en|> double discount."""
224,"""<|id|> Kalau dipikir-pikir, <|en|> I need to strengthen my discussion <|id|> sebelum sidang."""
225,"""<|id|> Menurutku sih, Aku lagi cari koper murah buat perjalanan ke Yogyakarta."""
226,"""<|en|> To be honest, I need to strengthen my discussion <|id|> sebelum sidang."""
227,"""<|id|> Sebenernya <|en|> Turnitin <|id|> aku <|en|> similarity<|id|>-nya 15 persen, kata dosen harus lebih rendah."""
228,"""<|id|> Sebenernya <|en|> I got a 10% discount <|id|> pake <|en|> voucher <|id|> yang dikasih <|en|> Shopee."""
229,"""<|en|> Honestly, I compared prices on Shopee <|id|> dan yang di <|en|> official store <|id|> lebih murah."""
230,"""<|en|> She went on a camping solo <|id|> ke Dieng minggu lalu."""
231,"""<|id|> Pemandangan di Raja Ampat itu <|en|> breathtaking <|id|> banget."""
232,"""<|id|> Kemarin aku berhasil <|en|> finish the questline <|id|> di <|en|> Mobile Legends <|id|> setelah 3 jam <|en|> grind <|id|> kan?"""
233,"""<|id|> Sebenernya Aku beli <|en|> skincare <|id|> tadi di <|en|> Lazada, <|id|> lagi ada <|en|> double discount."""
234,"""<|id|> Omong-omong, <|en|> Extreme heatwave <|id|> makin sering terjadi karena <|en|> global warming."""
235,"""<|id|> Kemarin aku beli <|en|> smartwatch <|id|> baru, <|en|> display<|id|>-nya gila sih."""
236,"""<|en|> Fun fact: The <|id|> kateterisasi memakan waktu sekitar 1 jam."""
237,"""<|en|> Fun fact: <|id|> Aku beli tas tadi di <|en|> Tiktok Shop, <|id|> lagi ada <|en|> buy 1 get 1."""
238,"""<|id|> Gratis ongkir kalau belanja di atas 500 ribu di Tokopedia."""
239,"""<|en|> I just unlocked <|id|> karakter baru di <|en|> Mobile Legends, <|id|> keren abis <|en|> skin<|id|>-nya."""
240,"""<|id|> Tugasnya minta bikin <|en|> critical essay <|id|> soal <|en|> biodiversity <|id|> minimal 1500 kata."""
241,"""<|id|> Omong-omong, Gue lagi belajar <|en|> Kotlin <|id|> buat bikin <|en|> mobile app."""
242,"""<|id|> Omong-omong, Tugasnya minta bikin <|en|> research paper <|id|> soal <|en|> climate change <|id|> minimal 1500 kata."""
243,"""<|id|> Omong-omong, Minggu depan aku mau liburan ke <|en|> Seoul, <|id|> udah <|en|> booking travel insurance <|id|> belum?"""
244,"""<|en|> By the way, The CAC <|id|> kita bulan ini naik 25 persen dari <|en|> last quarter."""
245,"""<|en|> Fun fact: <|id|> Aku beli <|en|> skincare <|id|> tadi di <|en|> Lazada, <|id|> lagi ada <|en|> buy 1 get 1."""
246,"""<|id|> Tugasnya minta bikin <|en|> case study <|id|> soal <|en|> AI ethics <|id|> minimal 500 kata."""
247,"""<|en|> Have you tried the local street food <|id|> di Bali? Enak banget katanya kan?"""
248,"""<|id|> Menurutku sih, Aku <|en|> subscribe Disney+ <|id|> buat akses semua konten <|en|> exclusive."""
249,"""<|en|> By the way, <|id|> Kamu udah lihat harbolnas di <|en|> Tokopedia <|id|> belum? Banyak yang murah banget."""
250,"""<|id|> Dia lagi negosiasi <|en|> contract <|id|> sama <|en|> vendor <|id|> baru dari luar negeri."""
251,"""<|id|> Koneksi <|en|> LAN <|id|> di sini parah banget, nge-<|en|>update <|id|> aja susah."""
252,"""<|en|> tablet<|id|>-ku nge-<|en|>lag <|id|> terus, kayaknya harus di-<|en|>restart <|id|> deh."""
253,"""<|id|> Jujur aja <|en|> Review The Bear <|id|> di internet banyak yang bilang <|en|> overhyped."""
254,"""<|id|> Omong-omong, <|en|> The discussion <|id|> paling susah karena harus <|en|> synthesize <|id|> banyak literatur."""
255,"""<|en|> Fun fact: <|id|> Koneksi <|en|> LAN <|id|> di sini parah banget, nge-<|en|>install <|id|> ulang aja susah."""
256,"""<|en|> By the way, Taking care of aging parents <|id|> itu penuh tantangan tapi juga <|en|> meaningful."""
257,"""<|en|> To be honest, I compared prices on Zalora <|id|> dan yang di <|en|> official store <|id|> lebih murah."""
258,"""<|id|> Tugasnya minta bikin <|en|> critical essay <|id|> soal <|en|> climate change <|id|> minimal 1500 kata."""
259,"""<|en|> Fun fact: Disinformation about <|id|> kebijakan pajak menyebar cepat banget sebelum <|en|> fact-checked."""
260,"""<|id|> Sebenernya <|en|> Her financial goal <|id|> tahun ini adalah nabung 5 juta."""
261,"""<|id|> Udah coba <|en|> VS Code <|id|> belum? Katanya <|en|> AI assistant<|id|>-nya keren banget."""
262,"""<|id|> Jujur aja Kata dokter, hasil <|en|> X-ray <|id|> aku perlu di-<|en|>follow up <|id|> minggu depan."""
263,"""<|id|> Jujur aja Minggu depan aku mau <|en|> backpacking <|id|> ke <|en|> Paris, <|id|> udah <|en|> booking hotel <|id|> belum?"""
264,"""<|en|> Fun fact: <|id|> Kemarin aku berhasil <|en|> finish the questline <|id|> di <|en|> Genshin Impact <|id|> setelah 200 jam <|en|> grind."""
265,"""<|en|> The collab event <|id|> di <|en|> Free Fire <|id|> kasih <|en|> reward <|id|> yang bagus banget."""
266,"""<|id|> Jujur aja <|en|> The Ikigai <|id|> rekomendasinya bagus banget, cocok buat kamu yang lagi <|en|> overthinking."""
267,"""<|id|> Omong-omong, Minggu depan aku mau <|en|> staycation <|id|> ke <|en|> Singapore, <|id|> udah <|en|> booking <|id|> tiket pesawat belum?"""
268,"""<|id|> Gratis ongkir kalau belanja di atas 200 ribu di <|en|> Lazada."""
269,"""<|en|> By the way, I got a 20% discount <|id|> pake <|en|> voucher <|id|> yang dikasih <|en|> Tiktok Shop."""
270,"""<|id|> Omong-omong, Program <|en|> composting <|id|> di kampus kita berhasil kurangi sampah 20 persen."""
271,"""<|en|> The <|id|> Natal <|en|> gathering <|id|> tahun ini bakal lebih ramai dari biasanya."""
272,"""<|id|> Kalau dipikir-pikir, <|en|> The new hotfix <|id|> di <|en|> PUBG <|id|> banyak yang suka tapi aku kurang cocok."""
273,"""<|id|> Menurutku sih, Minggu depan aku mau <|en|> trip <|id|> ke <|en|> Lombok, <|id|> udah <|en|> booking <|id|> tiket pesawat belum?"""
274,"""<|id|> Minggu depan aku mau <|en|> trip <|id|> ke <|en|> Bangkok, <|id|> udah <|en|> booking <|id|> tiket pesawat belum?"""
275,"""<|en|> Honestly, <|id|> Kemarin aku berhasil <|en|> get the achievement <|id|> di <|en|> PUBG <|id|> setelah 3 jam <|en|> grind."""
276,"""<|id|> Sebenernya Kamu masuk divisi acara atau dekorasi di <|en|> coding community?"""
277,"""<|id|> Sebenernya Minggu depan aku mau <|en|> backpacking <|id|> ke <|en|> Bali, <|id|> udah <|en|> booking <|id|> koper belum?"""
278,"""<|en|> The flight <|id|> ke <|en|> Bali <|id|> tadi <|en|> delayed <|id|> 1 jam kan?"""
279,"""<|en|> To be honest, <|id|> Aku lagi baca buku <|en|> Ikigai <|id|> yang isinya soal <|en|> purpose."""
280,"""<|id|> Dia lagi negosiasi <|en|> partnership deal <|id|> sama <|en|> vendor <|id|> baru dari luar negeri."""
281,"""<|en|> Honestly, The key is to make your journaling <|id|> jadi sesuatu yang kamu <|en|> look forward to."""
282,"""<|en|> She went on a camping solo <|id|> ke Labuan Bajo minggu lalu."""
283,"""<|en|> The doctor recommended <|id|> istirahat total dan minum <|en|> antibiotics <|id|> setiap hari."""
284,"""<|id|> Omong-omong, Temen aku lagi curhat soal <|en|> trust issue <|id|> sama pasangannya."""
285,"""<|en|> By the way, <|id|> Aku pake <|en|> air fryer <|id|> buat bikin soto ayam tadi, hasilnya lebih konsisten."""
286,"""<|en|> She uses the time blocking <|id|> buat <|en|> manage <|id|> waktu <|en|> WFH<|id|>-nya."""
287,"""<|id|> Kalau dipikir-pikir, Aku mau ikut <|en|> meetup <|id|> komunitas <|en|> calligraphy <|id|> bulan depan."""
288,"""<|en|> I just bought a new smartwatch, <|id|> spesifikasinya bisa buat <|en|> capturing video."""
289,"""<|id|> Tugasnya minta bikin <|en|> research paper <|id|> soal <|en|> economic inequality <|id|> minimal 500 kata."""
290,"""<|en|> The <|id|> nyeri dada sudah berlangsung lebih dari 7 minggu."""
291,"""<|en|> Using MATLAB <|id|> bikin ngerjain <|en|> linear algebra <|id|> jadi jauh lebih cepat."""
292,"""<|id|> Sebenernya <|en|> The drawing tablet <|id|> yang aku pakai buat <|en|> calligraphy <|id|> tuh mahal tapi beneran beda hasilnya."""
293,"""<|id|> Omong-omong, Minggu depan aku mau liburan ke Yogyakarta, udah <|en|> booking hotel <|id|> belum?"""
294,"""<|en|> We're planning a staycation <|id|> keluarga ke Bandung bulan Januari."""
295,"""<|en|> Meeting all-hands <|id|> tadi bahas soal <|en|> product roadmap <|id|> kuartal ini."""
296,"""<|id|> Jujur aja <|en|> The new Middle Eastern restaurant <|id|> di Kemang lagi rame banget di <|en|> social media."""
297,"""<|en|> Have you tried <|id|> fitur <|en|> version control <|id|> di <|en|> Discord <|id|> yang baru?"""
298,"""<|en|> We need to finalize the contract <|id|> sebelum rapat besok."""
299,"""<|id|> Kamu pakai <|en|> Slack <|id|> versi berapa? Yang baru ada fitur <|en|> dark mode."""
300,"""<|id|> Kalau dipikir-pikir, Kamu main <|en|> Dota 2 rank <|id|> berapa sekarang?"""
301,"""<|en|> The presentation <|id|> harus dikirim ke klien sebelum jam 17.00."""
302,"""<|en|> I tend to procrastinate <|id|> lebih sering sejak kerja dari rumah."""
303,"""<|id|> Aku beli jam tangan tadi di <|en|> Zalora, <|id|> lagi ada <|en|> buy 1 get 1."""
304,"""<|id|> Omong-omong, <|en|> We're planning a road trip <|id|> keluarga ke kampung halaman bulan Desember."""
305,"""<|en|> To be honest, Tracking my daily daily routine <|id|> bikin aku lebih <|en|> accountable."""
306,"""<|en|> I missed the bus <|id|> Damri tadi karena terlambat 1 menit kan?"""
307,"""<|en|> I got a 30% discount <|id|> pake <|en|> voucher <|id|> yang dikasih <|en|> Shopee."""
308,"""<|en|> Fun fact: <|id|> Aku lagi cari koper murah buat perjalanan ke Yogyakarta."""
309,"""<|en|> Honestly, The <|id|> KRL tadi <|en|> delayed <|id|> karena ada gangguan teknis."""
310,"""<|en|> Have you tried the ramen <|id|> di PIK? Antriannya panjang banget."""
311,"""<|id|> Sebenernya <|en|> The flight <|id|> ke <|en|> Bangkok <|id|> tadi <|en|> delayed <|id|> 2 jam."""
312,"""<|id|> Omong-omong, Tugasnya minta bikin <|en|> research paper <|id|> soal <|en|> AI ethics <|id|> minimal 1500 kata."""
313,"""<|id|> Kalau dipikir-pikir, <|en|> I've been trying to reduce my energy consumption <|id|> dengan cara belanja lokal."""
314,"""<|id|> Kalau dipikir-pikir, Batas antara <|en|> work <|id|> dan <|en|> personal time <|id|> jadi buram kalau kerja dari rumah."""
315,"""<|id|> Omong-omong, Tadi <|en|> meeting client<|id|>-nya molor 3 jam dari jadwal."""
316,"""<|id|> Menurutku sih, Kesadaran soal <|en|> climate change <|id|> harus mulai dari diri sendiri dulu."""
317,"""<|id|> Kalau dipikir-pikir, <|en|> Meeting one-on-one <|id|> tadi bahas soal <|en|> product roadmap <|id|> kuartal ini."""
318,"""<|id|> Omong-omong, <|en|> The rising carbon emission <|id|> udah mulai terasa dampaknya di kota-kota besar."""
319,"""<|id|> Penting banget jaga <|en|> mental health <|id|> di tengah kesibukan kayak gini."""
320,"""<|id|> Restoran <|en|> Indian <|id|> baru yang di Senopati itu enak banget."""
321,"""<|id|> Omong-omong, Tiket Nyepi udah habis semua, harus pesan jauh-jauh hari."""
322,"""<|id|> Omong-omong, Minggu depan aku mau <|en|> staycation <|id|> ke Bali, udah <|en|> booking travel insurance <|id|> belum?"""
323,"""<|en|> Fun fact: <|id|> Kamu pakai <|en|> GitHub <|id|> versi berapa? Yang baru ada fitur <|en|> live collaboration."""
324,"""<|en|> We're planning a staycation <|id|> keluarga ke Lombok bulan Desember."""
325,"""<|id|> Omong-omong, <|en|> I recommend Squid Game <|id|> kalau kamu suka genre <|en|> action."""
326,"""<|id|> Omong-omong, <|en|> The review for this <|id|> jam tangan rata-rata 50 bintang, lumayan bagus."""
327,"""<|id|> Macet pas hari libur Tahun Baru itu udah kayak tradisi tersendiri."""
328,"""<|id|> Menurutku sih, Kemarin aku berhasil <|en|> finish the questline <|id|> di <|en|> Mobile Legends <|id|> setelah 8 jam <|en|> grind."""
329,"""<|en|> My smartphone <|id|> udah di-<|en|>update <|id|> ke <|en|> latest OS <|id|> tapi tetep lemot."""
330,"""<|en|> The doctor recommended <|id|> istirahat total dan minum <|en|> antibiotics <|id|> setiap seminggu sekali."""
331,"""<|id|> Menurutku sih, Minggu depan aku mau <|en|> backpacking <|id|> ke <|en|> Bangkok, <|id|> udah <|en|> booking <|id|> koper belum?"""
332,"""<|id|> Kalau dipikir-pikir, Dokter kasih <|en|> referral <|id|> ke spesialis <|en|> neurologist."""
333,"""<|id|> Aku beli <|en|> laptop <|id|> tadi di <|en|> Shopee, <|id|> lagi ada <|en|> free shipping."""
334,"""<|id|> Kamu pakai <|en|> Trello <|id|> versi berapa? Yang baru ada fitur <|en|> smart search."""
335,"""<|en|> The <|id|> sakit kepala sudah berlangsung lebih dari 2 minggu."""
336,"""<|id|> Nilai <|en|> midterm<|id|>-ku turun, kayaknya karena kurang <|en|> preparation."""
337,"""<|en|> To be honest, <|id|> Konsep <|en|> matrix decomposition <|id|> banyak dipakai di bidang <|en|> data science."""
338,"""<|id|> Jujur aja Aku mau ikut <|en|> bazaar <|id|> komunitas <|en|> calligraphy <|id|> bulan depan."""
339,"""<|en|> I've been pulling <|id|> 4 hari berturut-turut begadang buat <|en|> project <|id|> kelompok."""
340,"""<|id|> Sebenernya <|en|> Have you tried the ramen <|id|> di <|en|> PIK? <|id|> Antriannya panjang banget."""
341,"""<|id|> Menurutku sih, Aku beli jam tangan tadi di <|en|> Tokopedia, <|id|> lagi ada <|en|> free shipping."""
342,"""<|id|> Omong-omong, <|en|> She finally passed her thesis <|id|> setelah 4 kali sidang."""
343,"""<|en|> Honestly, Have you tried the local street food <|id|> di <|en|> Bangkok? <|id|> Enak banget katanya."""
344,"""<|en|> By the way, The review for this <|id|> baju rata-rata 50 bintang, lumayan bagus."""
345,"""<|id|> Sebenernya Macet di Jalan HR Rasuna Said tadi parah banget, sampai 1 jam di jalan."""
346,"""<|en|> Have you tried <|id|> fitur <|en|> AI assistant <|id|> di <|en|> Figma <|id|> yang baru?"""
347,"""<|en|> To be honest, She prepared special <|id|> rendang buat Natal <|en|> celebration."""
348,"""<|id|> Kemarin aku berhasil <|en|> get the achievement <|id|> di <|en|> Minecraft <|id|> setelah 200 jam <|en|> grind."""
349,"""<|en|> To be honest, I started <|id|> baca buku sejak awal tahun dan rasanya <|en|> life-changing."""
350,"""<|id|> Jujur aja <|en|> My Linear <|id|> tiba-tiba <|en|> crash <|id|> pas lagi presentasi, malu banget."""
351,"""<|id|> Dokter bilang aku harus mulai <|en|> meditation <|id|> buat jaga <|en|> heart rate."""
352,"""<|en|> The social pressure <|id|> jadi anak rantau tuh berat, tapi bikin <|en|> independent <|id|> kan?"""
353,"""<|id|> Kalau dipikir-pikir, Minggu depan aku mau liburan ke <|en|> Singapore, <|id|> udah <|en|> booking <|id|> tiket pesawat belum?"""
354,"""<|id|> Lagi <|en|> binge-watching series The Bear <|id|> dari tadi malem."""
355,"""<|en|> By the way, <|id|> Tugasnya minta bikin <|en|> research paper <|id|> soal <|en|> digital literacy <|id|> minimal 500 kata."""
356,"""<|en|> By the way, I've been into pottery <|id|> sejak 5 tahun lalu dan ga pernah bosen."""
357,"""<|id|> Jujur aja Aku beli <|en|> laptop <|id|> tadi di <|en|> Tokopedia, <|id|> lagi ada <|en|> buy 1 get 1."""
358,"""<|id|> Jujur aja <|en|> I recommend Interstellar <|id|> kalau kamu suka genre <|en|> documentary."""
359,"""<|id|> Sebenernya Sunrise di Labuan Bajo kemarin indah banget, <|en|> worth the effort."""
360,"""<|id|> Jujur aja <|en|> The Asana <|id|> ngebantu banget buat <|en|> collaborate <|id|> sama tim yang <|en|> remote."""
361,"""<|en|> To be honest, Understanding central limit theorem <|id|> itu penting banget buat <|en|> data analysis."""
362,"""<|en|> By the way, <|id|> Aku beli sepatu tadi di <|en|> Tokopedia, <|id|> lagi ada <|en|> buy 1 get 1."""
363,"""<|en|> Fun fact: The invoice <|id|> harus dikirim ke klien sebelum jam 10.00."""
364,"""<|id|> Menurutku sih, <|en|> The loneliness <|id|> dari <|en|> WFH <|id|> adalah kurangnya interaksi sosial langsung."""
365,"""<|id|> Sebenernya <|en|> She's dealing with communication gap <|id|> dalam keluarganya yang cukup berat."""
366,"""<|id|> Tolong kirimin <|en|> backup<|id|>-nya lewat <|en|> VS Code <|id|> ya."""
367,"""<|en|> I'll send the proposal <|id|> setelah <|en|> meeting <|id|> selesai ya."""
368,"""<|en|> I prep my outfit <|id|> malem sebelumnya biar pagi ga buru-buru."""
369,"""<|id|> Omong-omong, Udah coba <|en|> Figma <|id|> belum? Katanya <|en|> version control<|id|>-nya keren banget kan?"""
370,"""<|id|> Menurutku sih, Kita perlu bikin <|en|> deck <|id|> buat presentasi ke investor."""
371,"""<|en|> She committed to a 30-day fitness challenge <|id|> selama 21 hari dan hasilnya keren."""
372,"""<|id|> Menurutku sih, Aku mau ikut <|en|> exhibition <|id|> komunitas <|en|> free painting <|id|> bulan depan."""
373,"""<|en|> The Framing Theory <|id|> jadi landasan teori utama di skripsi aku."""
374,"""<|en|> By the way, <|id|> Dokter bilang aku harus mulai <|en|> strength training <|id|> buat jaga <|en|> blood pressure."""
375,"""<|id|> Menurutku sih, <|en|> She went on a snorkeling solo <|id|> ke Bromo minggu lalu."""
376,"""<|en|> By the way, <|id|> Folder <|en|> Documents <|id|> nya kemana ya? Kok ga ketemu di <|en|> Notion."""
377,"""<|id|> Kalau dipikir-pikir, Aku beli tas tadi di <|en|> Tiktok Shop, <|id|> lagi ada <|en|> flash sale."""
378,"""<|id|> Kalau dipikir-pikir, Dokter bilang aku harus mulai <|en|> cardio <|id|> buat jaga <|en|> BMI."""
379,"""<|en|> By the way, She finally learned to say no <|id|> tanpa merasa <|en|> guilty."""
380,"""<|id|> Gratis ongkir kalau belanja di atas 50 ribu di <|en|> Lazada <|id|> kan?"""
381,"""<|en|> By the way, <|id|> Kita harus lebih fokus ke <|en|> email marketing <|id|> buat <|en|> marketing <|id|> nya."""
382,"""<|id|> Jujur aja <|en|> I'm taking 7 days off <|id|> pas Idul Adha nanti."""
383,"""<|en|> The chef uses fresh spices <|id|> yang didapet langsung dari <|en|> local farm."""
384,"""<|en|> Honestly, <|id|> Kamu masuk divisi acara atau publikasi di UKM fotografi?"""
385,"""<|en|> To be honest, <|id|> I've been trying to reduce my energy consumption <|id|> dengan cara naik transportasi umum."""
386,"""<|id|> Kamu masuk divisi media atau <|en|> sponsorship <|id|> di <|en|> coding community?"""
387,"""<|en|> I've been trying to reduce my carbon footprint <|id|> dengan cara belanja lokal."""
388,"""<|en|> Honestly, <|id|> Nilai UTS ku turun, kayaknya karena kurang <|en|> preparation."""
389,"""<|id|> Sebenernya Aku beli <|en|> headphone <|id|> tadi di <|en|> Shopee, <|id|> lagi ada <|en|> free shipping."""
390,"""<|id|> Sebenernya <|en|> The portfolio value <|id|> bulan ini lumayan bagus, naik 10 persen dari bulan lalu."""
391,"""<|id|> Orang tua aku masih belum paham soal <|en|> work-life balance <|id|> yang aku jelasin."""
392,"""<|id|> Jujur aja Kamu pakai <|en|> Linear <|id|> versi berapa? Yang baru ada fitur <|en|> live collaboration."""
393,"""<|id|> Folder <|en|> Downloads <|id|> nya kemana ya? Kok ga ketemu di <|en|> Discord."""
394,"""<|id|> Udah coba <|en|> Canva <|id|> belum? Katanya <|en|> offline mode <|id|> nya keren banget."""
395,"""<|en|> To be honest, I missed the <|id|> TransJakarta tadi karena terlambat 15 menit."""
396,"""<|id|> Omong-omong, <|en|> I've been pulling <|id|> 5 hari berturut-turut begadang buat ujian akhir."""
397,"""<|en|> The flight <|id|> ke Yogyakarta tadi <|en|> delayed <|id|> 1 jam."""
398,"""<|en|> Fun fact: <|id|> Have you tried fitur <|en|> dark mode <|id|> di <|en|> Discord <|id|> yang baru?"""
399,"""<|id|> Koneksi <|en|> 5G <|id|> di sini parah banget, nge-<|en|>reset <|id|> aja susah."""
400,"""<|en|> Honestly, <|id|> Kemarin aku beli <|en|> laptop <|id|> baru, <|en|> display <|id|> nya gila sih."""
401,"""<|id|> Menurutku sih, <|en|> She prepared special <|id|> rendang buat Lebaran <|en|> celebration."""
402,"""<|id|> Kalau dipikir-pikir, Tugasnya minta bikin <|en|> reflection paper <|id|> soal <|en|> biodiversity <|id|> minimal 500 kata."""
403,"""<|id|> Kamu pakai <|en|> Discord <|id|> versi berapa? Yang baru ada fitur <|en|> AI assistant."""
404,"""<|id|> Omong-omong, Gunung Papandayan itu masuk list <|en|> bucket list <|id|> aku sejak lama."""
405,"""<|id|> Presentasi <|en|> project proposal <|id|> kita jadwalnya <|en|> next week <|id|> kan?"""
406,"""<|id|> Aku beli jam tangan tadi di <|en|> Shopee, <|id|> lagi ada <|en|> buy 1 get 1."""
407,"""<|en|> Honestly, <|id|> Tugasnya minta bikin <|en|> research paper <|id|> soal <|en|> climate change <|id|> minimal 1500 kata."""
408,"""<|en|> By the way, Her journaling <|id|> tiap pagi bikin dia jauh lebih produktif."""
409,"""<|id|> Jujur aja Tugasnya minta bikin <|en|> critical essay <|id|> soal <|en|> economic inequality <|id|> minimal 2000 kata."""
410,"""<|en|> By the way, <|id|> Macet di Gatot Subroto tadi parah banget, sampai 1 jam di jalan."""
411,"""<|id|> Menurutku sih, <|en|> She's been experimenting with Mediterranean <|id|> masakan sejak punya <|en|> air fryer."""
412,"""<|id|> Omong-omong, <|en|> The Sociology professor <|id|> kasih <|en|> assignment <|id|> yang susah banget."""
413,"""<|en|> I'm taking 5 days off <|id|> pas <|en|> long weekend <|id|> nanti kan?"""
414,"""<|en|> Honestly, smartwatch <|id|> ku nge-<|en|>lag <|id|> terus, kayaknya harus di-<|en|>update <|id|> deh."""
415,"""<|en|> To be honest, <|id|> I've been into <|en|> calligraphy <|id|> sejak 5 tahun lalu dan ga pernah bosen."""
416,"""<|id|> Kamu main <|en|> Mobile Legends rank <|id|> berapa sekarang?"""
417,"""<|id|> Baterai <|en|> earbuds <|id|> ku cepet banget abis, perlu di-<|en|>charge <|id|> mulu kan?"""
418,"""<|en|> Honestly, She's been experimenting with Middle Eastern <|id|> masakan sejak punya <|en|> air fryer."""
419,"""<|id|> Jujur aja <|en|> The review for this <|id|> baju rata-rata 200 bintang, lumayan bagus."""
420,"""<|id|> Minggu depan aku mau <|en|> staycation <|id|> ke <|en|> Lombok, <|id|> udah <|en|> booking travel insurance <|id|> belum?"""
421,"""<|id|> Omong-omong, Kemarin aku beli <|en|> smartwatch <|id|> baru, <|en|> RAM <|id|> nya gila sih."""
422,"""<|en|> The research methodology <|id|> yang dipake itu <|en|> qualitative <|id|> atau <|en|> quantitative?"""
423,"""<|en|> The churn rate <|id|> kita bulan ini naik 10 persen dari <|en|> last quarter."""
424,"""<|en|> I started investing in <|id|> obligasi sejak gajian pertama."""
425,"""<|id|> Omong-omong, <|en|> Have you tried <|id|> fitur <|en|> auto-sync <|id|> di <|en|> Figma <|id|> yang baru?"""
426,"""<|id|> Minggu depan aku mau <|en|> backpacking <|id|> ke <|en|> Lombok, <|id|> udah <|en|> booking <|id|> tiket pesawat belum?"""
427,"""<|en|> She went on a bird watching solo <|id|> ke Labuan Bajo minggu lalu."""
428,"""<|en|> The new album from Coldplay <|id|> udah aku dengerin dari pagi tadi."""
429,"""<|id|> Dokter kasih <|en|> referral <|id|> ke spesialis <|en|> dermatologist."""
430,"""<|en|> Fun fact: <|id|> Kemarin aku berhasil <|en|> win the tournament <|id|> di <|en|> Valorant <|id|> setelah 200 jam <|en|> grind."""
431,"""<|id|> Omong-omong, <|en|> My morning workout routine <|id|> membantu aku lebih siap menjalani hari."""
432,"""<|id|> Omong-omong, Gue lagi belajar <|en|> Rust <|id|> buat bikin <|en|> side project <|id|> kan?"""
433,"""<|en|> The return <|id|> bulan ini lumayan bagus, naik 100 persen dari bulan lalu."""
434,"""<|id|> Menurutku sih, <|en|> A good mental health day <|id|> bisa jadi <|en|> reset button <|id|> yang efektif buat otak kita."""
435,"""<|id|> Kalau dipikir-pikir, <|en|> Have you tried the bibimbap <|id|> di Kemang? Antriannya panjang banget."""
436,"""<|en|> Have you tried <|id|> fitur <|en|> offline mode <|id|> di <|en|> Discord <|id|> yang baru?"""
437,"""<|en|> By the way, I use inDrive <|id|> tiap hari buat pesan ojek."""
438,"""<|id|> Kemarin aku berhasil <|en|> win the tournament <|id|> di <|en|> Dota 2 <|id|> setelah 3 jam <|en|> grind."""
439,"""<|en|> My <|id|> jam tangan udah rusak, perlu beli yang baru sebelum wisuda."""
440,"""<|en|> My Zoom <|id|> tiba-tiba <|en|> crash <|id|> pas lagi presentasi, malu banget."""
441,"""<|id|> Dokter bilang aku harus mulai <|en|> walking 10k steps <|id|> buat jaga <|en|> BMI."""
442,"""<|id|> Omong-omong, Minggu depan aku mau liburan ke <|en|> Singapore, <|id|> udah <|en|> booking <|id|> koper belum?"""
443,"""<|en|> The new MRT <|id|> di Jakarta lumayan ngurangin kemacetan kan?"""
444,"""<|en|> By the way, I got a 10% discount <|id|> pake <|en|> voucher <|id|> yang dikasih <|en|> Shopee."""
445,"""<|id|> Sebenernya Ikut <|en|> Skillshare online <|id|> buat ningkatin <|en|> skill public speaking <|id|> aku."""
446,"""<|id|> Omong-omong, Udah coba <|en|> Trello <|id|> belum? Katanya <|en|> smart search <|id|> nya keren banget."""
447,"""<|id|> Omong-omong, <|en|> The monitor <|id|> udah di-<|en|>update <|id|> ke <|en|> the latest build <|id|> tapi tetep lemot."""
448,"""<|en|> Honestly, I just bought a new earbuds, <|id|> spesifikasinya lumayan buat <|en|> multitasking."""
449,"""<|id|> Aku <|en|> prefer <|id|> ngerjain soal <|en|> discrete math <|id|> manual dulu sebelum pake kalkulator."""
450,"""<|id|> Menurutku sih, Minggu depan aku mau <|en|> trip <|id|> ke <|en|> Bali, <|id|> udah <|en|> booking sim card <|id|> belum?"""
451,"""<|en|> The commute <|id|> ke kantor memakan waktu 15 jam setiap harinya."""
452,"""<|en|> Fun fact: <|id|> Kolega aku dapat <|en|> promotion <|id|> ke posisi <|en|> team lead <|id|> bulan ini."""
453,"""<|id|> Perubahan iklim bikin pola <|en|> weather <|id|> makin susah diprediksi."""
454,"""<|id|> Kalau dipikir-pikir, Tolong kirimin <|en|> screenshot <|id|> nya lewat <|en|> Linear <|id|> ya."""
455,"""<|id|> Aku beli <|en|> cooking oil <|id|> tadi di <|en|> Shopee, <|id|> lagi ada <|en|> buy 1 get 1."""
456,"""<|id|> Tugasnya minta bikin <|en|> reflection paper <|id|> soal <|en|> biodiversity <|id|> minimal 1500 kata."""
457,"""<|id|> Kalau dipikir-pikir, Aku mau ikut <|en|> bazaar <|id|> komunitas <|en|> calligraphy <|id|> bulan depan."""
458,"""<|id|> Sebenernya Obat antihistamin ini harus diminum 3 kali sehari setelah makan."""
459,"""<|id|> Sebenernya <|en|> She's been really active in the <|id|> UKM fotografi sejak semester satu."""
460,"""<|id|> Gue lagi belajar <|en|> TypeScript <|id|> buat bikin <|en|> side project."""
461,"""<|id|> Kamu punya rekomendasi <|en|> Italian <|id|> yang <|en|> authentic <|id|> di Jakarta?"""
462,"""<|en|> By the way, The revenue <|id|> sangat penting buat ngukur keberhasilan <|en|> campaign <|id|> kita."""
463,"""<|en|> Fun fact: She committed to a journaling challenge <|id|> selama 3 hari dan hasilnya keren."""
464,"""<|en|> By the way, <|id|> Aku lagi belajar deposito buat <|en|> passive income."""
465,"""<|en|> The <|id|> alat lukis yang aku pakai buat <|en|> cooking <|id|> tuh mahal tapi beneran beda hasilnya."""
466,"""<|id|> Aku pasang alarm 21 menit lebih awal buat ga terburu-buru."""
467,"""<|en|> Honestly, The hackathon <|id|> kemarin seru banget, sayang kamu ga dateng."""
468,"""<|id|> Menurutku sih, Aku lagi cari <|en|> sim card <|id|> murah buat perjalanan ke <|en|> New York."""
469,"""<|id|> Jujur aja <|en|> I've been pulling <|id|> 21 hari berturut-turut begadang buat laporan PKL."""
470,"""<|en|> Honestly, <|id|> Kolega aku dapat <|en|> promotion <|id|> ke posisi <|en|> manager <|id|> bulan ini."""
471,"""<|id|> Nilai UTS ku turun, kayaknya karena kurang <|en|> practice."""
472,"""<|id|> Minggu depan aku mau <|en|> staycation <|id|> ke <|en|> Lombok, <|id|> udah <|en|> booking <|id|> koper belum?"""
473,"""<|en|> To be honest, The pottery scene <|id|> di Indonesia udah berkembang pesat belakangan ini."""
474,"""<|id|> Kalau dipikir-pikir, Aku beli <|en|> laptop <|id|> tadi di <|en|> Lazada, <|id|> lagi ada <|en|> cashback."""
475,"""<|en|> To be honest, <|id|> Udah coba <|en|> Trello <|id|> belum? Katanya <|en|> live collaboration<|id|>-nya keren banget."""
476,"""<|id|> Obat antasida ini harus diminum 3 kali sehari setelah makan."""
477,"""<|en|> I've been into gardening <|id|> sejak 2 tahun lalu dan ga pernah bosen."""
478,"""<|id|> Sebenernya Udah coba <|en|> Slack <|id|> belum? Katanya <|en|> auto-sync<|id|>-nya keren banget."""
479,"""<|id|> Omong-omong, <|en|> The <|id|> daging sapi di supermarket tadi lagi <|en|> on sale <|id|> 50 persen."""
480,"""<|id|> Omong-omong, Minggu depan aku mau <|en|> backpacking <|id|> ke <|en|> Amsterdam, <|id|> udah <|en|> booking <|id|> koper belum?"""
481,"""<|en|> Fun fact: <|id|> Tadi ada festival kampus di kampus, lumayan banyak yang ikut."""
482,"""<|en|> My fatigue <|id|> kambuh lagi, kayaknya gara-gara kurang <|en|> hydration."""
483,"""<|id|> Kalau dipikir-pikir, Aku disarankan untuk <|en|> bed rest <|id|> selama 5 hari."""
484,"""<|en|> I block 3 hours <|id|> buat <|en|> deep work <|id|> tanpa gangguan tiap harinya."""
485,"""<|id|> Menurutku sih, <|en|> Learning painting <|id|> butuh waktu tapi prosesnya menyenangkan banget."""
486,"""<|id|> Kemarin aku berhasil <|en|> get the achievement <|id|> di <|en|> Valorant <|id|> setelah 200 jam <|en|> grind."""
487,"""<|en|> Fun fact: My Linear <|id|> tiba-tiba <|en|> crash <|id|> pas lagi presentasi, malu banget."""
488,"""<|id|> Sebenernya Aku <|en|> batch <|id|> semua <|en|> meeting <|id|> di hari Selasa dan Rabu aja."""
489,"""<|en|> The seasonal event <|id|> di <|en|> Minecraft <|id|> kasih <|en|> reward <|id|> yang bagus banget kan?"""
490,"""<|id|> Omong-omong, <|en|> I've been pulling <|id|> 20 hari berturut-turut begadang buat laporan PKL."""
491,"""<|id|> Kalau dipikir-pikir, Konten <|en|> gardening <|id|> aku di sosmed lumayan dapat <|en|> engagement."""
492,"""<|en|> Honestly, <|id|> Konten <|en|> sketching <|id|> aku di sosmed lumayan dapat <|en|> engagement."""
493,"""<|en|> Honestly, I scheduled a check-up <|id|> untuk cek kondisi kulit."""
494,"""<|id|> Kalau dipikir-pikir, Minggu depan aku mau <|en|> staycation <|id|> ke Yogyakarta, udah <|en|> booking hotel <|id|> belum?"""
495,"""<|id|> Kalau dipikir-pikir, <|en|> The <|id|> lomba debat kemarin seru banget, sayang kamu ga dateng."""
496,"""<|en|> Fun fact: There's a seminar <|id|> besok jam 15.30, ikut ga?"""
497,"""<|id|> Sebenernya <|en|> The biodiversity in <|id|> kawasan konservasi itu sangat kaya dan harus dilestarikan."""
498,"""<|id|> Jujur aja Aku mau ikut <|en|> competition <|id|> di komunitas <|en|> sculpture art <|id|> bulan depan."""
499,"""<|en|> Honestly, I need to strengthen my literature review <|id|> sebelum sidang."""
500,"""<|id|> Sebenernya <|en|> The gala dinner <|id|> kemarin seru banget, sayang kamu ga dateng."""
501,"""<|en|> I recommend Everything Everywhere <|id|> kalau kamu suka genre <|en|> action."""
502,"""<|en|> The <|id|> biopsi memakan waktu sekitar 5 jam."""
503,"""<|en|> She handles the reporting <|id|> dengan sangat <|en|> efficient."""
504,"""<|id|> Tugasnya minta bikin <|en|> case study <|id|> soal <|en|> AI ethics <|id|> minimal 1500 kata."""
505,"""<|en|> By the way, <|id|> Mending beli baju ori atau KW ya?"""
506,"""<|id|> Omong-omong, <|en|> My desk setup <|id|> di rumah jauh lebih <|en|> comfortable <|id|> daripada di kantor."""
507,"""<|en|> By the way, I tend to procrastinate <|id|> lebih sering sejak kerja dari rumah."""
508,"""<|id|> Acara seminar mahasiswa baru gimana, sukses?"""
509,"""<|id|> Omong-omong, <|en|> Have you tried <|id|> fitur <|en|> AI assistant <|id|> di <|en|> Notion <|id|> yang baru kan?"""
510,"""<|en|> Honestly, The new Ranch Market <|id|> di dekat sini lengkap banget produk <|en|> imported<|id|>-nya."""
511,"""<|en|> To be honest, <|id|> Minggu depan aku mau <|en|> backpacking <|id|> ke <|en|> Bangkok, <|id|> udah <|en|> booking <|id|> tiket pesawat belum?"""
512,"""<|id|> Omong-omong, <|en|> She was diagnosed with <|id|> penyakit diabetes yang butuh penanganan segera."""
513,"""<|id|> Jujur aja Minggu depan aku mau liburan ke <|en|> Paris, <|id|> udah <|en|> booking travel insurance <|id|> belum?"""
514,"""<|id|> Kalau dipikir-pikir, <|en|> The new Grand Lucky <|id|> di dekat sini lengkap banget produk <|en|> imported<|id|>-nya."""
515,"""<|en|> By the way, <|id|> Minggu depan aku mau liburan ke <|en|> Singapore, <|id|> udah <|en|> booking travel insurance <|id|> belum?"""
516,"""<|en|> To be honest, Have you tried the local street food <|id|> di <|en|> Singapore? <|id|> Enak banget katanya."""
517,"""<|en|> To be honest, I spent 2 hours <|id|> ngerjain soal <|en|> linear algebra <|id|> tapi masih salah juga."""
518,"""<|en|> To be honest, <|id|> Folder <|en|> Downloads<|id|>-nya kemana ya? Kok ga ketemu di <|en|> Slack."""
519,"""<|en|> Honestly, <|id|> Penyakit <|en|> thyroid disorder <|id|> ini umum banget terjadi kalau pola makan ga dijaga."""
520,"""<|en|> By the way, <|id|> Tolong kirimin <|en|> screenshot<|id|>-nya lewat <|en|> Zoom <|id|> ya."""
521,"""<|en|> To be honest, The review for this <|id|> kamera rata-rata 100 bintang, lumayan bagus."""
522,"""<|en|> She's passionate about plastic-free movement <|id|> dan aktif kampanye di media sosial."""
523,"""<|id|> Aku beli <|en|> headphone <|id|> tadi di <|en|> Lazada, <|id|> lagi ada <|en|> free shipping <|id|> kan?"""
524,"""<|id|> Aku beli kamera tadi di <|en|> Tiktok Shop, <|id|> lagi ada <|en|> cashback."""
525,"""<|en|> Meeting weekly sync <|id|> tadi bahas soal <|en|> market expansion <|id|> kuartal ini."""
526,"""<|id|> Kalau dipikir-pikir, <|en|> The resort review<|id|>-nya bagus, tapi agak <|en|> pricey <|id|> buat <|en|> budget <|id|> aku."""
527,"""<|id|> Tugasnya minta bikin <|en|> critical essay <|id|> soal <|en|> AI ethics <|id|> minimal 1000 kata."""
528,"""<|en|> The <|id|> endoskopi memakan waktu sekitar 5 jam."""
529,"""<|id|> Kalau dipikir-pikir, Tugasnya minta bikin <|en|> reflection paper <|id|> soal <|en|> digital literacy <|id|> minimal 1500 kata."""
530,"""<|id|> Sebenernya Koneksi <|en|> hotspot <|id|> di sini parah banget, nge-<|en|>reformat <|id|> aja susah."""
531,"""<|en|> By the way, <|id|> Aku beli <|en|> skincare <|id|> tadi di <|en|> Zalora, <|id|> lagi ada <|en|> double discount."""
532,"""<|id|> Omong-omong, Minggu depan aku mau <|en|> backpacking <|id|> ke Yogyakarta, udah <|en|> booking hotel <|id|> belum?"""
533,"""<|id|> Sebenernya Kamu masuk divisi kreatif atau <|en|> sponsorship <|id|> di UKM fotografi?"""
534,"""<|en|> By the way, <|id|> Minggu depan aku mau <|en|> backpacking <|id|> ke <|en|> Singapore, <|id|> udah <|en|> booking travel insurance <|id|> belum?"""
535,"""<|id|> Omong-omong, Udah coba <|en|> Slack <|id|> belum? Katanya <|en|> auto-sync <|id|> nya keren banget kan?"""
536,"""<|en|> Have you tried the sushi <|id|> di Blok M? Antriannya panjang banget."""
537,"""<|id|> Kamu udah lihat <|en|> payday sale <|id|> di <|en|> Lazada <|id|> belum? Banyak yang murah banget kan?"""
538,"""<|id|> Menurutku sih, Stok beras organik di rumah udah habis, harus beli hari ini."""
539,"""<|en|> The Obsidian <|id|> ngebantu banget buat <|en|> manage task <|id|> harian aku."""
540,"""<|id|> Sebenernya <|en|> Metode content analysis <|id|> yang aku pake buat <|en|> data collection."""
541,"""<|id|> Menurutku sih, Macet di tol dalam kota tadi parah banget, sampai 3 jam di jalan."""
542,"""<|id|> Jujur aja Organisasi <|en|> debating club <|id|> lagi buka <|en|> volunteer <|id|> baru, kamu mau daftar?"""
543,"""<|en|> Flash sale Zalora <|id|> jam 12.00 malem ini jangan sampe ketinggalan."""
544,"""<|id|> Jujur aja <|en|> My <|id|> sepatu udah rusak, perlu beli yang baru sebelum wisuda."""
545,"""<|id|> Kita mau bikin <|en|> seminar <|id|> kolaborasi sama kampus lain."""
546,"""<|id|> Tolong kirimin <|en|> PDF <|id|> nya lewat <|en|> GitHub <|id|> ya."""
547,"""<|id|> Minggu depan aku mau <|en|> trip <|id|> ke Yogyakarta, udah <|en|> booking sim card <|id|> belum?"""
548,"""<|en|> Using GeoGebra <|id|> bikin ngerjain <|en|> discrete math <|id|> jadi jauh lebih cepat."""
549,"""<|en|> I've been doing yoga <|id|> rutin tiap pagi, badan jadi lebih <|en|> energized <|id|> kan?"""
550,"""<|id|> Sebenernya <|en|> The <|id|> mual sudah berlangsung lebih dari 2 minggu."""
551,"""<|id|> Bab 15 skripsi aku masih berantakan, <|en|> outline <|id|> nya belum <|en|> clear."""
552,"""<|id|> Sebenernya Aku beli tas tadi di <|en|> Tiktok Shop, <|id|> lagi ada <|en|> buy 1 get 1."""
553,"""<|id|> Pemandangan di Labuan Bajo itu <|en|> breathtaking <|id|> banget."""
554,"""<|id|> Jujur aja Konten <|en|> sketching <|id|> aku di sosmed lumayan dapat <|en|> engagement."""
555,"""<|id|> Sebenernya <|en|> I use Grab <|id|> tiap hari buat pesan ojek."""
556,"""<|en|> By the way, My parents still don't understand my freelancer <|id|> itu pilihan aku, sering jadi perdebatan."""
557,"""<|id|> Aku beli kamera tadi di <|en|> Tiktok Shop, <|id|> lagi ada <|en|> flash sale."""
558,"""<|en|> Fun fact: I've been pulling <|id|> 21 hari berturut-turut begadang buat skripsi."""
559,"""<|id|> Menurutku sih, <|en|> Jakarta's nightlife <|id|> di Kalibata itu keren, banyak pilihan <|en|> entertainment."""
560,"""<|id|> Kalau dipikir-pikir, Nilai UTS ku turun, kayaknya karena kurang <|en|> practice."""
561,"""<|id|> Minggu depan aku mau <|en|> backpacking <|id|> ke Yogyakarta, udah <|en|> booking sim card <|id|> belum?"""
562,"""<|en|> Fun fact: <|id|> Kamu masuk divisi kreatif atau dokumentasi di BEM?"""
563,"""<|en|> Fun fact: My calligraphy <|id|> udah berkembang jadi bisnis <|en|> side hustle <|id|> yang lumayan."""
564,"""<|en|> Fun fact: Have you tried the ramen <|id|> di Senopati? Antriannya panjang banget."""
565,"""<|id|> Atasan minta semua tim bikin <|en|> weekly update <|id|> mingguan setiap Jumat."""
566,"""<|en|> Honestly, Meeting quarterly <|id|> tadi bahas soal <|en|> product roadmap <|id|> kuartal ini."""
567,"""<|id|> Jujur aja <|en|> She committed to a reading challenge <|id|> selama 30 hari dan hasilnya keren."""
568,"""<|id|> Omong-omong, Aku lagi baca buku <|en|> Man's Search for Meaning <|id|> yang isinya soal <|en|> purpose."""
569,"""<|id|> Sebenernya Minggu depan aku mau liburan ke <|en|> Seoul, <|id|> udah <|en|> booking hotel <|id|> belum?"""
570,"""<|en|> I spent 5 hours <|id|> ngerjain soal <|en|> differential equations <|id|> tapi masih salah juga."""
571,"""<|en|> By the way, <|id|> Orang tua aku masih belum paham soal <|en|> digital privacy <|id|> yang aku jelasin."""
572,"""<|id|> Jujur aja <|en|> The LTV <|id|> kita bulan ini naik 5 persen dari <|en|> last quarter."""
573,"""<|id|> Omong-omong, Kamu udah lihat <|en|> year-end sale <|id|> di Tokopedia belum? Banyak yang murah banget."""
574,"""<|en|> Honestly, <|id|> Kemarin aku berhasil <|en|> finish the questline <|id|> di <|en|> Genshin Impact <|id|> setelah 5 jam <|en|> grind."""
575,"""<|en|> By the way, <|id|> Folder <|en|> Downloads <|id|> nya kemana ya? Kok ga ketemu di <|en|> Notion."""
576,"""<|id|> Omong-omong, <|en|> The database <|id|> riset di perpustakaan udah bisa diakses secara online."""
577,"""<|id|> Jujur aja Aku beli baju tadi di <|en|> Shopee, <|id|> lagi ada <|en|> buy 1 get 1."""
578,"""<|en|> Fun fact: <|id|> Pemandangan di Wakatobi itu <|en|> breathtaking <|id|> banget."""
579,"""<|id|> Sebenernya <|en|> My BMI <|id|> kata dokter agak tinggi, harus kurangin gula."""
580,"""<|id|> Learning <|en|> cycling <|id|> butuh waktu tapi prosesnya menyenangkan banget."""
581,"""<|id|> Omong-omong, Obat paracetamol ini harus diminum sekali sehari setelah makan."""
582,"""<|id|> Jam <|en|> peak hours <|id|> di kantor itu biasanya antara jam 17.00 sampai 15.00."""
583,"""<|id|> Omong-omong, <|en|> The LTV <|id|> kita bulan ini naik 5 persen dari <|en|> last quarter."""
584,"""<|en|> By the way, My gardening <|id|> udah berkembang jadi bisnis <|en|> side hustle <|id|> yang lumayan."""
585,"""<|id|> Brand awareness kita masih rendah, perlu bikin strategi <|en|> content <|id|> yang lebih kuat."""
586,"""<|en|> My <|id|> jam tangan udah rusak, perlu beli yang baru sebelum ulang tahun kan?"""
587,"""<|id|> Jujur aja <|en|> Understanding matrix decomposition <|id|> itu penting banget buat <|en|> data analysis."""
588,"""<|id|> Aku beli kamera tadi di <|en|> Shopee, <|id|> lagi ada <|en|> buy 1 get 1."""
589,"""<|id|> Kemarin aku berhasil <|en|> solo rank <|id|> di <|en|> Free Fire <|id|> setelah 200 jam <|en|> grind."""
590,"""<|en|> I recommend Wednesday <|id|> kalau kamu suka genre <|en|> horror <|id|> kan?"""
591,"""<|id|> Kalau dipikir-pikir, Aku <|en|> value <|id|> konsistensi paling tinggi dalam suatu pertemanan."""
592,"""<|en|> To be honest, The <|id|> seminar kemarin seru banget, sayang kamu ga dateng."""
593,"""<|en|> Have you tried the hummus <|id|> di Senopati? Antriannya panjang banget <|id|> kan?"""
594,"""<|id|> Sebenernya <|en|> The flight <|id|> ke <|en|> Lombok <|id|> tadi <|en|> delayed <|id|> 1 jam."""
595,"""<|en|> Flash sale Shopee <|id|> jam 12.00 malem ini jangan sampe ketinggalan."""
596,"""<|en|> The doctor recommended <|id|> istirahat total dan minum <|en|> probiotics <|id|> setiap seminggu sekali."""
597,"""<|id|> Sebenernya Gue lagi belajar <|en|> Swift <|id|> buat bikin <|en|> side project."""
598,"""<|en|> To be honest, <|id|> Obat antibiotik ini harus diminum 2 kali sehari setelah makan."""
599,"""<|id|> Kamu masuk divisi acara atau dokumentasi di BEM?"""
600,"""<|en|> She prepared special <|id|> rendang buat Nyepi <|en|> celebration."""
601,"""<|id|> Presentasi <|en|> assignment <|id|> kita jadwalnya <|en|> next week <|id|> kan?"""
602,"""<|id|> Sebenernya Minggu depan aku mau liburan ke <|en|> Amsterdam, <|id|> udah <|en|> booking <|id|> tiket pesawat belum?"""
603,"""<|en|> To be honest, <|id|> Kemarin aku berhasil <|en|> solo rank <|id|> di <|en|> Dota 2 <|id|> setelah 8 jam <|en|> grind."""
604,"""<|id|> Udah nonton <|en|> Interstellar <|id|> belum? Bagus banget <|en|> plot <|id|> nya."""
605,"""<|en|> She finally learned to accept imperfection <|id|> tanpa merasa <|en|> guilty."""
606,"""<|id|> Omong-omong, <|en|> She uses the Pomodoro technique <|id|> buat <|en|> manage <|id|> waktu <|en|> WFH <|id|> nya."""
607,"""<|id|> Belanja <|en|> online groceries <|id|> lebih hemat waktu tapi kadang kualitasnya ga konsisten."""
608,"""<|en|> To be honest, I scheduled a specialist consultation <|id|> untuk cek kondisi tiroid."""
609,"""<|en|> To be honest, <|id|> Kemarin aku berhasil <|en|> win the tournament <|id|> di <|en|> Valorant <|id|> setelah 8 jam <|en|> grind."""
610,"""<|id|> Obat antibiotik ini harus diminum 3 kali sehari setelah makan kan?"""
611,"""<|en|> By the way, Tim kita kena early game wipe <|id|> karena <|en|> bad communication <|id|> mulu."""
612,"""<|id|> Sebenernya Macet pas hari libur Nyepi itu udah kayak tradisi tersendiri."""
613,"""<|en|> The webinar <|id|> kemarin seru banget, sayang kamu ga dateng."""
614,"""<|en|> I recommend Everything Everywhere <|id|> kalau kamu suka genre <|en|> sci-fi <|id|> kan?"""
615,"""<|id|> Omong-omong, Tempat makan ini <|en|> instagrammable <|id|> banget, cocok buat konten."""
616,"""<|id|> Kalau dipikir-pikir, <|en|> Flash sale Lazada <|id|> jam 12.00 malem ini jangan sampe ketinggalan."""
617,"""<|id|> Mending pake <|en|> Google Maps <|id|> buat cari <|en|> itinerary <|id|> yang udah jadi kan?"""
618,"""<|id|> Omong-omong, Dokter bilang aku harus mulai <|en|> strength training <|id|> buat jaga <|en|> BMI."""
619,"""<|id|> Aku beli kamera tadi di <|en|> Zalora, <|id|> lagi ada <|en|> double discount."""
620,"""<|en|> By the way, The <|id|> lomba debat kemarin seru banget, sayang kamu ga dateng."""
621,"""<|id|> Aku lagi nyoba rutin meditasi setiap hari, rasanya <|en|> calming <|id|> kan?"""
622,"""<|id|> Kalau dipikir-pikir, <|en|> smartwatch <|id|> ku nge-<|en|>lag <|id|> terus, kayaknya harus di-<|en|>update <|id|> deh."""
623,"""<|en|> By the way, <|id|> Kamu masuk divisi kreatif atau <|en|> sponsorship <|id|> di <|en|> coding community?"""
624,"""<|en|> The <|id|> Nyepi <|en|> gathering <|id|> tahun ini bakal lebih ramai dari biasanya."""
625,"""<|id|> Udah coba <|en|> Figma <|id|> belum? Katanya <|en|> offline mode <|id|> nya keren banget."""
626,"""<|id|> Menurutku sih, <|en|> The <|id|> mual sudah berlangsung lebih dari 2 minggu."""
627,"""<|id|> Kamu pakai <|en|> Notion <|id|> versi berapa? Yang baru ada fitur <|en|> smart search."""
628,"""<|id|> Tugasnya minta bikin <|en|> critical essay <|id|> soal <|en|> climate change <|id|> minimal 500 kata."""
629,"""<|en|> Honestly, <|id|> Nilai <|en|> midterm <|id|> ku turun, kayaknya karena kurang <|en|> practice."""
630,"""<|id|> Jujur aja Kamu pakai <|en|> Linear <|id|> versi berapa? Yang baru ada fitur <|en|> smart search."""
631,"""<|en|> By the way, <|id|> Aku pake <|en|> air fryer <|id|> buat bikin pasta <|en|> aglio olio <|id|> tadi, hasilnya lebih konsisten."""
632,"""<|id|> Menurutku sih, Program <|en|> zero waste <|id|> di kampus kita berhasil kurangi sampah 20 persen."""
633,"""<|id|> Sebenernya monitor ku nge-<|en|>lag <|id|> terus, kayaknya harus di-<|en|>reformat <|id|> deh."""
634,"""<|id|> Atasan minta semua tim bikin <|en|> weekly update <|id|> mingguan setiap Senin."""
635,"""<|en|> The price for this <|id|> jam tangan naik 50 persen dari minggu lalu."""
636,"""<|id|> Omong-omong, <|en|> We're planning a family trip <|id|> keluarga ke <|en|> Paris <|id|> bulan Desember."""
637,"""<|id|> Menurutku sih, Aku lagi cari tiket pesawat murah buat perjalanan ke <|en|> Amsterdam."""
638,"""<|id|> Sebenernya Aku beli baju tadi di <|en|> Shopee, <|id|> lagi ada <|en|> buy 1 get 1."""
639,"""<|en|> The recipe <|id|> ini gampang banget diikuti bahkan buat pemula."""
640,"""<|id|> Jam <|en|> peak hours <|id|> di kantor itu biasanya antara jam 09.00 sampai 17.00."""
641,"""<|en|> To be honest, <|id|> Kemarin aku berhasil <|en|> finish the questline <|id|> di <|en|> Mobile Legends <|id|> setelah 8 jam <|en|> grind."""
642,"""<|en|> To be honest, The performance <|id|> dia di panggung tadi luar biasa banget."""
643,"""<|en|> The price for this <|id|> tas naik 10 persen dari minggu lalu."""
644,"""<|id|> Omong-omong, <|en|> smartwatch <|id|> ku nge-<|en|>lag <|id|> terus, kayaknya harus di-<|en|>reset <|id|> deh."""
645,"""<|id|> Menurutku sih, Aku lagi cari koper murah buat perjalanan ke <|en|> Tokyo."""
646,"""<|en|> By the way, <|id|> Kamu masuk divisi humas atau dokumentasi di <|en|> coding community?"""
647,"""<|id|> Rencana Natal tahun ini mau ke mana?"""
648,"""<|id|> Omong-omong, <|en|> The review for this <|id|> jam tangan rata-rata 100 bintang, lumayan bagus."""
649,"""<|id|> Menurutku sih, <|en|> She went on a snorkeling solo <|id|> ke Labuan Bajo minggu lalu."""
650,"""<|id|> Jujur aja Udah coba <|en|> Notion <|id|> belum? Katanya <|en|> auto-sync <|id|> nya keren banget."""
651,"""<|id|> folder <|en|> Desktop <|id|> nya kemana ya? Kok ga ketemu di <|en|> Canva."""
652,"""<|id|> Menurutku sih, Batas antara <|en|> work <|id|> dan <|en|> personal time <|id|> jadi buram kalau kerja dari rumah."""
653,"""<|id|> Rencana Imlek tahun ini mau ke mana?"""
654,"""<|id|> Jujur aja Aku mau ikut <|en|> meetup <|id|> komunitas <|en|> calligraphy <|id|> bulan depan."""
655,"""<|en|> The thesis defense <|id|> kemarin lancar banget, tinggal nunggu yudisium."""
656,"""<|en|> Honestly, <|id|> Aku pake <|en|> air fryer <|id|> buat bikin <|en|> avocado toast <|id|> tadi, hasilnya lebih konsisten."""
657,"""<|id|> folder <|en|> cache <|id|> nya kemana ya? Kok ga ketemu di <|en|> Slack."""
658,"""<|id|> Menurutku sih, Kamu masuk divisi humas atau <|en|> sponsorship <|id|> di BEM?"""
659,"""<|id|> Jujur aja <|en|> She's been really active in the <|id|> UKM fotografi sejak semester tiga."""
660,"""<|en|> By the way, <|id|> Minggu depan aku mau liburan ke <|en|> Paris, <|id|> udah <|en|> booking travel insurance <|id|> belum?"""
661,"""<|id|> Jujur aja Aku beli <|en|> headphone <|id|> tadi di <|en|> Tokopedia, <|id|> lagi ada <|en|> flash sale."""
662,"""<|id|> folder <|en|> Desktop <|id|> nya kemana ya? Kok ga ketemu di <|en|> Slack."""
663,"""<|en|> By the way, The collab event <|id|> di <|en|> Genshin Impact <|id|> kasih <|en|> reward <|id|> yang tinggi banget banget."""
664,"""<|en|> By the way, <|id|> Gue lagi nyobain <|en|> open world game <|id|> baru, lumayan <|en|> interesting."""
665,"""<|id|> Sebenernya Kemarin aku berhasil <|en|> win the tournament <|id|> di <|en|> PUBG <|id|> setelah 5 jam <|en|> grind."""
666,"""<|en|> Fun fact: <|id|> Macet di Jalan Sudirman tadi parah banget, sampai 2 jam di jalan."""
667,"""<|id|> Jujur aja <|en|> I've been pulling <|id|> 20 hari berturut-turut begadang buat ujian akhir."""
668,"""<|id|> Minggu depan aku mau <|en|> staycation <|id|> ke <|en|> New York, <|id|> udah <|en|> booking hotel <|id|> belum?"""
669,"""<|id|> Omong-omong, Minggu depan aku mau liburan ke <|en|> Lombok, <|id|> udah <|en|> booking <|id|> tiket pesawat belum?"""
670,"""<|id|> Menurutku sih, <|en|> I need to submit my project proposal <|id|> sebelum <|en|> deadline <|id|> jam 23.59."""
671,"""<|id|> Menurutku sih, <|en|> Have you tried the sushi <|id|> di Senopati? Antriannya panjang banget."""
672,"""<|en|> Fun fact: <|id|> Kata dokter, hasil <|en|> lab test <|id|> aku perlu di-<|en|>follow up <|id|> minggu depan."""
673,"""<|id|> Kamu masuk divisi acara atau dekorasi di UKM fotografi?"""
674,"""<|en|> To be honest, <|id|> Koneksi <|en|> WiFi <|id|> di sini parah banget, nge-<|en|>reset <|id|> aja susah."""
675,"""<|en|> To be honest, <|id|> Macet di Gatot Subroto tadi parah banget, sampai 15 jam di jalan."""
676,"""<|id|> Kalau dipikir-pikir, Kemarin aku berhasil <|en|> win the tournament <|id|> di <|en|> Dota 2 <|id|> setelah 8 jam <|en|> grind."""
677,"""<|id|> Tadi <|en|> meeting client <|id|> nya molor 3 jam dari jadwal."""
678,"""<|en|> To be honest, <|id|> Koneksi <|en|> WiFi <|id|> di sini parah banget, nge-<|en|>update <|id|> aja susah."""
679,"""<|id|> Kalau dipikir-pikir, <|en|> The croffle <|id|> ini <|en|> portion <|id|> nya kecil tapi harganya lumayan."""
680,"""<|en|> The new Korean restaurant <|id|> di Cipete lagi rame banget di <|en|> social media."""
681,"""<|en|> Honestly, I compared prices on Tiktok Shop <|id|> dan yang di <|en|> official store <|id|> lebih murah."""
682,"""<|id|> Mending naik <|en|> MRT <|id|> daripada nyetir sendiri kalau lagi macet."""
683,"""<|id|> Kalau dipikir-pikir, <|en|> I compared prices on Lazada <|id|> dan yang di <|en|> official store <|id|> lebih murah."""
684,"""<|en|> The <|id|> operasi minor memakan waktu sekitar 1 jam kan?"""
685,"""<|en|> By the way, The report <|id|> harus dikirim ke klien sebelum jam 10.00."""
686,"""<|id|> Kamu masuk divisi media atau dekorasi di UKM fotografi? kan?"""
687,"""<|en|> Fun fact: The Notion <|id|> ngebantu banget buat <|en|> manage task <|id|> harian aku."""
688,"""<|en|> The <|id|> buah-buahan di supermarket tadi lagi <|en|> on sale <|id|> 30 persen."""
689,"""<|id|> Omong-omong, <|en|> I joined the coding community <|id|> semester ini, banyak belajar hal baru."""
690,"""<|id|> Kemarin aku berhasil <|en|> finish the questline <|id|> di <|en|> PUBG <|id|> setelah 8 jam <|en|> grind."""
691,"""<|id|> Tolong kirimin <|en|> screenshot <|id|> nya lewat <|en|> Canva <|id|> ya."""
692,"""<|en|> The smartphone <|id|> udah di-<|en|>update <|id|> ke <|en|> iOS 18 <|id|> tapi tetep lemot."""
693,"""<|en|> To be honest, She committed to a 30-day fitness challenge <|id|> selama 3 hari dan hasilnya keren."""
694,"""<|id|> Omong-omong, <|en|> The tablet <|id|> udah di-<|en|>update <|id|> ke <|en|> Android 15 <|id|> tapi tetep lemot kan?"""
695,"""<|id|> Dokter bilang aku harus mulai <|en|> yoga <|id|> buat jaga <|en|> heart rate."""
696,"""<|en|> The orthopedist <|id|> bilang ada tanda awal diabetes yang harus diperhatikan."""
697,"""<|id|> Sebenernya <|en|> The portfolio value <|id|> bulan ini lumayan bagus, naik 100 persen dari bulan lalu."""
698,"""<|id|> Tolong kirimin <|en|> backup <|id|> nya lewat <|en|> GitHub <|id|> ya."""
699,"""<|id|> Aku lagi baca buku <|en|> Ikigai <|id|> yang isinya soal <|en|> resilience."""
700,"""<|en|> The revenue <|id|> kita bulan ini naik 5 persen dari <|en|> last quarter."""
701,"""<|en|> To be honest, The grocery bill <|id|> bulan ini lebih besar karena harga susu naik."""
702,"""<|id|> Menurutku sih, <|en|> Have you tried the local gelato <|id|> di Bali? Enak banget katanya."""
703,"""<|en|> The earbuds <|id|> udah di-<|en|>update <|id|> ke <|en|> iOS 18 <|id|> tapi tetep lemot."""
704,"""<|en|> By the way, <|id|> Lagi <|en|> binge-watching series Interstellar <|id|> dari tadi malem."""
705,"""<|id|> Kalau dipikir-pikir, <|en|> I'm taking 7 days off <|id|> pas Natal nanti."""
706,"""<|id|> Sebenernya <|en|> She has a strict workout routine <|id|> yang dia jalanin tiap harinya."""
707,"""<|id|> Jujur aja Penyakit <|en|> hypertension <|id|> ini umum banget terjadi kalau pola makan ga dijaga."""
708,"""<|id|> Kemarin aku berhasil <|en|> solo rank <|id|> di <|en|> PUBG <|id|> setelah 20 jam <|en|> grind."""
709,"""<|id|> Omong-omong, Udah coba <|en|> GitHub <|id|> belum? Katanya <|en|> auto-sync <|id|> nya keren banget."""
710,"""<|id|> Sebenernya Minggu depan aku mau <|en|> backpacking <|id|> ke <|en|> Bangkok, <|id|> udah <|en|> booking <|id|> tiket pesawat belum?"""
711,"""<|en|> The pasta carbonara <|id|> di sana juara, wajib dicoba kalau ke sana."""
712,"""<|id|> Menurutku sih, Generasi muda harus lebih aktif terlibat dalam pemilu demokrasi."""
713,"""<|id|> Menurutku sih, <|en|> The <|id|> susu di supermarket tadi lagi <|en|> on sale <|id|> 50 persen."""
714,"""<|en|> Honestly, <|id|> Udah coba <|en|> Notion <|id|> belum? Katanya <|en|> dark mode <|id|> nya keren banget."""
715,"""<|id|> Omong-omong, Aku lagi cari koper murah buat perjalanan ke <|en|> Tokyo."""
716,"""<|id|> Omong-omong, Gratis ongkir kalau belanja di atas 200 ribu di <|en|> Shopee."""
717,"""<|id|> Tugasnya minta bikin <|en|> lab report <|id|> soal <|en|> climate change <|id|> minimal 1500 kata."""
718,"""<|id|> Menurutku sih, <|en|> The <|id|> baju ini lagi <|en|> sold out <|id|> di mana-mana."""
719,"""<|id|> Kebijakan <|en|> tax reform <|id|> yang baru ini banyak pro dan kontranya kan?"""
720,"""<|en|> The trail <|id|> to Dieng butuh waktu 6 jam untuk diselesaikan."""
721,"""<|id|> Menurutku sih, <|en|> Let's queue together <|id|> nanti malem, aku mau <|en|> push rank."""
722,"""<|en|> I got a legendary item <|id|> dari <|en|> loot box <|id|> tadi!"""
723,"""<|id|> Printer kantor nge-<|en|>macet <|id|> lagi, paling ga enak kalau lagi banyak kerjaan."""
724,"""<|id|> Omong-omong, Pemerintah harus lebih serius tangani masalah makanan."""
725,"""<|id|> Jujur aja Aku beli <|en|> headphone <|id|> tadi di <|en|> Lazada, <|id|> lagi ada <|en|> cashback."""
726,"""<|id|> Omong-omong, Aku beli baju tadi di <|en|> Zalora, <|id|> lagi ada <|en|> flash sale."""
727,"""<|en|> To be honest, <|id|> Gue lagi belajar <|en|> JavaScript <|id|> buat bikin <|en|> portfolio."""
728,"""<|id|> Omong-omong, Minggu depan aku mau liburan ke <|en|> Bangkok, <|id|> udah <|en|> booking <|id|> tiket pesawat belum?"""
729,"""<|en|> I compared prices on Tokopedia <|id|> dan yang di <|en|> official store <|id|> lebih murah."""
730,"""<|en|> The commute <|id|> ke kantor memakan waktu 1 jam setiap harinya."""
731,"""<|id|> Menurutku sih, Opini publik soal kebebasan pers ini terpolarisasi banget di media."""
732,"""<|en|> I've been pulling <|id|> 3 hari berturut-turut begadang buat laporan PKL."""
733,"""<|id|> Jujur aja <|en|> The new Japanese restaurant <|id|> di Kemang lagi rame banget di <|en|> social media."""
734,"""<|en|> Honestly, <|id|> Kemarin aku berhasil beli <|en|> smartwatch <|id|> baru, <|en|> RAM <|id|> nya gila sih."""
735,"""<|en|> To be honest, <|id|> Minggu depan aku mau <|en|> staycation <|id|> ke <|en|> Seoul, <|id|> udah <|en|> booking <|id|> koper belum?"""
736,"""<|id|> Omong-omong, <|en|> The e-book <|id|> di perpustakaan udah bisa diakses secara online."""
737,"""<|en|> Honestly, <|id|> Minggu depan aku mau <|en|> trip <|id|> ke <|en|> Amsterdam, <|id|> udah <|en|> booking <|id|> koper belum?"""
738,"""<|id|> Omong-omong, <|en|> The grocery bill <|id|> bulan ini lebih besar karena harga daging sapi naik."""
739,"""<|id|> Omong-omong, Kemarin aku berhasil <|en|> complete the event <|id|> di <|en|> Mobile Legends <|id|> setelah 200 jam <|en|> grind."""
740,"""<|id|> Omong-omong, Gue lagi belajar <|en|> JavaScript <|id|> buat bikin <|en|> mobile app <|id|> kan?"""
741,"""<|en|> A good nature walk <|id|> bisa jadi <|en|> reset button <|id|> yang efektif buat otak kita."""
742,"""<|id|> Sebenernya <|en|> Have you tried <|id|> fitur <|en|> smart search <|id|> di <|en|> Trello <|id|> yang baru?"""
743,"""<|en|> She's passionate about ocean conservation <|id|> dan aktif kampanye di media sosial."""
744,"""<|id|> Omong-omong, Printer kantor nge-<|en|>hang <|id|> lagi, paling ga enak kalau lagi banyak kerjaan."""
745,"""<|id|> Kamu pakai <|en|> Notion <|id|> versi berapa? Yang baru ada fitur <|en|> AI assistant."""
746,"""<|en|> To be honest, I missed the MRT <|id|> tadi karena terlambat 1 menit."""
747,"""<|id|> Menurutku sih, <|en|> The euphoria at <|id|> lomba debat kemarin seru banget, sayang kamu ga dateng."""
748,"""<|en|> Honestly, The invoice <|id|> harus dikirim ke klien sebelum jam 09.00."""
749,"""<|en|> She prepared special <|id|> kue lebaran buat <|en|> Natal celebration."""
750,"""<|id|> Omong-omong, <|en|> The storm <|id|> bikin acara <|en|> outdoor <|id|> kita jadi <|en|> canceled."""
751,"""<|id|> Menurutku sih, Kamu pakai <|en|> VS Code <|id|> versi berapa? Yang baru ada fitur <|en|> dark mode."""
752,"""<|en|> Our go-to-market strategy <|id|> butuh di-revisi sebelum <|en|> launch <|id|> bulan depan."""
753,"""<|en|> The review for this skincare <|id|> rata-rata 50 bintang, lumayan bagus."""
754,"""<|en|> The new Korean restaurant <|id|> di Senopati lagi rame banget di <|en|> social media."""
755,"""<|id|> Omong-omong, Cuaca hari ini ga menentu, dari panas tiba-tiba <|en|> downpour."""
756,"""<|en|> Understanding gradient descent <|id|> itu penting banget buat <|en|> data analysis."""
757,"""<|en|> To be honest, I said no to an invitation <|id|> kemarin, dan itu keputusan yang <|en|> healthy."""
758,"""<|en|> She prepared special <|id|> ketupat buat <|en|> Nyepi celebration."""
759,"""<|en|> By the way, <|id|> Tugasnya minta bikin <|en|> critical essay <|id|> soal <|en|> economic inequality <|id|> minimal 500 kata."""
760,"""<|id|> Menurutku sih, <|en|> The rising microplastic contamination <|id|> udah mulai terasa dampaknya di kota-kota besar."""
761,"""<|en|> Meeting board <|id|> tadi bahas soal <|en|> market expansion <|id|> kuartal ini."""
762,"""<|id|> Jangan lupa bawa <|en|> sunscreen <|id|> kalau ke pantai di <|en|> Bangkok."""
763,"""<|en|> To be honest, <|id|> Diskon Idul Adha di mana-mana, waktu yang pas buat belanja."""
764,"""<|en|> Have you tried <|id|> fitur <|en|> AI assistant <|id|> di <|en|> GitHub <|id|> yang baru?"""
765,"""<|en|> To be honest, <|id|> Minggu depan aku mau <|en|> backpacking <|id|> ke <|en|> New York, <|id|> udah <|en|> booking hotel <|id|> belum?"""
766,"""<|en|> By the way, <|id|> Kamu pakai <|en|> Linear <|id|> versi berapa? Yang baru ada fitur <|en|> live collaboration."""
767,"""<|id|> Kalau dipikir-pikir, Kamu masuk divisi humas atau dokumentasi di UKM fotografi?"""
768,"""<|en|> By the way, Meeting weekly sync <|id|> tadi bahas soal <|en|> hiring plan <|id|> kuartal ini."""
769,"""<|id|> Kamu masuk divisi logistik atau dekorasi di BEM?"""
770,"""<|id|> Omong-omong, <|en|> Have you tried <|id|> fitur <|en|> live collaboration <|id|> di <|en|> Canva <|id|> yang baru kan?"""
771,"""<|en|> I missed the <|id|> TransJakarta tadi karena terlambat 15 menit."""
772,"""<|en|> Fun fact: <|id|> Kamu main <|en|> Apex Legends rank <|id|> berapa sekarang?"""
773,"""<|en|> Have you tried <|id|> fitur <|en|> offline mode <|id|> di <|en|> Trello <|id|> yang baru kan?"""
774,"""<|en|> By the way, Her financial goal <|id|> tahun ini adalah nabung 15 juta."""
775,"""<|id|> Kalau dipikir-pikir, Aku beli baju tadi di Tokopedia, lagi ada <|en|> free shipping."""
776,"""<|en|> By the way, <|id|> Tolong kirimin <|en|> PDF <|id|> nya lewat <|en|> Slack <|id|> ya."""
777,"""<|id|> Aku lagi cari tiket pesawat murah buat perjalanan ke <|en|> Paris."""
778,"""<|en|> Have you tried the sushi <|id|> di Kemang? Antriannya panjang banget."""
779,"""<|id|> Omong-omong, <|en|> I said no to an invitation <|id|> kemarin, dan itu keputusan yang <|en|> healthy."""
780,"""<|id|> Menurutku sih, Tradisi Natal di keluarga aku itu selalu bikin <|en|> homesick."""
781,"""<|id|> Sebenernya Aku beli <|en|> laptop <|id|> tadi di <|en|> Lazada, <|id|> lagi ada <|en|> flash sale."""
782,"""<|en|> The new Indian restaurant <|id|> di Kemang lagi rame banget di <|en|> social media."""
783,"""<|id|> Sebenernya Aku lagi baca buku <|en|> Ikigai <|id|> yang isinya soal <|en|> habit formation."""
784,"""<|en|> The professor explained eigenvalue <|id|> dengan analogi yang gampang dimengerti."""
785,"""<|en|> The anniversary event <|id|> di <|en|> Valorant <|id|> kasih <|en|> reward <|id|> yang bagus banget."""
786,"""<|id|> Omong-omong, <|en|> We're planning a road trip <|id|> keluarga ke <|en|> Bali <|id|> bulan Maret."""
787,"""<|en|> I followed a Maangchi recipe <|id|> dan hasilnya lumayan mirip."""
788,"""<|id|> Sebenernya <|en|> Using Python <|id|> bikin ngerjain <|en|> differential equations <|id|> jadi jauh lebih cepat."""
789,"""<|id|> Kemarin aku berhasil <|en|> win the tournament <|id|> di <|en|> Apex Legends <|id|> setelah 3 jam <|en|> grind."""
790,"""<|id|> Aku beli baju tadi di <|en|> Tokopedia, <|id|> lagi ada <|en|> free shipping."""
791,"""<|en|> The flight <|id|> ke <|en|> Amsterdam <|id|> tadi <|en|> delayed <|id|> 1 jam."""
792,"""<|en|> Honestly, <|id|> Minggu depan aku mau <|en|> trip <|id|> ke <|en|> Bali, <|id|> udah <|en|> booking travel insurance <|id|> belum?"""
793,"""<|en|> By the way, <|id|> Aku beli <|en|> laptop <|id|> tadi di <|en|> Tokopedia, <|id|> lagi ada <|en|> double discount."""
794,"""<|en|> My blood pressure <|id|> kata dokter agak tinggi, harus kurangin makanan berlemak."""
795,"""<|en|> The formula for differential equations <|id|> itu harus dihafalin kalau mau lancar ngitungnya."""
796,"""<|id|> Kalau dipikir-pikir, Bab 5 skripsi aku masih berantakan, <|en|> outline <|id|> nya belum <|en|> clear."""
797,"""<|en|> Have you tried the pasta carbonara <|id|> di Cipete? Antriannya panjang banget kan?"""
798,"""<|id|> Jujur aja Tugasnya minta bikin <|en|> case study <|id|> soal <|en|> economic inequality <|id|> minimal 1000 kata."""
799,"""<|id|> Kamu udah lihat <|en|> year-end sale <|id|> di <|en|> Tokopedia <|id|> belum? Banyak yang murah banget."""
800,"""<|en|> I'm taking 5 days off <|id|> pas Nyepi nanti."""
801,"""<|id|> Organisasi <|en|> debating club <|id|> lagi buka anggota magang baru, kamu mau daftar?"""
802,"""<|id|> Menurutku sih, <|en|> She went on a bird watching solo <|id|> ke Bromo minggu lalu."""
803,"""<|id|> Kalau dipikir-pikir, <|en|> I have a catch-up <|id|> sama <|en|> stakeholder <|id|> sore ini."""
804,"""<|en|> By the way, <|id|> Gue lagi belajar <|en|> Python <|id|> buat bikin <|en|> backend service."""
805,"""<|id|> Sebenernya <|en|> My insomnia <|id|> kambuh lagi, kayaknya gara-gara kurang <|en|> nutrition."""
806,"""<|en|> Have you tried the bibimbap <|id|> di Cipete? Antriannya panjang banget."""
807,"""<|id|> Kalau dipikir-pikir, <|en|> The <|id|> sesak napas sudah berlangsung lebih dari 3 minggu."""
808,"""<|en|> By the way, The hiking <|id|> di alam terbuka itu ngebantu aku buat <|en|> recharge."""
809,"""<|id|> Aku beli sepatu tadi di <|en|> Tiktok Shop, <|id|> lagi ada <|en|> flash sale."""
810,"""<|en|> She prepared special <|id|> ketupat buat Idul Adha <|en|> celebration."""
811,"""<|id|> Banjir di Cipinang kemarin parah banget, akses jalan putus kan?"""
812,"""<|en|> To be honest, <|id|> Gue lagi belajar <|en|> Kotlin <|id|> buat bikin <|en|> portfolio."""
813,"""<|en|> Fun fact: <|id|> Minggu depan aku mau <|en|> staycation <|id|> ke <|en|> Tokyo, <|id|> udah <|en|> booking sim card <|id|> belum?"""
814,"""<|id|> Tugasnya minta bikin <|en|> case study <|id|> soal <|en|> economic inequality <|id|> minimal 500 kata."""
815,"""<|id|> Omong-omong, Jangan lupa bawa <|en|> sunscreen <|id|> kalau ke pantai di <|en|> Amsterdam."""
816,"""<|id|> Kalau dipikir-pikir, Minggu depan aku mau liburan ke <|en|> Bangkok, <|id|> udah <|en|> booking <|id|> koper belum?"""
817,"""<|en|> I compared prices on Tokopedia <|id|> dan yang di <|en|> Shopee <|id|> lebih murah."""
818,"""<|id|> Omong-omong, <|en|> Let's schedule a strategy session <|id|> minggu depan buat bahas <|en|> roadmap."""
819,"""<|en|> Honestly, <|id|> Aku lagi cari koper murah buat perjalanan ke <|en|> Tokyo."""
820,"""<|en|> Honestly, I just bought a new laptop, <|id|> spesifikasinya lumayan buat <|en|> coding."""
821,"""<|en|> smartphone <|id|> ku nge-<|en|>lag <|id|> terus, kayaknya harus di-<|en|>reset <|id|> deh kan?"""
822,"""<|id|> Omong-omong, Program <|en|> bike to campus <|id|> di kampus kita berhasil kurangi sampah 20 persen."""
823,"""<|en|> She prepared special <|id|> kue lebaran buat <|en|> long weekend celebration."""
824,"""<|en|> The cardiologist <|id|> bilang ada tanda awal <|en|> thyroid disorder <|id|> yang harus diperhatikan."""
825,"""<|en|> Disinformation about <|id|> vaksin menyebar cepat banget sebelum <|en|> fact-checked."""
826,"""<|id|> Aku beli <|en|> laptop <|id|> tadi di <|en|> Zalora, <|id|> lagi ada <|en|> cashback."""
827,"""<|id|> Jujur aja <|en|> I've been into painting <|id|> sejak 5 tahun lalu dan ga pernah bosen."""
828,"""<|id|> Kamu masuk divisi logistik atau <|en|> sponsorship <|id|> di BEM?"""
829,"""<|id|> Menurutku sih, Folder <|en|> Documents <|id|> nya kemana ya? Kok ga ketemu di <|en|> Discord."""
830,"""<|id|> Omong-omong, Kamu punya rekomendasi <|en|> Japanese <|id|> yang <|en|> authentic <|id|> di Jakarta?"""
831,"""<|en|> The trail to <|id|> Labuan Bajo butuh waktu 2 jam untuk diselesaikan."""
832,"""<|en|> Honestly, <|id|> Kemarin aku berhasil <|en|> complete the event <|id|> di <|en|> Apex Legends <|id|> setelah 7 jam <|en|> grind."""
833,"""<|id|> Tolong kirimin <|en|> PDF <|id|> nya lewat <|en|> Zoom <|id|> ya."""
834,"""<|id|> Menurutku sih, Kamu masuk divisi acara atau dekorasi di BEM?"""
835,"""<|en|> Fun fact: I recommend Interstellar <|id|> kalau kamu suka genre <|en|> comedy."""
836,"""<|id|> Macet di Jalan Sudirman tadi parah banget, sampai 30 jam di jalan."""
837,"""<|id|> Kalau dipikir-pikir, <|en|> The trail to <|id|> Wakatobi butuh waktu 3 jam untuk diselesaikan."""
838,"""<|id|> Kalau dipikir-pikir, Minggu depan aku mau liburan ke <|en|> Bangkok, <|id|> udah <|en|> booking <|id|> tiket pesawat belum?"""
839,"""<|id|> Omong-omong, <|en|> Using MATLAB <|id|> bikin ngerjain <|en|> discrete math <|id|> jadi jauh lebih cepat."""
840,"""<|en|> Have you tried the pasta carbonara <|id|> di Kemang? Antriannya panjang banget."""
841,"""<|id|> Aku disarankan untuk <|en|> bed rest <|id|> selama 2 hari kan?"""
842,"""<|en|> The proposal <|id|> harus dikirim ke klien sebelum jam 17.00."""
843,"""<|en|> To be honest, <|id|> Kamu main <|en|> Apex Legends rank <|id|> berapa sekarang?"""
844,"""<|en|> By the way, The concept of mental health <|id|> berbeda antara generasi tua dan muda."""
845,"""<|id|> Omong-omong, Ikut <|en|> Skillshare online <|id|> buat ningkatin <|en|> skill public speaking <|id|> aku."""
846,"""<|en|> By the way, <|id|> Obat antihistamin ini harus diminum 3 kali sehari setelah makan."""
847,"""<|en|> I recommend Squid Game <|id|> kalau kamu suka genre <|en|> horror <|id|> kan?"""
848,"""<|en|> Fun fact: I spent 4 hours <|id|> ngerjain soal <|en|> linear algebra <|id|> tapi masih salah juga."""
849,"""<|en|> Have you tried <|id|> fitur <|en|> version control <|id|> di <|en|> Notion <|id|> yang baru kan?"""
850,"""<|en|> Fun fact: The Loom <|id|> ngebantu banget buat <|en|> collaborate <|id|> sama tim yang <|en|> remote."""
851,"""<|id|> Kalau dipikir-pikir, Kamu masuk divisi acara atau publikasi di UKM fotografi?"""
852,"""<|id|> Aku beli <|en|> skincare <|id|> tadi di <|en|> Tiktok Shop, <|id|> lagi ada <|en|> free shipping."""
853,"""<|en|> To be honest, The new Japanese restaurant <|id|> di Blok M lagi rame banget di <|en|> social media."""
854,"""<|id|> Sebenernya Kemarin aku berhasil <|en|> solo rank <|id|> di <|en|> PUBG <|id|> setelah 3 jam <|en|> grind."""
855,"""<|id|> Sebenernya Folder <|en|> Desktop <|id|> nya kemana ya? Kok ga ketemu di <|en|> Discord."""
856,"""<|id|> Kalau dipikir-pikir, Tempat makan ini <|en|> instagrammable <|id|> banget, cocok buat konten."""
857,"""<|id|> Omong-omong, <|en|> Have you tried <|id|> fitur <|en|> dark mode <|id|> di <|en|> Notion <|id|> yang baru?"""
858,"""<|en|> Fun fact: <|id|> Hubungan sosial yang sehat itu perlu usaha dari kedua belah pihak."""
859,"""<|id|> Menurutku sih, Tim kita kena <|en|> early game wipe <|id|> karena <|en|> bad draft <|id|> mulu."""
860,"""<|en|> Can you proofread <|id|> esai aku soal <|en|> mental health?"""
861,"""<|id|> Sebenernya Restoran <|en|> Italian <|id|> baru yang di Senopati itu enak banget."""
862,"""<|en|> To be honest, The concept of radical self-compassion <|id|> ngajarin kita buat lebih sayang sama diri sendiri."""
863,"""<|id|> Jujur aja <|en|> Visa <|id|> ke <|en|> Lombok <|id|> prosesnya berapa lama ya?"""
864,"""<|id|> Aku beli baju tadi di <|en|> Zalora, <|id|> lagi ada <|en|> flash sale."""
865,"""<|id|> Jujur aja <|en|> She prepared special <|id|> ketupat buat Lebaran <|en|> celebration."""
866,"""<|en|> By the way, She buys organic pasta <|id|> meski harganya lebih mahal."""
867,"""<|en|> I joined the <|id|> BEM semester ini, banyak belajar hal baru."""
868,"""<|id|> Sebenernya Tugasnya minta bikin <|en|> case study <|id|> soal <|en|> biodiversity <|id|> minimal 1500 kata."""
869,"""<|en|> To be honest, <|id|> Aku <|en|> prefer <|id|> naik kereta daripada <|en|> bus <|id|> kalau jaraknya jauh."""
870,"""<|id|> Sebenernya Program <|en|> bike to campus <|id|> di kampus kita berhasil kurangi sampah 20 persen."""
871,"""<|id|> Kamu udah lihat <|en|> year-end sale <|id|> di <|en|> Tiktok Shop <|id|> belum? Banyak yang murah banget."""
872,"""<|id|> Omong-omong, Bahan <|en|> miso paste <|id|> susah dicari di supermarket sini."""
873,"""<|en|> The collab event <|id|> di <|en|> Apex Legends <|id|> kasih <|en|> reward <|id|> yang bagus banget kan?"""
874,"""<|id|> Jujur aja <|en|> Have you tried the local gelato <|id|> di <|en|> Lombok? <|id|> Enak banget katanya."""
875,"""<|id|> Kalau dipikir-pikir, <|en|> Review Perfect Crown Series <|id|> di internet banyak yang bilang <|en|> overhyped."""
876,<|id|> Jujur aja <|en|> The kayaking <|id|> di alam terbuka itu ngebantu aku buat <|en|> recharge.
877,"""<|en|> By the way, The <|id|> beras organik di supermarket tadi lagi <|en|> on sale <|id|> 30 persen."""
878,"""<|en|> By the way, <|id|> Kamu main <|en|> Apex Legends <|id|> rank berapa sekarang?"""
879,"""<|id|> Menurutku sih, Minggu depan aku mau <|en|> trip <|id|> ke <|en|> Seoul, <|id|> udah <|en|> booking hotel <|id|> belum?"""
880,"""<|en|> Honestly, <|id|> Aku mau ikut <|en|> workshop <|id|> komunitas <|en|> sketching <|id|> bulan depan."""
881,<|id|> Kita harus lebih peka terhadap <|en|> long-distance relationship <|id|> yang orang lain rasakan.
882,"""<|en|> By the way, <|id|> Baru beli perlengkapan <|en|> cycling <|id|> baru, lumayan mahal tapi <|en|> worth it."""
883,"""<|en|> My back pain <|id|> kambuh lagi, kayaknya gara-gara kurang <|en|> exercise."""
884,"""<|id|> Omong-omong, Restoran <|en|> Italian <|id|> baru yang di Senopati itu enak banget."""
885,"""<|en|> By the way, <|id|> Tugasnya minta bikin <|en|> critical essay <|id|> soal <|en|> AI ethics <|id|> minimal 500 kata."""
886,"""<|en|> Honestly, My <|id|> sepatu udah rusak, perlu beli yang baru sebelum wisuda."""
887,"""<|id|> Kalau dipikir-pikir, Aku beli jam tangan tadi di <|en|> Zalora, <|id|> lagi ada <|en|> double discount."""
888,"""<|id|> Omong-omong, Tolong kirimin <|en|> PDF <|id|> nya lewat <|en|> Notion <|id|> ya. kan?"""
889,"""<|id|> Kalau dipikir-pikir, Ikut <|en|> Coursera <|id|> online buat ningkatin skill <|en|> communication <|id|> aku."""
890,"""<|en|> By the way, There's a webinar <|id|> besok jam 15.30, ikut ga?"""
891,<|en|> Fun fact: <|id|> Gratis ongkir kalau belanja di atas 50 ribu di <|en|> Shopee.
892,<|id|> Kamu udah lihat harbolnas di <|en|> Tiktok Shop <|id|> belum? Banyak yang murah banget.
893,<|en|> Fun fact: <|id|> Aku lagi cari <|en|> hotel <|id|> murah buat perjalanan ke <|en|> Paris.
894,<|en|> Fun fact: I recommend The Crown <|id|> kalau kamu suka genre <|en|> action.
895,"""<|en|> To be honest, <|id|> Aku lagi cari koper murah buat perjalanan ke Yogyakarta."""
896,<|id|> Sebenernya Budget untuk <|en|> team building <|id|> tahun ini udah disetujui.
897,<|id|> Sebenernya Kemarin aku berhasil <|en|> get the achievement <|id|> di <|en|> Minecraft <|id|> setelah 5 jam <|en|> grind.
898,"""<|id|> Kalau dipikir-pikir, Gabung <|en|> community <|id|> sesama <|en|> photography enthusiast <|id|> itu seru banget."""
899,"""<|en|> By the way, I recommend Interstellar <|id|> kalau kamu suka genre <|en|> comedy."""
900,<|id|> Seminar <|en|> mental health <|id|> kemarin lumayan <|en|> insightful <|id|> sih.
901,"""<|id|> Omong-omong, Ikut <|en|> MasterClass <|id|> online buat ningkatin skill <|en|> public speaking <|id|> aku."""
902,<|id|> Sebenernya Lagi <|en|> binge-watching <|id|> cerita <|en|> Wednesday <|id|> dari tadi malem.
903,"""<|en|> I had a misunderstanding <|id|> sama temen, butuh waktu buat rekonsiliasi."""
904,"""<|id|> Gue lagi nyobain <|en|> roguelike <|id|> game baru, lumayan <|en|> addicting."""
905,<|id|> Kemarin aku berhasil <|en|> complete the event <|id|> di <|en|> Valorant <|id|> setelah 8 jam <|en|> grind.
906,"""<|id|> Omong-omong, <|en|> I just bought a new tablet, <|id|> spesifikasinya lumayan buat <|en|> multitasking."""
907,<|en|> I recommend Oppenheimer <|id|> kalau kamu suka genre <|en|> thriller.
908,"""<|id|> Omong-omong, <|en|> I scheduled a specialist consultation <|id|> untuk cek kondisi jantung."""
909,"""<|id|> Kalau dipikir-pikir, <|en|> I value <|id|> kejujuran paling tinggi dalam suatu pertemanan."""
910,<|en|> Fun fact: Extreme heatwave <|id|> makin sering terjadi karena <|en|> global warming.
911,<|id|> Sebenernya Tolong kirimin <|en|> backup <|id|> nya lewat <|en|> GitHub <|id|> ya.
912,<|id|> Kamu masuk divisi logistik atau dokumentasi di <|en|> coding community?
913,<|id|> Dosen bilang kita harus pake <|en|> APA <|id|> buat <|en|> citation.
914,"""<|en|> To be honest, <|id|> Baterai <|en|> laptop <|id|> ku cepet banget abis, perlu di-<|en|>charge <|id|> mulu."""
915,"""<|id|> Omong-omong, Kemarin aku berhasil <|en|> finish the questline <|id|> di <|en|> Apex Legends <|id|> setelah 3 jam <|en|> grind."""
916,"""<|en|> To be honest, I scheduled a screening <|id|> untuk cek kondisi tulang."""
917,"""<|id|> Omong-omong, Minggu depan aku mau liburan ke <|en|> Tokyo, <|id|> udah <|en|> booking hotel <|id|> belum?"""
918,"""<|en|> To be honest, Using R <|id|> bikin ngerjain <|en|> differential equations <|id|> jadi jauh lebih cepat."""
919,"""<|id|> Soal <|en|> probability <|id|> di ujian tadi susah banget, ga bisa aku kerjain."""
920,"""<|id|> Omong-omong, Kemarin aku berhasil <|en|> solo rank <|id|> di <|en|> Valorant <|id|> setelah 200 jam <|en|> grind."""
921,"""<|id|> Omong-omong, Obat antihistamin ini harus diminum setiap 8 jam setelah makan."""
922,"""<|en|> To be honest, <|id|> Kamu pakai <|en|> GitHub <|id|> versi berapa? Yang baru ada fitur <|en|> dark mode."""
923,<|id|> Sebenernya Dokter bilang aku harus mulai <|en|> cardio <|id|> buat jaga <|en|> blood sugar.
924,"""<|id|> Minggu depan aku mau <|en|> backpacking <|id|> ke <|en|> Bali, <|id|> udah <|en|> booking travel insurance <|id|> belum?"""
925,<|en|> The skincare <|id|> ini lagi <|en|> sold out <|id|> di mana-mana.
926,<|en|> I've been pulling 21 <|id|> hari berturut-turut begadang buat skripsi.
927,"""<|en|> Honestly, <|id|> Kemarin aku beli <|en|> earbuds <|id|> baru, <|en|> processor <|id|> nya gila sih."""
928,"""<|id|> Kalau dipikir-pikir, Kamu pakai <|en|> Linear <|id|> versi berapa? Yang baru ada fitur <|en|> offline mode."""
929,"""<|en|> By the way, Have you tried the tacos <|id|> di Cipete? Antrian-nya panjang banget."""
930,<|id|> Flash sale <|en|> Lazada <|id|> jam 12.00 malem ini jangan sampe ketinggalan.
931,"""<|en|> To be honest, <|id|> Kamu masuk divisi logistik atau dokumentasi di BEM?"""
932,"""<|en|> Honestly, <|id|> Aku beli <|en|> laptop <|id|> tadi di <|en|> Lazada, <|id|> lagi ada <|en|> cashback."""
933,"""<|id|> Menurutku sih, Aku beli baju tadi di <|en|> Lazada, <|id|> lagi ada <|en|> flash sale."""
934,"""<|id|> Minggu depan aku mau <|en|> trip <|id|> ke <|en|> Lombok, <|id|> udah <|en|> booking <|id|> koper belum?"""
935,"""<|id|> Omong-omong, <|en|> I need to find a tutoring job <|id|> yang bisa fleksibel sama jadwal kuliah."""
936,"""<|en|> To be honest, <|id|> Gue lagi belajar <|en|> TypeScript <|id|> buat bikin <|en|> web app."""
937,"""<|en|> My blood pressure <|id|> kata dokter agak tinggi, harus kurangin gula."""
938,<|id|> Jujur aja Aku lagi cari <|en|> hotel <|id|> murah buat perjalanan ke Yogyakarta.
939,"""<|id|> Menurutku sih, <|en|> Self-awareness <|id|> itu fondasi dari semua bentuk <|en|> personal growth."""
940,"""<|id|> Organisasi <|en|> English Club <|id|> lagi buka <|en|> volunteer <|id|> baru, kamu mau daftar?"""
941,<|id|> Sebenernya Udah coba <|en|> Discord <|id|> belum? Katanya <|en|> live collaboration <|id|> nya keren banget.
942,<|en|> Fun fact: <|id|> Aku biasa belanja di <|en|> Grand Lucky <|id|> karena lebih lengkap dan segar.
943,"""<|en|> To be honest, The contract <|id|> harus dikirim ke klien sebelum jam 09.00."""
944,"""<|en|> Honestly, <|id|> Aku beli <|en|> skincare <|id|> tadi di <|en|> Zalora, <|id|> lagi ada <|en|> double discount."""
945,<|id|> Mending pake <|en|> Booking.com <|id|> buat cari <|en|> itinerary <|id|> yang udah jadi.
946,"""<|id|> Omong-omong, <|en|> She checks the BMKG app <|id|> dulu sebelum keluar rumah tiap paginya."""
947,"""<|id|> Kalau dipikir-pikir, Aku lagi nge-<|en|>pottery <|id|> setiap weekend buat hilangin stres."""
948,<|en|> Fun fact: <|id|> Konten <|en|> photography <|id|> aku di sosmed lumayan dapat <|en|> engagement.
949,<|en|> Fun fact: I got a 20% discount <|id|> pake <|en|> voucher <|id|> yang dikasih <|en|> Tiktok Shop.
950,"""<|en|> There's a <|id|> lomba debat besok jam 10.00, ikut ga?"""
951,"""<|en|> Honestly, The flight <|id|> ke <|en|> Lombok <|id|> tadi <|en|> delayed <|id|> 2 jam."""
952,"""<|id|> Omong-omong, <|en|> The new Thai restaurant <|id|> di Cipete lagi rame banget di <|en|> social media."""
953,"""<|id|> Omong-omong, Kolega aku dapat <|en|> promotion <|id|> ke posisi <|en|> director <|id|> bulan ini."""
954,"""<|id|> Menurutku sih, Gue lagi nyobain <|en|> open world <|id|> game baru, lumayan <|en|> addicting."""
955,<|id|> Pemerintah harus lebih serius tangani masalah makanan. kan?
956,<|id|> Kayaknya baju itu lagi <|en|> trending <|id|> karena banyak banget yang beli.
957,<|en|> I use the Obsidian <|id|> buat nge-<|en|>track habits <|id|> harian.
958,"""<|id|> Omong-omong, <|en|> The <|id|> pasta di supermarket tadi lagi <|en|> on sale <|id|> 20 persen."""
959,"""<|en|> My migraine <|id|> kambuh lagi, kayaknya gara-gara kurang <|en|> nutrition."""
960,"""<|en|> Honestly, I use the pay yourself first <|id|> buat ngatur pengeluaran bulanan."""
961,"""<|id|> Omong-omong, Gue lagi belajar <|en|> Swift <|id|> buat bikin <|en|> side project."""
962,"""<|id|> Omong-omong, <|en|> The <|id|> kamera ini lagi <|en|> sold out <|id|> di mana-mana."""
963,"""<|en|> By the way, I got a 30% discount <|id|> pake <|en|> voucher <|id|> yang dikasih <|en|> Shopee."""
964,<|en|> The trail to Raja Ampat <|id|> butuh waktu 3 jam untuk diselesaikan.
965,<|en|> She prepared special <|id|> opor ayam buat Natal <|en|> celebration. <|id|> kan?
966,<|id|> Kamu pakai <|en|> Canva <|id|> versi berapa? Yang baru ada fitur <|en|> auto-sync.
967,"""<|en|> By the way, The drawing tablet <|id|> yang aku pakai buat <|en|> photography <|id|> tuh mahal tapi beneran beda hasilnya."""
968,"""<|id|> Menurutku sih, <|en|> Have you tried <|id|> fitur <|en|> smart search <|id|> di <|en|> Discord <|id|> yang baru?"""
969,<|id|> Kamu masuk divisi humas atau publikasi di BEM? kan?
970,"""<|id|> Jujur aja Tiket Idul Adha udah habis semua, harus pesan jauh-jauh hari."""
971,<|en|> We're planning a staycation <|id|> keluarga ke <|en|> Lombok <|id|> bulan Maret.
972,<|id|> Aku lagi coba metode <|en|> time blocking <|id|> buat ningkatin <|en|> productivity.
973,"""<|id|> Omong-omong, <|en|> Have you tried the hummus <|id|> di SCBD? Antrian-nya panjang banget."""
974,"""<|id|> Aku beli <|en|> headphone <|id|> tadi di <|en|> Tokopedia, <|id|> lagi ada <|en|> buy 1 get 1."""
975,"""<|id|> Aku beli <|en|> skincare <|id|> tadi di <|en|> Shopee, <|id|> lagi ada <|en|> flash sale."""
976,"""<|id|> Menurutku sih, <|en|> The new Middle Eastern restaurant <|id|> di SCBD lagi rame banget di <|en|> social media."""
977,"""<|en|> To be honest, Using Python <|id|> bikin ngerjain <|en|> linear algebra <|id|> jadi jauh lebih cepat."""
978,"""<|en|> To be honest, Have you tried the local curry <|id|> di <|en|> Lombok? <|id|> Enak banget katanya."""
979,<|id|> Restoran <|en|> Korean <|id|> baru yang di Kemang itu enak banget.
980,"""<|en|> To be honest, Using R <|id|> bikin ngerjain <|en|> discrete math <|id|> jadi jauh lebih cepat."""
981,"""<|id|> Omong-omong, Kemarin aku berhasil <|en|> win the tournament <|id|> di <|en|> PUBG <|id|> setelah 3 jam <|en|> grind."""
982,<|id|> Setiap pagi aku selalu <|en|> journaling <|id|> sebelum mulai kerja. kan?
983,<|id|> Kita perlu bikin <|en|> term sheet <|id|> buat presentasi ke <|en|> investor.
984,<|id|> Sebenernya Penyakit <|en|> anemia <|id|> ini umum banget terjadi kalau pola makan ga dijaga.
985,"""<|en|> The dividend yield <|id|> bulan ini lumayan bagus, naik 10 persen dari bulan lalu."""
986,"""<|en|> To be honest, The flight <|id|> ke <|en|> Bali <|id|> tadi <|en|> delayed <|id|> 1 jam."""
987,<|en|> I've been pulling 21 <|id|> hari berturut-turut begadang buat ujian akhir.
988,<|en|> The new album from NewJeans <|id|> udah aku dengerin dari pagi tadi.
989,"""<|en|> By the way, <|id|> Macet di jalur Bekasi tadi parah banget, sampai 2 jam di jalan."""
990,"""<|id|> Sebenernya <|en|> The review for this <|id|> baju rata-rata 500 bintang, lumayan bagus."""
991,"""<|en|> Honestly, <|id|> Minggu depan aku mau <|en|> staycation <|id|> ke <|en|> Paris, <|id|> udah <|en|> booking hotel <|id|> belum?"""
992,<|id|> Udah coba <|en|> Trello <|id|> belum? Katanya <|en|> dark mode <|id|> nya keren banget.
993,"""<|id|> Omong-omong, <|en|> Let's schedule a deep-dive session <|id|> minggu depan buat bahas <|en|> roadmap."""
994,"""<|id|> Menurutku sih, <|en|> The rising sea level rise <|id|> udah mulai terasa dampaknya di kota-kota besar."""
995,"""<|id|> Soal <|en|> statistics <|id|> di ujian tadi susah banget, ga bisa aku kerjain."""
996,<|en|> I followed a Food Wishes recipe <|id|> dan hasilnya lumayan mirip.
997,<|en|> We're planning a road trip <|id|> keluarga ke <|en|> Lombok <|id|> bulan Maret. kan?
998,"""<|id|> Jujur aja Aku beli sepatu tadi di <|en|> Zalora, <|id|> lagi ada <|en|> free shipping."""
999,<|en|> Have you tried the hummus <|id|> di Kemang? Antrian-nya panjang banget.
1000,"""<|en|> Fun fact: <|id|> Minggu depan aku mau <|en|> staycation <|id|> ke <|en|> Paris, <|id|> udah <|en|> booking sim card <|id|> belum?"""
1001,"""<|id|> Baru beli perlengkapan <|en|> cooking <|id|> baru, lumayan mahal tapi <|en|> worth it."""
1002,<|id|> Jujur aja <|en|> The <|id|> operasi <|en|> minor <|id|> memakan waktu sekitar 1 jam.
1003,"""<|en|> To be honest, <|id|> Tugasnya minta bikin <|en|> lab report <|id|> soal <|en|> climate change <|id|> minimal 500 kata."""
1004,<|id|> Aku prefer naik kapal daripada pesawat kalau jaraknya jauh.
1005,"""<|id|> Omong-omong, Pilih buah yang <|en|> fresh <|id|> itu butuh skill tersendiri."""
1006,<|en|> The dollar cost averaging <|id|> itu penting banget dipahami sebelum mulai <|en|> trading.
1007,"""<|id|> Omong-omong, Gue lagi belajar <|en|> TypeScript <|id|> buat bikin <|en|> portfolio."""
1008,"""<|en|> By the way, The <|id|> DPR berperan penting dalam menjaga <|en|> checks and balances."""
1009,"""<|id|> Kalau dipikir-pikir, Kemarin aku berhasil <|en|> finish the questline <|id|> di <|en|> Valorant <|id|> setelah 200 jam <|en|> grind."""
1010,"""<|id|> Kalau dipikir-pikir, <|en|> The drawing tablet <|id|> yang aku pakai buat <|en|> gardening <|id|> tuh mahal tapi beneran beda hasilnya."""
1011,"""<|id|> Omong-omong, Aku beli <|en|> laptop <|id|> tadi di <|en|> Zalora, <|id|> lagi ada <|en|> cashback."""
1012,<|id|> Udah coba <|en|> Zoom <|id|> belum? Katanya <|en|> AI assistant <|id|> nya keren banget. kan?
1013,<|en|> Fun fact: Political <|id|> korupsi ini sudah berlangsung lama dan belum ada solusinya.
1014,"""<|id|> Sebenernya <|en|> The review for this <|id|> sepatu rata-rata 50 bintang, lumayan bagus."""
1015,"""<|id|> Kalau dipikir-pikir, Temen aku lagi curhat soal <|en|> jealousy <|id|> sama pasangannya."""
1016,"""<|en|> Turnitin <|id|> aku <|en|> similarity <|id|> nya 3 persen, kata dosen harus lebih rendah."""
1017,"""<|en|> To be honest, The anniversary event <|id|> di <|en|> Minecraft <|id|> kasih <|en|> reward <|id|> yang bagus banget."""
1018,<|en|> She was diagnosed with <|id|> penyakit <|en|> diabetes <|id|> yang butuh penanganan segera. kan?
1019,"""<|id|> Omong-omong, Aku lagi belajar deposito buat <|en|> passive income."""
1020,"""<|id|> Menurutku sih, <|en|> The trail to Bromo <|id|> butuh waktu 6 jam untuk diselesaikan."""
1021,<|en|> I returned the skincare <|id|> karena ukurannya ga pas.
1022,<|id|> Program <|en|> composting <|id|> di kampus kita berhasil kurangi sampah 20 persen. kan?
1023,<|en|> The flight <|id|> ke <|en|> Tokyo <|id|> tadi <|en|> delayed <|id|> 2 jam.
1024,<|en|> I missed the <|id|> KRL tadi karena terlambat 30 menit.
1025,<|en|> Fun fact: She went on a kayaking solo <|id|> ke Wakatobi minggu lalu.
1026,"""<|id|> Jujur aja Minggu depan aku mau <|en|> trip <|id|> ke <|en|> Lombok, <|id|> udah <|en|> booking travel insurance <|id|> belum?"""
1027,"""<|en|> By the way, <|id|> Biaya hidup di Jakarta makin mahal, terutama soal <|en|> rent <|id|> apartemen."""
1028,"""<|id|> Aku beli kamera tadi di <|en|> Tiktok Shop, <|id|> lagi ada <|en|> double discount."""
1029,<|id|> Aku lagi cari tiket pesawat murah buat perjalanan ke <|en|> Seoul.
1030,<|id|> Sebenernya <|en|> Have you tried <|id|> fitur <|en|> smart search <|id|> di <|en|> VS Code <|id|> yang baru?
1031,<|id|> Sebenernya <|en|> The new Japanese restaurant <|id|> di Senopati lagi rame banget di <|en|> social media.
1032,"""<|en|> Honestly, <|id|> Kemarin aku berhasil <|en|> get the achievement <|id|> di <|en|> Dota 2 <|id|> setelah 8 jam <|en|> grind."""
1033,<|en|> The pasta <|id|> di supermarket tadi lagi <|en|> on sale <|id|> 20 persen.
1034,"""<|id|> Kalau dipikir-pikir, <|en|> The new hotfix <|id|> di <|en|> Valorant <|id|> banyak yang suka tapi aku kurang cocok."""
1035,"""<|id|> Baru beli perlengkapan <|en|> knitting <|id|> baru, lumayan mahal tapi <|en|> worth it. <|id|> kan?"""
1036,<|en|> Fun fact: Have you tried the sushi <|id|> di Blok M? Antrian-nya panjang banget.
1037,"""<|id|> Kalau dipikir-pikir, <|en|> She's been working on say no <|id|> agar bisa lebih <|en|> present <|id|> dalam kehidupan."""
1038,"""<|en|> By the way, <|id|> Tadi meeting <|en|> weekly <|id|> nya molor 2 jam dari jadwal."""
1039,"""<|id|> Menurutku sih, <|en|> I got a 10% discount <|id|> pake <|en|> voucher <|id|> yang dikasih <|en|> Lazada."""
1040,<|en|> The flight <|id|> ke <|en|> Paris <|id|> tadi <|en|> delayed <|id|> 1 jam.
1041,<|id|> Aku mau ikut <|en|> exhibition <|id|> komunitas <|en|> cooking <|id|> bulan depan. kan?
1042,<|en|> Fun fact: <|id|> Kemarin aku berhasil <|en|> complete the event <|id|> di <|en|> Genshin Impact <|id|> setelah 200 jam <|en|> grind.
1043,"""<|en|> By the way, The Todoist <|id|> ngebantu banget buat <|en|> manage task <|id|> harian aku."""
1044,<|id|> Sebenernya Aku prefer naik kereta daripada motor kalau jaraknya jauh.
1045,<|id|> Aku lagi baca buku <|en|> The Psychology of Money <|id|> yang isinya soal <|en|> resilience.
1046,<|en|> Fun fact: I recommend The Crown <|id|> kalau kamu suka genre <|en|> horror.
1047,<|id|> Kemarin aku berhasil <|en|> get the achievement <|id|> di <|en|> PUBG <|id|> setelah 300 jam <|en|> grind. <|id|> kan?
1048,"""<|id|> Menurutku sih, <|en|> My GitHub <|id|> tiba-tiba <|en|> crash <|id|> pas lagi presentasi, malu banget."""
1049,"""<|en|> To be honest, <|id|> Aku mau ikut <|en|> workshop <|id|> komunitas <|en|> calligraphy <|id|> bulan depan."""
1050,"""<|id|> Omong-omong, Kemarin aku berhasil <|en|> win the tournament <|id|> di <|en|> Minecraft <|id|> setelah 3 jam <|en|> grind."""
1051,<|en|> Fun fact: Have you tried the local sushi <|id|> di <|en|> Singapore? <|id|> Enak banget katanya.
1052,<|en|> I tend to overwork <|id|> lebih sering sejak kerja dari rumah.
1053,"""<|en|> Honestly, <|id|> Jam <|en|> peak hours <|id|> di kantor itu biasanya antara jam 10.00 sampai 18.00."""
1054,<|en|> Fun fact: <|id|> Restoran <|en|> Korean <|id|> baru yang di Cipete itu enak banget.
1055,<|id|> Jujur aja Udah coba <|en|> Trello <|id|> belum? Katanya <|en|> AI assistant <|id|> nya keren banget.
1056,<|id|> Penting banget buat punya <|en|> growth mindset <|id|> dalam segala hal.
1057,"""<|id|> Sebenernya Tempat makan ini <|en|> instagrammable <|id|> banget, cocok buat konten."""
1058,"""<|id|> Sebenernya <|en|> The Airbnb review<|id|>-nya bagus, tapi agak <|en|> pricey <|id|> buat budget aku."""
1059,<|id|> Sebenernya <|en|> She prepared special <|id|> opor ayam buat Idul Adha <|en|> celebration.
1060,"""<|en|> The resort review<|id|>-nya bagus, tapi agak <|en|> pricey <|id|> buat budget aku."""
1061,"""<|en|> By the way, <|id|> Lagi cobain <|en|> plant-based <|id|> diet, susah banget tapi hasilnya lumayan."""
1062,"""<|id|> Kalau dipikir-pikir, Aku lagi <|en|> obsessed <|id|> sama boba belakangan ini."""
1063,<|en|> The gastroenterologist <|id|> bilang ada tanda awal <|en|> thyroid disorder <|id|> yang harus diperhatikan.
1064,"""<|id|> Kalau dipikir-pikir, <|en|> I've been into photography <|id|> sejak 2 tahun lalu dan ga pernah bosen."""
1065,<|en|> The <|id|> pilkada kemarin hasilnya cukup mengejutkan banyak pihak.
1066,<|id|> Sebenernya Kamu pakai <|en|> Zoom <|id|> versi berapa? Yang baru ada fitur <|en|> live collaboration.
1067,"""<|id|> Omong-omong, Udah coba <|en|> Canva <|id|> belum? Katanya <|en|> live collaboration <|id|> nya keren banget."""
1068,"""<|id|> Menurutku sih, <|en|> Have you tried <|id|> fitur <|en|> offline mode <|id|> di <|en|> Figma <|id|> yang baru?"""
1069,<|id|> Sebenernya Kemarin aku berhasil <|en|> complete the event <|id|> di <|en|> Minecraft <|id|> setelah 200 jam <|en|> grind.
1070,"""<|en|> To be honest, I've been doing yoga <|id|> rutin tiap pagi, badan jadi lebih <|en|> energized."""
1071,<|id|> Obat antibiotik ini harus diminum sekali sehari setelah makan.
1072,"""<|id|> Minggu depan aku mau <|en|> backpacking <|id|> ke <|en|> Lombok, <|id|> udah <|en|> booking <|id|> koper belum?"""
1073,<|id|> Kamu pakai <|en|> Figma <|id|> versi berapa? Yang baru ada fitur <|en|> auto-sync.
1074,"""<|id|> Kalau dipikir-pikir, laptop ku nge-<|en|>lag <|id|> terus, kayaknya harus di-<|en|>install <|id|> ulang deh."""
1075,"""<|en|> Fun fact: I just bought a new laptop, <|id|> spesifikasinya lumayan buat <|en|> multitasking."""
1076,"""<|id|> Menurutku sih, Kamu masuk divisi kreatif atau dekorasi di <|en|> coding community?"""
1077,"""<|en|> The seminar <|id|> kemarin seru banget, sayang kamu ga dateng."""
1078,<|en|> I started investing in ETF <|id|> sejak gajian pertama.
1079,<|en|> Fun fact: <|id|> Temen aku lagi curhat soal <|en|> trust issue <|id|> sama pasangannya.
1080,"""<|id|> Kalau dipikir-pikir, Gunung Semeru itu masuk list <|en|> bucket list <|id|> aku sejak lama."""
1081,"""<|id|> Omong-omong, <|en|> My blood sugar <|id|> kata dokter agak tinggi, harus kurangin kafein."""
1082,<|en|> Fun fact: Have you tried the local gelato <|id|> di <|en|> Bali? <|id|> Enak banget katanya.
1083,"""<|id|> Omong-omong, <|en|> I recommend The Crown <|id|> kalau kamu suka genre <|en|> horror."""
1084,"""<|id|> Menurutku sih, Aku mau ikut <|en|> workshop <|id|> komunitas <|en|> calligraphy <|id|> bulan depan."""
1085,<|id|> Mending naik TransJakarta daripada nyetir sendiri kalau lagi macet.
1086,"""<|id|> Omong-omong, <|en|> Sunrise <|id|> di <|en|> Wakatobi <|id|> kemarin indah banget, <|en|> worth the effort."""
1087,<|en|> She was diagnosed with <|id|> penyakit <|en|> hypertension <|id|> yang butuh penanganan segera.
1088,"""<|en|> By the way, I just unlocked <|id|> karakter baru di <|en|> PUBG, <|id|> keren abis <|en|> skin <|id|> nya."""
1089,"""<|id|> Omong-omong, <|en|> I'm struggling with <|id|> materi <|en|> Biology <|id|> semester ini."""
1090,"""<|id|> Kalau dipikir-pikir, <|en|> The dermatologist <|id|> bilang ada tanda awal <|en|> thyroid disorder <|id|> yang harus diperhatikan."""
1091,"""<|id|> Omong-omong, Minggu depan aku mau liburan ke <|en|> Amsterdam, <|id|> udah <|en|> booking travel insurance <|id|> belum?"""
1092,<|id|> Sebenernya <|en|> The <|id|> tas ini lagi <|en|> sold out <|id|> di mana-mana.
1093,<|en|> Fun fact: Have you tried <|id|> fitur <|en|> live collaboration <|id|> di <|en|> Discord <|id|> yang baru?
1094,<|id|> Jujur aja Aku mau ikut <|en|> meetup <|id|> komunitas <|en|> pottery <|id|> bulan depan.
1095,"""<|id|> Aku pake <|en|> thermometer <|id|> masak buat bikin rendang modern tadi, hasilnya lebih konsisten."""
1096,"""<|en|> I've been doing meditation <|id|> rutin tiap pagi, badan jadi lebih <|en|> energized. <|id|> kan?"""
1097,"""<|id|> Tarif ojek online naik lagi, makin berat buat anak kost."""
1098,"""<|en|> To be honest, I missed the bus <|id|> Damri tadi karena terlambat 3 menit."""
1099,"""<|id|> Sebenernya <|en|> The review for this headphone <|id|> rata-rata 100 bintang, lumayan bagus."""
1100,"""<|en|> Honestly, <|id|> Aku lagi nge-<|en|>sketching <|id|> setiap weekend buat hilangin stres."""
1101,<|id|> Sebenernya Konten <|en|> gardening <|id|> aku di sosmed lumayan dapat <|en|> engagement.
1102,"""<|id|> Sebenernya Nilai <|en|> midterm <|id|> ku turun, kayaknya karena kurang <|en|> review."""
1103,<|id|> Kemarin aku berhasil <|en|> complete the event <|id|> di <|en|> Genshin Impact <|id|> setelah 5 jam <|en|> grind.
1104,"""<|id|> Aku beli kamera tadi di <|en|> Shopee, <|id|> lagi ada <|en|> flash sale. <|id|> kan?"""
1105,"""<|id|> Minggu depan aku mau <|en|> backpacking <|id|> ke <|en|> Lombok, <|id|> udah <|en|> booking travel insurance <|id|> belum?"""
1106,"""<|en|> By the way, <|id|> Aku beli kamera tadi di <|en|> Shopee, <|id|> lagi ada <|en|> flash sale."""
1107,<|en|> The orthopedist <|id|> bilang ada tanda awal <|en|> anemia <|id|> yang harus diperhatikan.
1108,"""<|en|> The review for this <|id|> kamera rata-rata 50 bintang, lumayan bagus. kan?"""
1109,"""<|en|> My headphone <|id|> udah rusak, perlu beli yang baru sebelum ulang tahun."""
1110,"""<|en|> By the way, The <|id|> mual sudah berlangsung lebih dari 7 minggu."""
1111,"""<|id|> Sebenernya Minggu depan aku mau <|en|> trip <|id|> ke <|en|> New York, <|id|> udah <|en|> booking sim card <|id|> belum?"""
1112,<|en|> I marinated the salmon <|id|> semalam biar bumbu-nya meresap sempurna.
1113,"""<|en|> There's a workshop <|id|> besok jam 13.00, ikut ga?"""
1114,<|id|> Kamu pakai <|en|> Linear <|id|> versi berapa? Yang baru ada fitur <|en|> version control.
1115,<|en|> Fun fact: My morning workout routine <|id|> membantu aku lebih siap menjalani hari.
1116,<|en|> Have you tried the ramen <|id|> di Kemang? Antrian-nya panjang banget. kan?
1117,"""<|en|> To be honest, Sunrise <|id|> di <|en|> Wakatobi <|id|> kemarin indah banget, <|en|> worth the effort."""
1118,"""<|id|> Kalau dipikir-pikir, Printer kantor nge-rusak lagi, paling ga enak kalau lagi banyak kerjaan."""
1119,<|id|> Sebenernya Kamu udah lihat harbolnas di <|en|> Zalora <|id|> belum? Banyak yang murah banget.
1120,"""<|en|> Honestly, <|id|> Kemarin aku berhasil <|en|> win the tournament <|id|> di <|en|> Valorant <|id|> setelah 8 jam <|en|> grind."""
1121,"""<|id|> Omong-omong, Minggu depan aku mau <|en|> backpacking <|id|> ke <|en|> Paris, <|id|> udah <|en|> booking sim card <|id|> belum?"""
1122,"""<|en|> By the way, <|id|> Kemarin aku berhasil <|en|> complete the event <|id|> di <|en|> Dota 2 <|id|> setelah 3 jam <|en|> grind."""
1123,"""<|id|> Kalau dipikir-pikir, Setiap pagi aku selalu <|en|> stretching <|id|> sebelum mulai kerja."""
1124,<|id|> Sebenernya Kemarin aku berhasil <|en|> solo rank <|id|> di <|en|> PUBG <|id|> setelah 300 jam <|en|> grind.
1125,<|id|> Sebenernya Orang tua aku masih belum paham soal <|en|> mental health <|id|> yang aku jelasin.
1126,<|en|> I spent 2 hours <|id|> ngerjain soal <|en|> integral <|id|> tapi masih salah juga.
1127,<|en|> The Diary of a CEO <|id|> podcast selalu kasih perspektif baru yang menarik.
1128,"""<|en|> By the way, tablet <|id|> ku nge-<|en|>lag <|id|> terus, kayaknya harus di-<|en|>update <|id|> deh."""
1129,"""<|id|> Kemarin aku beli <|en|> smartphone <|id|> baru, <|en|> storage <|id|> nya gila sih."""
1130,"""<|id|> Jujur aja Aku beli <|en|> headphone <|id|> tadi di <|en|> Shopee, <|id|> lagi ada <|en|> free shipping."""
1131,<|id|> Aku lagi cari <|en|> sim card <|id|> murah buat perjalanan ke Yogyakarta.
1132,<|id|> Sebenernya Metode <|en|> in-depth interview <|id|> yang aku pake buat <|en|> data collection.
1133,<|id|> Obat <|en|> paracetamol <|id|> ini harus diminum 3 kali sehari setelah makan.
1134,"""<|en|> By the way, She went on a camping solo <|id|> ke Bromo minggu lalu."""
1135,<|id|> Sebenernya <|en|> The diversification <|id|> itu penting banget dipahami sebelum mulai <|en|> trading.
1136,"""<|id|> Minggu depan aku mau <|en|> backpacking <|id|> ke <|en|> Amsterdam, <|id|> udah <|en|> booking travel insurance <|id|> belum? kan?"""
1137,"""<|en|> To be honest, I compared prices on Shopee <|id|> dan yang di <|en|> Tokopedia <|id|> lebih murah."""
1138,<|id|> Kemarin aku berhasil <|en|> solo rank <|id|> di <|en|> Mobile Legends <|id|> setelah 3 jam <|en|> grind.
1139,<|en|> The brief <|id|> harus dikirim ke klien sebelum jam 17.00.
1140,<|id|> Jujur aja <|en|> She committed to a reading challenge <|id|> selama 21 hari dan hasilnya keren.
1141,"""<|id|> Kalau dipikir-pikir, Aku subscribe <|en|> Disney+ <|id|> buat akses semua konten <|en|> exclusive."""
1142,<|en|> The <|id|> kateterisasi memakan waktu sekitar 5 jam.
1143,"""<|en|> By the way, Self-awareness <|id|> itu fondasi dari semua bentuk <|en|> personal growth."""
1144,<|id|> Sebenernya <|en|> The <|id|> badai petir kemarin bikin jalanan banjir di beberapa titik.
1145,<|en|> Using R <|id|> bikin ngerjain <|en|> linear algebra <|id|> jadi jauh lebih cepat.
1146,"""<|id|> Omong-omong, <|en|> She buys organic pasta <|id|> meski harganya lebih mahal."""
1147,"""<|en|> To be honest, <|id|> Kemarin aku berhasil <|en|> complete the event <|id|> di <|en|> PUBG <|id|> setelah 3 jam <|en|> grind."""
1148,<|en|> Have you watched the trailer for Oppenheimer? Vibes<|id|>-nya keren banget.
1149,"""<|id|> Omong-omong, Kamu pakai <|en|> Canva <|id|> versi berapa? Yang baru ada fitur <|en|> AI assistant."""
1150,"""<|en|> By the way, <|id|> Minggu depan aku mau <|en|> trip <|id|> ke <|en|> New York, <|id|> udah <|en|> booking hotel <|id|> belum?"""
1151,<|id|> Tugasnya minta bikin <|en|> reflection paper <|id|> soal <|en|> mental health <|id|> minimal 1500 kata.
1152,"""<|id|> Menurutku sih, Udah coba <|en|> Trello <|id|> belum? Katanya <|en|> AI assistant <|id|> nya keren banget."""
1153,"""<|id|> Sebenernya Aku beli sepatu tadi di <|en|> Tiktok Shop, <|id|> lagi ada <|en|> double discount."""
1154,"""<|en|> To be honest, The group therapy <|id|> dia ngebantu banget buat <|en|> manage stress."""
1155,"""<|id|> Menurutku sih, Tolong kirimin <|en|> file ZIP <|id|> nya lewat <|en|> Slack <|id|> ya."""
1156,"""<|id|> Omong-omong, <|en|> I recommend Oppenheimer <|id|> kalau kamu suka genre <|en|> action."""
1157,"""<|id|> Omong-omong, Koneksi <|en|> hotspot <|id|> di sini parah banget, nge-<|en|>reset <|id|> aja susah."""
1158,"""<|id|> Kalau dipikir-pikir, <|en|> My GPA <|id|> jelek banget, harus lebih niat <|en|> study."""
1159,<|en|> Fun fact: <|id|> Kemarin aku berhasil <|en|> finish the questline <|id|> di <|en|> PUBG <|id|> setelah 300 jam <|en|> grind.
1160,<|id|> Jujur aja <|en|> The new <|id|> Superindo di dekat sini lengkap banget produk <|en|> imported <|id|> nya.
1161,"""<|id|> Sebenernya Banjir di Pejaten kemarin parah banget, akses jalan putus."""
1162,<|id|> Aku mau ikut <|en|> exhibition <|id|> komunitas <|en|> cycling <|id|> bulan depan.
1163,"""<|id|> Omong-omong, <|en|> Have you tried the bibimbap <|id|> di Senopati? Antrian-nya panjang banget."""
1164,"""<|en|> To be honest, <|id|> Generasi muda harus lebih aktif terlibat dalam pemilu demokrasi."""
1165,"""<|en|> Sunrise <|id|> di Raja Ampat kemarin indah banget, <|en|> worth the effort."""
1166,"""<|id|> Minggu depan aku mau <|en|> trip <|id|> ke <|en|> Seoul, <|id|> udah <|en|> booking <|id|> tiket pesawat belum?"""
1167,"""<|en|> By the way, <|id|> Minggu depan aku mau <|en|> staycation <|id|> ke <|en|> Bangkok, <|id|> udah <|en|> booking <|id|> tiket pesawat belum?"""
1168,"""<|en|> Honestly, I use Grab <|id|> tiap hari buat pesan ojek."""
1169,<|id|> Jujur aja Gratis ongkir kalau belanja di atas 100 ribu di <|en|> Tokopedia.
1170,"""<|id|> Menurutku sih, <|en|> We're planning a staycation <|id|> keluarga ke Bandung bulan Desember."""
1171,"""<|id|> Minggu depan aku mau <|en|> backpacking <|id|> ke <|en|> Bangkok, <|id|> udah <|en|> booking travel insurance <|id|> belum?"""
1172,"""<|id|> Menurutku sih, Tugasnya minta bikin <|en|> case study <|id|> soal <|en|> biodiversity <|id|> minimal 1500 kata."""
1173,<|en|> The DSLR <|id|> yang aku pakai buat <|en|> cycling <|id|> tuh mahal tapi beneran beda hasilnya.
1174,<|en|> She was diagnosed with <|id|> penyakit <|en|> PCOS <|id|> yang butuh penanganan segera.
1175,<|id|> Kemarin aku berhasil <|en|> get the achievement <|id|> di <|en|> Apex Legends <|id|> setelah 300 jam <|en|> grind.
1176,<|en|> I need to submit my thesis <|id|> sebelum <|en|> deadline <|id|> jam 23.59.
1177,"""<|id|> Omong-omong, Folder <|en|> Downloads <|id|> nya kemana ya? Kok ga ketemu di <|en|> Discord."""
1178,"""<|id|> Omong-omong, Koneksi <|en|> 5G <|id|> di sini parah banget, nge-<|en|>update <|id|> aja susah."""
1179,<|en|> We're planning a family trip <|id|> keluarga ke kampung halaman bulan Desember.
1180,"""<|id|> Omong-omong, <|en|> I'll send the proposal <|id|> setelah meeting selesai ya."""
1181,"""<|id|> Menurutku sih, <|en|> The volcanic sunset <|id|> di sana bikin aku takjub banget."""
1182,<|id|> Aku mau ikut <|en|> meetup <|id|> komunitas <|en|> gardening <|id|> bulan depan. kan?
1183,"""<|id|> Kalau dipikir-pikir, Minggu depan aku mau liburan ke <|en|> Tokyo, <|id|> udah <|en|> booking sim card <|id|> belum?"""
1184,"""<|en|> My parents still don't understand my content creator <|id|> pilihan, sering jadi perdebatan."""
1185,"""<|en|> By the way, <|id|> Tugasnya minta bikin <|en|> reflection paper <|id|> soal <|en|> biodiversity <|id|> minimal 500 kata."""
1186,"""<|id|> Omong-omong, <|en|> Sunrise <|id|> di Labuan Bajo kemarin indah banget, <|en|> worth the effort."""
1187,"""<|id|> Menurutku sih, Tugasnya minta bikin <|en|> reflection paper <|id|> soal <|en|> AI ethics <|id|> minimal 1500 kata."""
1188,<|id|> Kemarin aku berhasil <|en|> finish the questline <|id|> di <|en|> Valorant <|id|> setelah 5 jam <|en|> grind. <|id|> kan?
1189,"""<|id|> Omong-omong, <|en|> Have you tried the local street food <|id|> di <|en|> Bangkok? <|id|> Enak banget katanya."""
1190,"""<|en|> To be honest, smartphone <|id|> ku nge-<|en|>lag <|id|> terus, kayaknya harus di-<|en|>reformat <|id|> deh."""
1191,<|en|> Have you tried <|id|> fitur <|en|> offline mode <|id|> di <|en|> Canva <|id|> yang baru?
1192,"""<|en|> To be honest, <|id|> Kamu masuk divisi humas atau dokumentasi di UKM fotografi?"""
1193,"""<|id|> Omong-omong, <|en|> The slow productivity <|id|> itu intinya tentang mengurangi <|en|> decision fatigue."""
1194,"""<|en|> To be honest, <|id|> Aku beli tas tadi di <|en|> Tiktok Shop, <|id|> lagi ada <|en|> buy 1 get 1."""
1195,<|en|> The professor explained central limit theorem <|id|> dengan analogi yang gampang dimengerti.
1196,<|id|> Jujur aja <|en|> Have you tried <|id|> fitur <|en|> live collaboration <|id|> di <|en|> Linear <|id|> yang baru?
1197,"""<|id|> Kalau dipikir-pikir, <|en|> We're planning a staycation <|id|> keluarga ke Yogyakarta bulan Desember."""
1198,<|en|> The new season update <|id|> di <|en|> Mobile Legends <|id|> banyak yang suka tapi aku kurang cocok.
1199,"""<|id|> Kalau dipikir-pikir, Tolong kirimin <|en|> screenshot <|id|> nya lewat <|en|> Figma <|id|> ya."""
1200,"""<|id|> Menurutku sih, Pemandangan di <|en|> Wakatobi <|id|> itu <|en|> breathtaking <|id|> banget."""
1201,"""<|id|> Omong-omong, Organisasi UKM fotografi lagi buka <|en|> open recruitment <|id|> baru, kamu mau daftar?"""
1202,"""<|id|> Minggu depan aku mau liburan ke <|en|> Lombok, <|id|> udah <|en|> booking travel insurance <|id|> belum? kan?"""
1203,"""<|id|> Omong-omong, Aku udah 20 kali bimbingan tapi hasilnya masih banyak revisi."""
1204,"""<|en|> monitor <|id|> ku nge-<|en|>lag <|id|> terus, kayaknya harus di-<|en|>install <|id|> ulang deh. kan?"""
1205,<|en|> Composting <|id|> adalah cara efektif buat kurangi <|en|> food waste <|id|> di rumah.
1206,"""<|id|> Menurutku sih, Minggu depan aku mau <|en|> backpacking <|id|> ke <|en|> Singapore, <|id|> udah <|en|> booking hotel <|id|> belum?"""
1207,"""<|en|> By the way, The conversion rate <|id|> kita bulan ini naik 20 persen dari <|en|> last quarter."""
1208,<|en|> Have you tried the bibimbap <|id|> di Kemang? Antrian-nya panjang banget.
1209,"""<|en|> Honestly, The new Middle Eastern restaurant <|id|> di Senopati lagi rame banget di <|en|> social media."""
1210,<|id|> Aku prefer naik pesawat daripada <|en|> bus <|id|> kalau jaraknya jauh.
1211,"""<|id|> Omong-omong, <|en|> The new hotfix <|id|> di <|en|> Dota 2 <|id|> banyak yang suka tapi aku kurang cocok."""
1212,"""<|en|> The <|id|> Slipi lagi ada pengerjaan jalan, macetnya parah."""
1213,<|id|> Mending pake <|en|> Traveloka <|id|> buat cari <|en|> itinerary <|id|> yang udah jadi.
1214,"""<|en|> To be honest, My blood pressure <|id|> kata dokter agak tinggi, harus kurangin kafein."""
1215,"""<|id|> Menurutku sih, <|en|> Meeting board <|id|> tadi bahas soal <|en|> budget allocation <|id|> kuartal ini."""
1216,<|id|> Jujur aja Aplikasi Finansialku ngebantu aku buat <|en|> track <|id|> pengeluaran.
1217,<|id|> Gue lagi belajar <|en|> Python <|id|> buat bikin <|en|> side project.
1218,<|id|> Sebenernya Tolong kirimin <|en|> screenshot <|id|> nya lewat <|en|> GitHub <|id|> ya.
1219,<|id|> Udah coba <|en|> Discord <|id|> belum? Katanya <|en|> dark mode <|id|> nya keren banget.
1220,"""<|id|> Aku beli <|en|> headphone <|id|> tadi di <|en|> Tiktok Shop, <|id|> lagi ada <|en|> flash sale. <|id|> kan?"""
1221,<|en|> Fun fact: <|id|> Aku mau ikut <|en|> meetup <|id|> komunitas <|en|> knitting <|id|> bulan depan.
1222,"""<|en|> To be honest, I need to strengthen my literature review <|id|> sebelum sidang."""
1223,<|id|> Sebenernya Aku biasa belanja di <|en|> Hypermart <|id|> karena lebih lengkap dan segar.
1224,<|id|> Jujur aja <|en|> I've been into painting <|id|> sejak 10 tahun lalu dan ga pernah bosen.
1225,"""<|en|> By the way, I need to strengthen my literature review <|id|> sebelum sidang."""
1226,"""<|id|> Menurutku sih, Tolong kirimin <|en|> backup <|id|> nya lewat <|en|> VS Code <|id|> ya."""
1227,<|id|> Jujur aja Kamu masuk divisi humas atau publikasi di BEM?
1228,"""<|id|> Kalau dipikir-pikir, Kayaknya tas itu lagi <|en|> trending <|id|> karena banyak banget yang beli."""
1229,<|id|> Jujur aja <|en|> Let's schedule a standup <|id|> minggu depan buat bahas <|en|> roadmap.
1230,"""<|id|> Aku beli tas tadi di <|en|> Lazada, <|id|> lagi ada <|en|> free shipping."""
1231,"""<|en|> By the way, <|id|> Minggu depan aku mau <|en|> staycation <|id|> ke <|en|> Amsterdam, <|id|> udah <|en|> booking <|id|> tiket pesawat belum?"""
1232,"""<|id|> Aku beli baju tadi di <|en|> Lazada, <|id|> lagi ada <|en|> flash sale."""
1233,"""<|id|> Omong-omong, <|en|> The drawing tablet <|id|> yang aku pakai buat <|en|> painting <|id|> tuh mahal tapi beneran beda hasilnya."""
1234,"""<|id|> Menurutku sih, Aku mau ikut <|en|> exhibition <|id|> komunitas <|en|> photography <|id|> bulan depan."""
1235,<|en|> The concept of rest as resistance <|id|> ngajarin kita buat lebih sayang sama diri sendiri.
1236,"""<|id|> Omong-omong, <|en|> Have you tried <|id|> fitur <|en|> offline mode <|id|> di <|en|> VS Code <|id|> yang baru?"""
1237,"""<|id|> Menurutku sih, Tolong kirimin <|en|> file ZIP <|id|> nya lewat <|en|> GitHub <|id|> ya."""
1238,<|en|> Fun fact: <|id|> Macet Jakarta itu udah level <|en|> nightmare <|id|> pas jam jam 5 sore.
1239,"""<|id|> Jujur aja Minggu depan aku mau <|en|> staycation <|id|> ke Yogyakarta, udah <|en|> booking sim card <|id|> belum?"""
1240,"""<|id|> Kalau dipikir-pikir, Aku prefer ngerjain soal <|en|> linear algebra <|id|> manual dulu sebelum pake kalkulator."""
1241,<|id|> Dokter kasih <|en|> referral <|id|> ke spesialis <|en|> cardiologist. <|id|> kan?
1242,"""<|en|> Honestly, <|id|> Tugasnya minta bikin <|en|> case study <|id|> soal <|en|> biodiversity <|id|> minimal 1500 kata."""
1243,"""<|id|> Menurutku sih, <|en|> Have you tried the local ramen <|id|> di <|en|> Amsterdam? <|id|> Enak banget katanya."""
1244,"""<|en|> To be honest, <|id|> Tolong kirimin <|en|> file ZIP <|id|> nya lewat <|en|> GitHub <|id|> ya."""
1245,"""<|id|> Menurutku sih, Dokter bilang aku harus mulai <|en|> meditation <|id|> buat jaga <|en|> cholesterol."""
1246,<|en|> The e-book <|id|> di perpustakaan udah bisa diakses secara <|en|> online.
1247,"""<|id|> Aku beli <|en|> skincare <|id|> tadi di <|en|> Tiktok Shop, <|id|> lagi ada <|en|> cashback."""
1248,"""<|id|> Kalau dipikir-pikir, The mechanical keyboard <|id|> yang aku pakai buat <|en|> pottery <|id|> tuh mahal tapi beneran beda hasilnya."""
1249,<|id|> Aku prefer naik <|en|> train <|id|> daripada motor kalau jaraknya jauh.
1250,"""<|id|> Aku beli kamera  tadi di <|en|> Lazada,<|id|> lagi ada <|en|> double discount."""
1251,"""<|en|> earbuds <|id|> ku nge-<|en|> lag terus, kayaknya harus di-<|en|> install ulang deh."""
1252,"""<|id|> Omong-omong, <|en|>  Flash sale Tokopedia <|id|> jam 20.00 malem ini jangan sampe ketinggalan."""
1253,"""<|en|> Honestly, <|id|> Kamu masuk divisi media atau humas di <|en|> running club?"""
1254,<|en|> The flight <|id|> ke <|en|> Singapore <|id|> tadi <|en|> delayed <|id|> 1 jam.
1255,<|id|> Aku lagi baca buku <|en|> Deep Work <|id|> yang isinya soal <|en|> financial psychology.
1256,<|en|> The new Mexican restaurant <|id|> di Blok M lagi rame banget di <|en|> social media.
1257,"""<|en|> By the way, Program green campus <|id|> di kampus kita berhasil kurangi sampah 30 persen."""
1258,"""<|id|> Omong-omong, <|en|> I just bought a new earbuds, <|id|> spesifikasinya lumayan buat <|en|>  help my job in video editing."""
1259,"""<|id|> Sebenernya Organisasi <|en|> debating club <|id|> lagi buka <|en|> open recruitment <|id|> baru, kamu mau daftar?"""
1260,<|id|> Rencana <|en|> Idul Adha <|id|> tahun ini mau ke mana?
1261,"""<|en|> By the way, Folder Desktop <|id|> nya kemana ya? Kok ga ketemu di <|en|> Discord."""
1262,<|id|> Kemarin aku berhasil <|en|> complete the event <|id|> di <|en|> Genshin Impact <|id|> setelah 200 jam grind.
1263,"""<|id|> Barusan aku abis beli <|en|> some jewelries <|id|>  di <|en|> Tiktok Shop, <|id|> lagi ada <|en|> free  <|id|> ongkir."""
1264,<|id|> Jujur aja Aku lagi cari <|en|> suitcase <|id|> murah buat perjalanan ke <|en|> Yogyakarta.
1265,"""<|id|> Omong-omong, Macet di <|en|> toll road <|id|> tadi parah banget, sampai 15 jam di jalan."""
1266,"""<|id|>  Aku beli <|en|> skincare <|id|> tadi di <|en|> Zalora, lagi ada <|en|> flash sale."""
1267,<|en|> The secret ingredient <|id|> ternyata <|en|> gochujang <|id|> yang bikin rasanya beda.
1268,"""<|en|> By the way,  I missed the KRL <|id|> tadi karena terlambat 2 menit."""
1269,"""<|id|> Hubungan sosial yang sehat itu perlu <|en|> effort <|id|>dari kedua belah pihak."""
1270,<|en|> Fun fact <|id|> Gue lagi belajar <|en|> Python <|id|> buat bikin <|en|> backend service.
1271,"""<|id|> Minggu depan aku mau <|en|> backpacking <|id|> ke <|en|> New York, <|id|> udah <|en|> booking  sim card <|id|> belum?"""
1272,<|id|> Kamu masuk divisi <|en|> creative <|id|> atau <|en|> documentation <|id|> di <|en|> UKM fotografi?
1273,"""<|en|> By the way, <|id|> jam tangan ini lagi <|en|> sold out <|id|> di mana-mana."""
1274,"""<|id|> Kalau dipikir-pikir,  operasi minor  memakan waktu sekitar <|en|> 1  hour."""
1275,<|en|> Fun fact Indian Restaurant <|id|> baru yang di Mangga Dua itu enak banget.
1276,"""<|id|> Menurutku sih, Aku pake <|en|> air fryer <|id|> buat bikin ayam katsu tadi, hasilnya lebih konsisten."""
1277,<|en|> Fun fact: Kamu masuk divisi <|en|> publishing <|id|> atau <|en|> sponsorship <|id|> di <|en|> journalist club?
1278,"""<|id|> Minggu depan aku mau <|en|> backpacking <|id|> ke <|en|> Yogyakarta, hotel  booking <|id|> udah belum?"""
1279,<|id|> Tau gak gratis <|en|> shipping fee <|id|> kalau belanja di atas 500 ribu di <|en|> Tiktok Shop.
1280,<|id|> Kamu masuk divisi <|en|> media <|id|> atau <|en|> treasury <|id|> di BEM?
1281,<|id|> Udah coba <|en|> Zoom  newest update <|id|> belum? Katanya <|en|> version control <|id|> nya keren banget.
1282,<|en|> We're planning a staycation <|id|> keluarga ke kampung halaman <|id|> bulan Desember.
1283,<|en|> What do you think|id|> kalau aku <|en|> eat fried chicken <|id|> buat sarapan?
1284,"""<|en|> To be honest Korean Restaurant <|id|> baru yang buka di Kemang itu kurang banget."""
1285,<|en|> Have you tried the local sushi <|id|> di <|en|> Manado? <|id|> Enak banget katanya.
1286,<|en|> The ending of Interstellar <|id|> bikin aku nangis seharian.
1287,"""<|en|> Fun fact: Minggu depan aku mau <|en|> trip <|id|> ke <|en|> New York, but I am not sure I will like it  <|id|> atau nggak"""
1288,"""<|en|> Honestly, Have you tried <|id|> fitur <|en|> smart search <|id|> di <|en|> Notion <|id|> yang baru?"""
1289,"""<|id|> Aku beli <|en|> stool and chairs <|id|> tadi di <|en|> Lazada, lagi ada <|en|> double discount."""
1290,"""<|en|> There's a college festival  <|id|> besok jam 15.30, ikut ga?"""
1291,"""<|en|> Fun fact: There's a hackathon <|id|> besok jam 13.00, ikut ga?"""
1292,<|id|> Kamu masuk divisi <|en|> event <|id|> atau <|en|> operations <|id|> di BEM?
1293,<|en|> Fun fact: The neurologist <|id|> bilang ada tanda awal <|en|> thyroid disorder <|id|> yang harus diperhatikan.
1294,"""<|id|> Menurutku sih, Aku lagi cari <|en|> rent apartment <|id|> murah buat perjalanan ke <|en|> Yogyakarta."""
1295,<|en|> Fun fact: The flight <|id|> ke <|en|> Bali <|id|> tadi <|en|> delayed <|id|> 1 jam.
1296,<|id|> Tugasnya minta bikin <|en|> research paper <|id|> soal <|en|> AI ethics in medicine <|id|> minimal 1000 kata kan?
1297,"""<|id|> Kalau dipikir-pikir, Gue lagi belajar <|en|> Rust <|id|> buat bikin <|en|> robust backend service."""
1298,"""<|id|> Omong-omong, Kemarin aku beli <|en|> smartphone and tablet <|id|> baru, RAM <|id|> nya gila sih."""
1299,<|id|> Jujur aja  fitur <|en|> recommendation <|id|> di <|en|> Spotify Music <|id|> yang baru keren banget sih
1300,<|en|> The flight <|id|> ke <|en|> Singapore <|id|> tadi <|en|> earlier <|id|> 1 jam.
1301,"""<|id|> Panitia <|en|> hackathon <|id|> nya capek banget, keliatan butuh bantuan lebih banyak."""
1302,<|en|> I have a sync session <|id|> sama <|en|> stakeholder <|id|> sore ini.
1303,"""<|en|> By the way, Folder Desktop <|id|> nya kemana ya? Kok ga ketemu ya aku cari cari dari tadi."""
1304,"""<|id|> Pindah ke pinggiran Jakarta buat dapat harga rumah yang lebih <|en|> affordable, finally."""
1305,"""<|id|> Kalau dipikir-pikir,  jalan jalan <|en|> when we are stress <|id|> ternyata <|en|> refreshing  <|id|> juga ya"""
1306,"""<|id|> Menurutku sih, She checks the <|en|> AccuWeather <|id|> dulu sebelum keluar rumah tiap paginya."""
1307,"""<|en|> There's a gala dinner <|id|> besok jam 10.00, ikut ga?"""
1308,<|en|> The deforestation <|id|> makin parah dan kita perlu aksi nyata sekarang.
1309,"""<|en|> The new food hall <|id|> di Jakarta Selatan lagi <|en|> trendy <|id|> banget."""
1310,"""<|id|> Aku beli <|en|> detergent and some soaps <|id|> tadi di <|en|> Alfamart, there are  double discount."""
1311,"""<|is|> Kemarin aku berhasil <|en|> win the tournament <|id|> di <|en|> Mobile Legends <|id|> setelah 300 jam gawe."""
1312,"""<|id|> Kalau dipikir-pikir, Tugasnya minta bikin <|en|> lab report <|id|> soal <|en|> mental health <|id|> minimal 10 halaman."""
1313,"""<|en|> I had a falling-out <|id|> sama temen, butuh waktu buat rekonsiliasi."""
1314,"""<|id|> Tugasnya minta bikin <|en|> lab report <|id|> soal <|en|> current geopolitics agenda<|id|> minimal 5 halaman lah."""
1315,"""<|en|> To be honest, Meeting  weekly sync <|id|> tadi bahas soal <|en|> revenue target <|id|> kuartal ini."""
1316,<|en|> I marinated the tofu <|id|> semalam biar bumbu-nya meresap sempurna.
1317,"""<|en|> By the way, Have you tried the local bread <|id|> di <|en|> Amsterdam? <|id|> Enak banget katanya."""
1318,<|en|> The conclusion <|id|> paling susah karena harus <|en|> synthesize <|id|> banyak literatur.
1319,"""<|en|> The review for this luxury bag <|id|> rata-rata 50 bintang, lumayan bagus."""
1320,"""<|en|> My VS Code <|id|> tiba-tiba <|en|> crash <|id|> pas lagi presentasi, malu banget."""
1321,"""<|id|> Kemarin aku berhasil <|en|> win the competition <|id|> di <|en|>gaming tournament <|id|> setelah 30 jam main."""
1322,<|id|> Gue lagi belajar <|en|> Swift <|id|> buat bikin <|en|> side project. <|id|> Keren kan?
1323,"""<|id|> Kemarin aku berhasil <|en|> finish the questline <|id|> di <|en|> Apex Legends <|id|> berjam-jam mikir."""
1324,<|en|> The Jakarta Fair  festival <|id|> di Jakarta setiap tahun selalu ramai banget.
1325,"""<|id|> Minggu depan aku mau <|en|> staycation <|id|> ke <|en|> Singapore, udah pesen <|en|> travel insurance <|id|> belum?"""
1326,<|id|> Kayaknya <|en|> baggy clothes <|id|> itu lagi <|en|> trending <|id|> karena banyak banget yang beli.
1327,<|id|> Aku lagi suka <|en|> forest bathing <|id|> akhir pekan buat jauh dari layar.
1328,<|en|> I spent 5 hours <|id|> ngerjain soal <|en|> for exam tomorrow <|id|> tapi masih salah juga.
1329,"""<|id|> Aku prefer ngerjain soal <|en|> differential equations <|id|> manual dulu sebelum pake kalkulator."""
1330,"""<|en|> I love the street food scene <|id|> di kawasan Senopati, banyak pilihan."""
1331,"""<|id|> Kalau dipikir-pikir, The neurologist <|id|> bilang ada tanda awal <|en|> dementia <|id|> yang harus diperhatikan."""
1332,"""<|en|> By the way, My mom said <|id|> kamu harus dateng <|en|> to my birthday party <|id|> besok di <|en|> Lovely Restaurant?"""
1333,<|id|> Kemarin aku berhasil <|en|> solo rank <|id|> di <|en|> Free <|id|> Fire setelah 20 jam ga berhentimain.
1334,"<|en|> Honestly, Review The Bear <|id|> di internet banyak yang bilang overhyped."
1335,"<|id|> Omong-omong, Minggu depan aku mau <|en|> trip <|id|> ke <|en|> Singapore, <|id|> udah <|en|> booking <|id|> koper belum?"
1336,"<|en|> Honestly, I've been <|id|> journaling setiap malam selama 6 bulan terakhir."
1337,"<|id|> Omong-omong, <|en|> The new <|id|> patch di <|en|> Dota 2 <|id|> banyak yang suka tapi aku kurang cocok."
1338,"<|id|> Aku beli <|en|> headphone <|id|> tadi di Lazada, lagi ada <|en|> cashback."
1339,"<|en|> Fun fact: The office meeting <|id|> room lagi renovasi, agak berisik."
1340,<|id|> Jujur aja Tolong kirimin screenshot nya lewat <|en|> Figma <|id|> ya.
1341,<|id|> Kemarin aku berhasil <|en|> solo rank <|id|> di <|en|> Genshin Impact <|id|> setelah 5 jam <|en|> grind. <|id|> kan?
1342,<|en|> The <|id|> hiking di alam terbuka itu ngebantu aku buat recharge.
1343,<|en|> My <|id|> sketching udah berkembang jadi bisnis side hustle yang lumayan.
1344,"<|id|> Omong-omong, Kabut asap dari kebakaran hutan bikin air <|en|> quality <|id|> index memburuk."
1345,"<|en|> By the way, I need to submit my project proposal <|id|> sebelum <|en|> deadline <|id|> jam 17.00."
1346,<|en|> The <|id|> group's chemistry berubah setelah ada konflik kemarin. kan?
1347,"<|id|> Kalau dipikir-pikir, <|en|> The flight <|id|> ke <|en|> Seoul <|id|> tadi <|en|> delayed 4 <|id|> jam."
1348,"<|en|> To be honest, <|id|> Koneksi <|en|> LAN <|id|> di sini parah banget, nge-update aja susah."
1349,"<|en|> Honestly, <|id|> Pemandangan di Raja Ampat itu breathtaking banget."
1350,"<|id|> Menurutku sih, Dosen bilang kita harus pake MLA buat citation."
1351,"<|id|> Omong-omong, Udah coba <|en|> Figma <|id|> belum? Katanya <|en|> dark mode <|id|> nya keren banget."
1352,<|en|> The <|id|> Loom ngebantu banget buat collaborate sama tim yang remote.
1353,<|id|> Jujur aja Gue lagi belajar JavaScript buat bikin <|en|> mobile app.
1354,"<|id|> Omong-omong, Kemarin aku berhasil <|en|> get the achievement <|id|> di <|en|> Minecraft <|id|> setelah 5 jam <|en|> grind."
1355,"<|en|> By the way, <|id|> Mending naik <|en|> bus <|id|> Damri daripada nyetir sendiri kalau lagi macet."
1356,<|id|> Sebenernya <|en|> The new <|id|> season update di <|en|> Mobile Legends <|id|> banyak yang suka tapi aku kurang cocok.
1357,"<|id|> Jujur aja Aku beli <|en|> headphone <|id|> tadi di <|en|> Tiktok Shop, <|id|> lagi ada <|en|> flash sale."
1358,"<|id|> Menurutku sih, <|en|> The new <|id|> Italian <|en|> restaurant <|id|> di SCBD lagi rame banget di <|en|> social media."
1359,"<|en|> By the way, <|id|> Diskon Natal di mana-mana, waktu yang pas buat belanja."
1360,<|en|> The churn rate <|id|> kita bulan ini naik 20 persen dari <|en|> last quarter.
1361,"<|en|> Honestly, We're planning a road trip <|id|> keluarga ke Yogyakarta bulan Desember."
1362,"<|id|> Menurutku sih, Aku beli kamera tadi di <|en|> Shopee, <|id|> lagi ada <|en|> double discount."
1363,<|en|> The <|id|> Idul Adha gathering tahun ini bakal lebih ramai dari biasanya. kan?
1364,<|en|> The <|id|> Asana ngebantu banget buat collaborate sama tim yang remote.
1365,"<|en|> Honestly, I've been into <|id|> knitting sejak 2 tahun lalu dan ga pernah bosen."
1366,"<|id|> Kalau dipikir-pikir, <|en|> The contract <|id|> harus dikirim ke klien sebelum jam 17.00."
1367,"<|id|> Kalau dipikir-pikir, <|en|> My <|id|> tank di <|en|> game <|id|> ini udah maxed out semua skill-nya."
1368,"<|en|> To be honest, The <|id|> debate around tax reform mencerminkan perbedaan nilai yang mendalam."
1369,"<|en|> By the way, I've been into photography <|id|> sejak 5 tahun lalu dan ga pernah bosen."
1370,"<|id|> Minggu depan aku mau <|en|> trip <|id|> ke <|en|> Tokyo, <|id|> udah <|en|> booking sim card <|id|> belum?"
1371,<|en|> I scheduled a specialist consultation <|id|> untuk cek kondisi tiroid.
1372,"<|id|> Kalau dipikir-pikir, <|en|> I returned the <|id|> sepatu karena ukurannya ga pas."
1373,"<|en|> Honestly, <|id|> Orang tua aku masih belum paham soal digital privacy yang aku jelasin."
1374,"<|en|> Honestly, The review for this <|id|> baju rata-rata 100 bintang, lumayan bagus."
1375,"<|en|> By the way, <|id|> smartphone ku nge-<|en|> lag <|id|> terus, kayaknya harus di-<|en|> reformat <|id|> deh."
1376,<|id|> Sebenernya Kamu pakai <|en|> Linear <|id|> versi berapa? Yang baru ada fitur <|en|> offline mode.
1377,<|id|> Konten knitting aku di sosmed lumayan dapat engagement.
1378,"<|en|> Honestly, <|id|> Kamu pakai <|en|> Zoom <|id|> versi berapa? Yang baru ada fitur <|en|> live collaboration."
1379,"<|id|> Omong-omong, <|en|> My <|id|> tas udah rusak, perlu beli yang baru sebelum wisuda."
1380,"<|id|> Sebenernya <|en|> The <|id|> gathering keluarga reuni kemarin seru banget, banyak yang hadir."
1381,<|id|> Jujur aja Obat antibiotik ini harus diminum 3 kali sehari setelah makan.
1382,"<|id|> Aku beli sepatu tadi di Tokopedia, lagi ada <|en|> buy 1 get 1."
1383,"<|id|> Omong-omong, <|en|> The <|id|> ojek <|en|> online <|id|> tadi <|en|> delayed <|id|> karena ada gangguan teknis."
1384,"<|id|> Jujur aja Banjir di Pluit kemarin parah banget, akses jalan putus."
1385,"<|id|> Menurutku sih, Tolong kirimin <|en|> backup <|id|> nya lewat <|en|> Zoom <|id|> ya."
1386,<|id|> Tugasnya minta bikin <|en|> reflection paper <|id|> soal <|en|> mental health minimal 500 <|id|> kata. kan?
1387,"<|id|> Menurutku sih, Konsep Bayes theorem banyak dipakai di bidang <|en|> data science."
1388,<|id|> Dokter bilang aku harus mulai <|en|> walking <|id|> 10k <|en|> steps <|id|> buat jaga <|en|> blood sugar. <|id|> kan?
1389,<|id|> Jujur aja Kita mau bikin seminar kolaborasi sama kampus lain.
1390,"<|id|> Kalau dipikir-pikir, <|en|> The new <|id|> album from Taylor Swift udah aku dengerin dari pagi tadi."
1391,<|en|> Fun fact: The <|id|> smartphone udah di-update ke <|en|> v15 <|id|> tapi tetep lemot.
1392,<|id|> Jujur aja Gue lagi belajar <|en|> Go <|id|> buat bikin <|en|> mobile app.
1393,<|id|> Vaksin hepatitis <|en|> A <|id|> wajib ya sebelum <|en|> travel <|id|> ke luar negeri.
1394,<|id|> Aku lagi cari <|en|> travel insurance <|id|> murah buat perjalanan ke <|en|> New York.
1395,"<|id|> Minggu depan aku mau <|en|> trip <|id|> ke <|en|> Amsterdam, <|id|> udah <|en|> booking <|id|> tiket pesawat belum?"
1396,"<|en|> My <|id|> GPA jelek banget, harus lebih niat <|en|> study."
1397,<|en|> Fun fact: <|id|> Aku lagi cari koper murah buat perjalanan ke <|en|> New York.
1398,"<|id|> Menurutku sih, <|en|> The review for this <|id|> laptop rata-rata 200 bintang, lumayan bagus."
1399,<|id|> Kamu masuk divisi logistik atau dekorasi di <|en|> coding community?
1400,"<|id|> Omong-omong, <|en|> I just bought a new smartwatch, <|id|> spesifikasinya lumayan buat <|en|> coding."
1401,<|en|> The presentation <|id|> harus dikirim ke klien sebelum jam 09.00.
1402,<|en|> Fun fact: <|id|> Aku lagi nge-<|en|> photography <|id|> setiap <|en|> weekend <|id|> buat hilangin stres.
1403,"<|en|> To be honest, I spent 5 hours <|id|> ngerjain soal differential equations tapi masih salah juga."
1404,<|id|> Sebenernya <|en|> The new <|id|> Superindo di dekat sini lengkap banget produk imported nya.
1405,"<|id|> Menurutku sih, Tim kita kena <|en|> bad teamfight <|id|> karena <|en|> bad <|id|> draft mulu."
1406,<|id|> Tugasnya minta bikin <|en|> reflection paper <|id|> soal digital literacy <|en|> minimal 500 <|id|> kata.
1407,"<|en|> Honestly, We're planning a road trip <|id|> keluarga ke Bandung bulan Maret."
1408,<|en|> Fun fact: <|id|> Aku mau ikut bazaar komunitas <|en|> gardening <|id|> bulan depan.
1409,<|id|> Sebenernya Kemarin aku berhasil <|en|> win the tournament <|id|> di <|en|> Mobile Legends <|id|> setelah 8 jam <|en|> grind.
1410,"<|id|> Koneksi 5G di sini parah banget, nge-install ulang aja susah."
1411,"<|id|> Menurutku sih, Gue lagi belajar <|en|> Go <|id|> buat bikin <|en|> mobile app."
1412,"<|en|> To be honest, Have you tried <|id|> fitur <|en|> dark mode <|id|> di <|en|> Discord <|id|> yang baru?"
1413,"<|en|> Honestly, <|id|> Breaking <|en|> a bad <|id|> habit itu butuh waktu <|en|> minimal 15 <|id|> hari."
1414,"<|id|> Omong-omong, <|en|> My Canva <|id|> tiba-tiba <|en|> crash <|id|> pas lagi presentasi, malu banget."
1415,<|en|> The <|id|> pemilu legislatif kemarin hasilnya cukup mengejutkan banyak pihak. kan?
1416,"<|en|> To be honest, <|id|> Minggu depan aku mau <|en|> trip <|id|> ke Lombok, udah <|en|> booking <|id|> koper belum?"
1417,<|en|> The <|id|> banjir bandang kemarin bikin jalanan banjir di beberapa titik.
1418,"<|en|> Honestly, Have you tried the pasta <|id|> carbonara di Senopati? Antrian-nya panjang banget."
1419,<|en|> The new rework <|id|> di <|en|> PUBG <|id|> banyak yang suka tapi aku kurang cocok.
1420,"<|id|> Omong-omong, Konten <|en|> gardening <|id|> aku di sosmed lumayan dapat engagement."
1421,<|en|> The new <|id|> Thai <|en|> restaurant <|id|> di Senopati lagi rame banget di <|en|> social media.
1422,<|en|> Have you tried the local curry <|id|> di Bangkok? Enak banget katanya.
1423,"<|id|> Omong-omong, Populasi riset aku adalah mahasiswa yang work from home."
1424,"<|id|> Omong-omong, <|en|> The <|id|> gastroenterologist bilang ada tanda awal <|en|> thyroid disorder <|id|> yang harus diperhatikan."
1425,"<|id|> Omong-omong, <|en|> Using <|id|> MATLAB bikin ngerjain <|en|> linear algebra <|id|> jadi jauh lebih cepat."
1426,"<|en|> Honestly, I <|id|> compared prices <|en|> on <|id|> Lazada dan yang di <|en|> Shopee <|id|> lebih murah."
1427,<|en|> I spent 4 hours <|id|> ngerjain soal differential equations tapi masih salah juga.
1428,<|id|> Jujur aja <|en|> We're planning a staycation <|id|> keluarga ke Bandung bulan Maret.
1429,<|id|> Tadi <|en|> meeting <|id|> all-hands nya molor 1 jam dari jadwal.
1430,"<|en|> To be honest, The skincare <|id|> ini lagi sold out di mana-mana."
1431,"<|id|> Sebenernya Aku beli tas tadi di <|en|> Tiktok Shop, <|id|> lagi ada <|en|> double discount."
1432,<|en|> The new <|id|> Thai <|en|> restaurant <|id|> di Kemang lagi rame banget di <|en|> social media.
1433,"<|en|> I just bought a new <|id|> laptop, spesifikasinya lumayan buat <|en|> multitasking."
1434,"<|en|> By the way, <|id|> Seminar <|en|> AI ethics <|id|> kemarin lumayan insightful sih."
1435,"<|en|> To be honest, <|id|> Konten calligraphy aku di sosmed lumayan dapat engagement."
1436,<|id|> Kemarin aku berhasil <|en|> win the tournament <|id|> di <|en|> Free <|id|> Fire setelah 300 jam <|en|> grind.
1437,<|id|> Sebenernya <|en|> We're planning a staycation <|id|> keluarga ke kampung halaman bulan Januari.
1438,"<|id|> Sebenernya Banjir di Kalibata kemarin parah banget, akses jalan putus."
1439,"<|en|> Honestly, <|id|> Kemarin aku berhasil <|en|> win the tournament <|id|> di <|en|> Minecraft <|id|> setelah 200 jam <|en|> grind."
1440,<|en|> Have you tried the <|id|> sushi di SCBD? Antrian-nya panjang banget.
1441,"<|en|> By the way, The group therapy <|id|> dia ngebantu banget buat manage <|en|> stress."
1442,"<|en|> To be honest, monitor <|id|> ku nge-<|en|> lag <|id|> terus, kayaknya harus di-<|en|> reformat <|id|> deh."
1443,"<|id|> Omong-omong, Settingan graphics ku di-lower biar fps stabil."
1444,"<|id|> Jujur aja <|en|> My <|id|> BMI kata dokter agak tinggi, harus kurangin kafein."
1445,"<|id|> Omong-omong, Tolong kirimin screenshot nya lewat <|en|> Linear <|id|> ya."
1446,"<|en|> Honestly, The <|id|> gatal-gatal sudah berlangsung lebih dari 3 minggu."
1447,"<|en|> To be honest, <|id|> Kemarin aku berhasil <|en|> complete the event <|id|> di <|en|> Mobile Legends <|id|> setelah 200 jam <|en|> grind."
1448,"<|en|> To be honest, <|id|> Semester ini aku ambil 21 SKS, lumayan padat jadwalnya."
1449,"<|en|> Honestly, Disinformation about <|id|> hasil pemilu menyebar cepat banget sebelum <|en|> fact-checked."
1450,"<|id|> Omong-omong, Tradisi Idul Adha di keluarga aku itu selalu bikin homesick."
1451,"<|id|> Omong-omong, <|en|> I got a <|id|> legendary item dari loot box tadi!"
1452,<|id|> Kita harus lebih fokus ke SEO buat <|en|> marketing <|id|> nya. kan?
1453,"<|id|> Menurutku sih, <|en|> My <|id|> tas udah rusak, perlu beli yang baru sebelum lebaran."
1454,<|en|> I <|id|> compared prices <|en|> on Tiktok Shop <|id|> dan yang di <|en|> Shopee <|id|> lebih murah.
1455,<|en|> The <|id|> key is <|en|> to <|id|> make your stretching jadi sesuatu yang kamu look forward <|en|> to.
1456,"<|id|> Omong-omong, Kamu pakai <|en|> Trello <|id|> versi berapa? Yang baru ada fitur <|en|> offline mode."
1457,<|en|> Fun fact: <|id|> Opini publik soal korupsi ini terpolarisasi banget di <|en|> media.
1458,<|id|> Aku lagi belajar deposito buat passive income.
1459,<|en|> The <|id|> key <|en|> to <|id|> achieving goals adalah konsistensi jangka panjang.
1460,"<|id|> Omong-omong, Kamu punya rekomendasi <|en|> Mexican <|id|> yang <|en|> authentic <|id|> di Jakarta?"
1461,<|id|> Dokter bilang aku harus mulai <|en|> walking <|id|> 10k <|en|> steps <|id|> buat jaga <|en|> blood pressure. <|id|> kan?
1462,<|en|> The <|id|> ending <|en|> of Oppenheimer <|id|> bikin aku nangis seharian. kan?
1463,"<|en|> By the way, <|id|> Minggu depan aku mau liburan ke Lombok, udah <|en|> booking <|id|> tiket pesawat belum?"
1464,"<|en|> By the way, <|id|> Our pricing model butuh di-revisi sebelum launch bulan depan."
1465,"<|en|> Honestly, <|id|> Banjir di Kemang kemarin parah banget, akses jalan putus."
1466,<|en|> Using Wolfram Alpha <|id|> bikin ngerjain <|en|> linear algebra <|id|> jadi jauh lebih cepat.
1467,"<|id|> Kalau dipikir-pikir, Acara <|en|> gala dinner <|id|> mahasiswa baru gimana, sukses?"
1468,"<|id|> Sebenernya Aku beli <|en|> headphone <|id|> tadi di <|en|> Tiktok Shop, <|id|> lagi ada <|en|> double discount."
1469,<|id|> Konten <|en|> gardening <|id|> aku di sosmed lumayan dapat engagement.
1470,"<|en|> To be honest, <|id|> Kemarin aku berhasil <|en|> complete the event <|id|> di <|en|> Genshin Impact <|id|> setelah 300 jam <|en|> grind."
1471,<|id|> Tolong kirimin <|en|> file ZIP <|id|> nya lewat <|en|> VS Code <|id|> ya.
1472,"<|en|> Honestly, Have you tried the local gelato <|id|> di <|en|> Amsterdam? <|id|> Enak banget katanya."
1473,"<|id|> Menurutku sih, Our go-to-market strategy butuh di-revisi sebelum launch bulan depan."
1474,"<|id|> Omong-omong, <|en|> She went on a <|id|> snorkeling <|en|> solo <|id|> ke Wakatobi minggu lalu."
1475,<|en|> I missed the <|id|> ojek <|en|> online <|id|> tadi karena terlambat 3 menit.
1476,"<|id|> Kalau dipikir-pikir, Aku beli jam tangan tadi di Lazada, lagi ada <|en|> flash sale."
1477,"<|en|> By the way, <|id|> Tim kita kena <|en|> bad teamfight <|id|> karena <|en|> toxic player <|id|> mulu."
1478,<|id|> Sebenernya <|en|> The concept of <|id|> gentle living ngajarin kita buat lebih sayang sama diri sendiri.
1479,<|id|> Jujur aja <|en|> The new <|id|> busway baru di Jakarta katanya bakal selesai tahun depan.
1480,"<|id|> Kalau dipikir-pikir, Kemarin aku beli laptop baru, processor nya gila sih."
1481,"<|en|> Fun fact: My parents still don't understand my freelancer <|id|> pilihan, sering jadi perdebatan."
1482,<|id|> Aku mau ikut <|en|> workshop <|id|> komunitas sketching bulan depan.
1483,<|en|> The <|id|> kamera mirrorless yang aku pakai buat <|en|> photography <|id|> tuh mahal tapi beneran beda hasilnya.
1484,"<|en|> To be honest, <|id|> Lagi cobain keto diet, susah banget tapi hasilnya lumayan."
1485,"<|en|> Honestly, <|id|> Tadi <|en|> meeting weekly <|id|> nya molor 2 jam dari jadwal."
1486,<|en|> Fun fact: <|id|> Udah coba <|en|> Zoom <|id|> belum? Katanya <|en|> smart search <|id|> nya keren banget.
1487,<|id|> Sebenernya Restoran Korean baru yang di Cipete itu enak banget.
1488,<|id|> Ikut Udemy <|en|> online <|id|> buat ningkatin skill public speaking aku.
1489,"<|en|> She's really <|id|> talented <|en|> in gardening, <|id|> karyanya udah banyak yang beli."
1490,"<|id|> Omong-omong, <|en|> The mechanical keyboard <|id|> yang aku pakai buat <|en|> pottery <|id|> tuh mahal tapi beneran beda hasilnya."
1491,"<|en|> By the way, <|id|> Minggu depan aku mau <|en|> backpacking <|id|> ke <|en|> Tokyo, <|id|> udah <|en|> booking hotel <|id|> belum?"
1492,<|en|> She <|id|> buys organic daging sapi meski harganya lebih mahal.
1493,"<|id|> Menurutku sih, Kemarin aku berhasil <|en|> get the achievement <|id|> di <|en|> Apex Legends <|id|> setelah 3 jam <|en|> grind."
1494,<|en|> The <|id|> laptop udah di-update ke <|en|> v15 <|id|> tapi tetep lemot.
1495,"<|en|> By the way, <|id|> Mending beli kamera ori atau KW ya?"
1496,"<|en|> By the way, The <|id|> operasi minor memakan waktu sekitar 7 jam."
1497,<|id|> Sebenernya Learning <|en|> cooking <|id|> butuh waktu tapi proses-nya menyenangkan banget.
1498,<|id|> Sebenernya Aku lagi cari <|en|> travel insurance <|id|> murah buat perjalanan ke <|en|> Singapore.
1499,"<|id|> Kalau dipikir-pikir, Kamu pakai <|en|> Figma <|id|> versi berapa? Yang baru ada fitur <|en|> auto-sync."
1500,"<|id|> Kalau dipikir-pikir, Restoran Thai baru yang di Senopati itu enak banget."
1501,"<|en|> My <|id|> acid reflux kambuh lagi, kayaknya gara-gara kurang hydration."
1502,"<|en|> By the way, <|id|> Kebijakan UU ITE yang baru ini banyak pro dan kontranya."
1503,"<|id|> Kalau dipikir-pikir, Aku beli <|en|> skincare <|id|> tadi di Zalora, lagi ada <|en|> buy 1 get 1."
1504,"<|en|> Honestly, <|id|> Minggu depan aku mau <|en|> staycation <|id|> ke <|en|> Amsterdam, <|id|> udah <|en|> booking hotel <|id|> belum?"
1505,"<|id|> Omong-omong, Udah coba <|en|> GitHub <|id|> belum? Katanya <|en|> smart search <|id|> nya keren banget."
1506,"<|id|> Sebenernya <|en|> The loneliness <|id|> jadi anak rantau tuh berat, tapi bikin <|en|> independent."
1507,"<|id|> Omong-omong, Aku beli sepatu tadi di <|en|> Tiktok Shop, <|id|> lagi ada <|en|> double discount."
1508,"<|id|> Jujur aja Aku beli <|en|> skincare <|id|> tadi di <|en|> Shopee, <|id|> lagi ada <|en|> double discount."
1509,"<|id|> Aku pake instant pot buat bikin soto ayam tadi, hasilnya lebih konsisten."
1510,<|id|> Tugasnya minta bikin <|en|> research paper <|id|> soal digital literacy <|en|> minimal 500 <|id|> kata.
1511,<|id|> Sebenernya Temen aku lagi curhat soal boundary violation sama pasangannya.
1512,"<|id|> Menurutku sih, <|en|> She committed to a <|id|> journaling challenge selama 6 hari dan hasilnya keren."
1513,<|id|> Sebenernya Kemarin aku berhasil <|en|> get the achievement <|id|> di <|en|> PUBG <|id|> setelah 3 jam <|en|> grind.
1514,<|en|> She <|id|> makes <|en|> a <|id|> detailed meal plan <|en|> list <|id|> sebelum pergi ke <|en|> supermarket.
1515,"<|id|> Omong-omong, <|en|> I <|id|> tend <|en|> to <|id|> snack too much lebih sering sejak kerja dari rumah."
1516,<|id|> Sebenernya Kita harus lebih fokus ke SEO buat <|en|> marketing <|id|> nya.
1517,"<|en|> Fun fact: <|id|> smartphone ku nge-<|en|> lag <|id|> terus, kayaknya harus di-<|en|> reset <|id|> deh."
1518,<|id|> Kemarin aku berhasil <|en|> solo rank <|id|> di <|en|> Free <|id|> Fire setelah 5 jam <|en|> grind. <|id|> kan?
1519,<|en|> The <|id|> dermatologist bilang ada tanda awal <|en|> anemia <|id|> yang harus diperhatikan. kan?
1520,<|id|> Kamu masuk divisi <|en|> media <|id|> atau publikasi di <|en|> coding community?
1521,<|en|> I've been into <|id|> knitting sejak 2 tahun lalu dan ga pernah bosen. kan?
1522,<|id|> Belanja <|en|> groceries <|id|> dulu buat meal prep minggu ini.
1523,"<|id|> Omong-omong, Kamu masuk divisi logistik atau publikasi di UKM fotografi?"
1524,<|en|> I recommend Everything Everywhere <|id|> kalau kamu suka <|en|> genre action.
1525,"<|en|> By the way, <|id|> Tradisi Nyepi di keluarga aku itu selalu bikin homesick."
1526,<|id|> Tugasnya minta bikin <|en|> research paper <|id|> soal <|en|> AI ethics minimal 500 <|id|> kata.
1527,<|en|> Folder Desktop <|id|> nya kemana ya? Kok ga ketemu di <|en|> Discord.
1528,"<|id|> Omong-omong, <|en|> The <|id|> DPR berperan penting dalam menjaga checks and balances."
1529,"<|en|> My cholesterol <|id|> kata dokter agak tinggi, harus kurangin kafein."
1530,<|en|> The seasonal event <|id|> di <|en|> Free <|id|> Fire kasih <|en|> reward <|id|> yang bagus banget.
1531,<|id|> Jujur aja <|en|> Meeting <|id|> board tadi bahas soal <|en|> market expansion <|id|> kuartal ini.
1532,"<|id|> Kalau dipikir-pikir, Minggu depan aku mau <|en|> staycation <|id|> ke <|en|> Amsterdam, <|id|> udah <|en|> booking <|id|> tiket pesawat belum?"
1533,<|id|> Jujur aja <|en|> Have you tried <|id|> fitur <|en|> AI assistant <|id|> di <|en|> Trello <|id|> yang baru?
1534,<|en|> The <|id|> kamera mirrorless yang aku pakai buat <|en|> pottery <|id|> tuh mahal tapi beneran beda hasilnya.
1535,<|en|> I need to <|id|> strengthen <|en|> my <|id|> discussion sebelum sidang.
1536,<|en|> I returned the headphone <|id|> karena ukurannya ga pas.
1537,<|en|> She prepared special <|id|> ketupat buat Natal <|en|> celebration.
1538,"<|en|> Honestly, I <|id|> compared prices <|en|> on <|id|> Lazada dan yang di official store lebih murah."
1539,<|id|> Jujur aja Restoran Thai baru yang di Cipete itu enak banget.
1540,"<|en|> Fun fact: She's really <|id|> talented <|en|> in <|id|> calligraphy, karyanya udah banyak yang beli."
1541,<|en|> The collab event <|id|> di <|en|> Genshin Impact <|id|> kasih <|en|> reward <|id|> yang bagus banget. kan?
1542,<|en|> The new <|id|> Japanese <|en|> restaurant <|id|> di Kemang lagi rame banget di <|en|> social media.
1543,"<|en|> Honestly, <|id|> Aku beli laptop tadi di <|en|> Tiktok Shop, <|id|> lagi ada <|en|> flash sale."
1544,"<|id|> Sebenernya <|en|> The <|id|> seminar kemarin seru banget, sayang kamu ga dateng."
1545,<|en|> Fun fact: The <|id|> Airbnb di sana <|en|> fully booked <|id|> pas tanggal itu.
1546,<|id|> Sebenernya Pisahkan <|en|> grocery budget <|id|> dari pengeluaran lainnya biar lebih teratur.
1547,<|en|> The <|id|> club's <|en|> workshop <|id|> bakal diadain <|en|> next <|id|> month di aula.
1548,"<|id|> Omong-omong, <|en|> The <|id|> danau tiga warna di sana bikin aku takjub banget."
1549,"<|id|> Aku beli laptop tadi di <|en|> Shopee, <|id|> lagi ada <|en|> cashback."
1550,"<|id|> Sebenernya Minggu depan aku mau liburan ke Bangkok, udah <|en|> booking <|id|> tiket pesawat belum?"
1551,<|en|> Flash sale <|id|> Tokopedia jam 20.00 malem ini jangan sampe ketinggalan.
1552,"<|id|> Aku beli baju tadi di <|en|> Shopee, <|id|> lagi ada <|en|> double discount. <|id|> kan?"
1553,"<|en|> Honestly, I'll send the <|id|> MOU setelah <|en|> meeting <|id|> selesai ya."
1554,<|id|> Jujur aja Tugasnya minta bikin <|en|> critical essay <|id|> soal <|en|> AI ethics minimal 500 <|id|> kata.
1555,"<|id|> Kalau dipikir-pikir, Minggu depan aku mau liburan ke <|en|> Seoul, <|id|> udah <|en|> booking sim card <|id|> belum?"
1556,"<|id|> Kalau dipikir-pikir, <|en|> tablet <|id|> ku nge-<|en|> lag <|id|> terus, kayaknya harus di-update deh."
1557,"<|id|> Omong-omong, <|en|> I <|id|> tend <|en|> to <|id|> procrastinate lebih sering sejak kerja dari rumah."
1558,"<|id|> Menurutku sih, Gue lagi belajar <|en|> Python <|id|> buat bikin web <|en|> app."
1559,"<|id|> Kalau dipikir-pikir, <|en|> I need to submit my thesis <|id|> sebelum <|en|> deadline <|id|> jam 17.00."
1560,"<|en|> By the way, My insomnia <|id|> kambuh lagi, kayaknya gara-gara kurang nutrition."
1561,<|en|> I recommend Squid Game <|id|> kalau kamu suka <|en|> genre action. <|id|> kan?
1562,<|id|> Jujur aja Kamu masuk divisi logistik atau dekorasi di UKM fotografi?
1563,"<|id|> Omong-omong, Kamu udah lihat payday <|en|> sale <|id|> di Zalora belum? Banyak yang murah banget."
1564,"<|en|> To be honest, The <|id|> susu di <|en|> supermarket <|id|> tadi lagi <|en|> on sale 20 <|id|> persen."
1565,"<|id|> Omong-omong, Minggu depan aku mau liburan ke <|en|> Paris, <|id|> udah <|en|> booking hotel <|id|> belum?"
1566,"<|id|> Omong-omong, Aku beli baju tadi di Zalora, lagi ada <|en|> double discount."
1567,"<|id|> Menurutku sih, <|en|> My <|id|> jam tangan udah rusak, perlu beli yang baru sebelum kondangan."
1568,<|id|> Kamu pakai <|en|> Zoom <|id|> versi berapa? Yang baru ada fitur <|en|> dark mode.
1569,"<|en|> To be honest, <|id|> Minggu depan aku mau liburan ke Bali, udah <|en|> booking <|id|> tiket pesawat belum?"
1570,"<|en|> To be honest, <|id|> Kemarin aku berhasil <|en|> solo rank <|id|> di <|en|> Minecraft <|id|> setelah 5 jam <|en|> grind."
1571,"<|id|> Omong-omong, Kemarin aku beli smartphone baru, <|en|> battery life <|id|> nya gila sih."
1572,"<|id|> Menurutku sih, Nilai <|en|> midterm <|id|> ku turun, kayaknya karena kurang <|en|> review."
1573,"<|en|> To be honest, The pad <|id|> thai di sana juara, wajib dicoba kalau ke sana."
1574,"<|id|> Menurutku sih, <|en|> I got a 10% discount <|id|> pake voucher yang dikasih Zalora."
1575,"<|en|> My <|id|> acid reflux kambuh lagi, kayaknya gara-gara kurang sleep. kan?"
1576,"<|id|> Jujur aja Aku beli jam tangan tadi di Zalora, lagi ada <|en|> double discount."
1577,"<|id|> Omong-omong, Dokter bilang aku harus mulai <|en|> cardio <|id|> buat jaga BMI."
1578,"<|en|> By the way, The tablet <|id|> udah di-update ke <|en|> v15 <|id|> tapi tetep lemot."
1579,"<|en|> Honestly, <|id|> Aku beli baju tadi di Lazada, lagi ada <|en|> buy 1 get 1."
1580,"<|en|> To be honest, <|id|> Kemarin aku berhasil <|en|> win the tournament <|id|> di <|en|> Apex Legends <|id|> setelah 300 jam <|en|> grind."
1581,"<|id|> Let's queue together nanti malem, aku mau push <|en|> rank."
1582,"<|id|> Tadi ada <|en|> hackathon <|id|> di kampus, lumayan banyak yang ikut."
1583,"<|id|> Kalau dipikir-pikir, Minggu depan aku mau <|en|> staycation <|id|> ke Bali, udah <|en|> booking travel insurance <|id|> belum?"
1584,"<|id|> Kalau dipikir-pikir, Aku nyoba <|en|> recipe <|id|> baru hari ini, soto ayam ala rumahan."
1585,"<|en|> By the way, Have you tried the local <|id|> ramen di Yogyakarta? Enak banget katanya."
1586,"<|id|> Sebenernya <|en|> The resort review<|id|> -nya bagus, tapi agak pricey buat <|en|> budget <|id|> aku."
1587,"<|en|> By the way, <|id|> Aku beli laptop tadi di <|en|> Shopee, <|id|> lagi ada <|en|> free shipping."
1588,"<|id|> Sebenernya <|en|> The <|id|> dividend yield bulan ini lumayan bagus, naik 20 persen dari bulan lalu."
1589,"<|id|> Omong-omong, Aku udah 6 kali bimbingan tapi hasilnya masih banyak revisi."
1590,"<|id|> Omong-omong, <|en|> The <|id|> aurora di sana bikin aku takjub banget."
1591,"<|id|> Omong-omong, Gratis ongkir kalau belanja di atas 500 ribu di Tokopedia."
1592,<|id|> Sebenernya Udah coba <|en|> Canva <|id|> belum? Katanya <|en|> live collaboration <|id|> nya keren banget.
1593,<|id|> Jujur aja <|en|> Folder <|id|> cache nya kemana ya? Kok ga ketemu di <|en|> GitHub.
1594,"<|en|> By the way, <|id|> Tugasnya minta bikin <|en|> research paper <|id|> soal <|en|> economic inequality minimal 1500 <|id|> kata."
1595,"<|en|> To be honest, <|id|> Kamu masuk divisi humas atau dekorasi di <|en|> coding community?"
1596,"<|id|> Minggu depan aku mau <|en|> staycation <|id|> ke <|en|> New York, <|id|> udah <|en|> booking <|id|> koper belum?"
1597,<|id|> Kita harus lebih fokus ke paid ads buat <|en|> marketing <|id|> nya.
1598,"<|id|> Menurutku sih, <|en|> The review for this <|id|> tas rata-rata 50 bintang, lumayan bagus."
1599,"<|id|> Omong-omong, <|en|> The <|id|> doctor recommended istirahat total dan minum iron supplements setiap seminggu sekali."
1600,"<|en|> Honestly, I've been pulling 21 <|id|> hari berturut-turut begadang buat <|en|> project <|id|> kelompok."
1601,"<|id|> Omong-omong, Aku lebih pilih <|en|> walking <|id|> kalau jaraknya di bawah 1 km."
1602,"<|id|> Kalau dipikir-pikir, Kamu masuk divisi kreatif atau dekorasi di UKM fotografi?"
1603,"<|id|> Menurutku sih, <|en|> The <|id|> debate around <|en|> data <|id|> privacy law mencerminkan perbedaan nilai yang mendalam."
1604,"<|en|> By the way, I missed the bus <|id|> Damri tadi karena terlambat 3 menit."
1605,<|en|> Fun fact: <|id|> Lagi <|en|> binge-watching series The Crown <|id|> dari tadi malem.
1606,"<|en|> By the way, <|id|> Kemarin aku berhasil <|en|> finish the questline <|id|> di <|en|> Mobile Legends <|id|> setelah 300 jam <|en|> grind."
1607,"<|id|> Omong-omong, Tugasnya minta bikin <|en|> reflection paper <|id|> soal <|en|> economic inequality minimal 500 <|id|> kata."
1608,<|id|> Jujur aja Tugasnya minta bikin <|en|> case study <|id|> soal <|en|> economic inequality minimal 2000 <|id|> kata.
1609,<|en|> We're planning a family trip <|id|> keluarga ke Bandung bulan Maret.
1610,"<|id|> Jujur aja Banjir di Pejaten kemarin parah banget, akses jalan putus."
1611,"<|en|> By the way, She's really <|id|> talented <|en|> in <|id|> knitting, karyanya udah banyak yang beli."
1612,"<|id|> Omong-omong, <|en|> We're planning a staycation <|id|> keluarga ke kampung halaman bulan Desember."
1613,"<|id|> Kalau dipikir-pikir, <|en|> The <|id|> anniversary <|en|> event <|id|> di <|en|> Free <|id|> Fire kasih <|en|> reward <|id|> yang bagus banget."
1614,<|en|> Have you tried <|id|> fitur <|en|> auto-sync <|id|> di <|en|> Trello <|id|> yang baru?
1615,<|id|> Jujur aja Aku lagi nge-<|en|> pottery <|id|> setiap <|en|> weekend <|id|> buat hilangin stres.
1616,"<|en|> Honestly, <|id|> Koneksi <|en|> LAN <|id|> di sini parah banget, nge-restart aja susah."
1617,<|id|> Kamu masuk divisi <|en|> media <|id|> atau dokumentasi di <|en|> coding community?
1618,<|en|> I <|id|> set <|en|> up a <|id|> dedicated desk corner biar lebih fokus kerja dari rumah.
1619,"<|id|> Panitia festival kampus nya kelelahan banget, butuh bantuan lebih banyak. kan?"
1620,"<|id|> Jujur aja Aku beli sepatu tadi di <|en|> Shopee, <|id|> lagi ada <|en|> buy 1 get 1."
1621,"<|id|> Kalau dipikir-pikir, Tugasnya minta bikin <|en|> critical essay <|id|> soal <|en|> economic inequality minimal 500 <|id|> kata."
1622,<|id|> Aku lagi obsessed sama <|en|> croffle <|id|> belakangan ini.
1623,<|en|> Using <|id|> MATLAB bikin ngerjain differential equations jadi jauh lebih cepat. kan?
1624,"<|en|> Honestly, <|id|> Gunung Merbabu itu masuk <|en|> list <|id|> bucket <|en|> list <|id|> aku sejak lama."
1625,"<|en|> To be honest, The new <|id|> hotfix di <|en|> Dota 2 <|id|> banyak yang suka tapi aku kurang cocok."
1626,<|en|> Fun fact: I've been into <|id|> sketching sejak 5 tahun lalu dan ga pernah bosen.
1627,<|en|> The Python framework <|id|> ini lagi <|en|> trending <|id|> banget sekarang.
1628,<|en|> The <|id|> anniversary <|en|> event <|id|> di <|en|> Mobile Legends <|id|> kasih <|en|> reward <|id|> yang bagus banget.
1629,<|en|> Have you tried the local <|id|> sushi di Bangkok? Enak banget katanya.
1630,"<|id|> Minggu depan aku mau <|en|> trip <|id|> ke Bangkok, udah <|en|> booking <|id|> koper belum? kan?"
1631,<|id|> Aku lagi belajar crypto buat passive income.
1632,"<|id|> Menurutku sih, Kamu masuk divisi humas atau <|en|> sponsorship <|id|> di debating <|en|> club?"
1633,<|id|> Sebenernya Kemarin aku berhasil <|en|> get the achievement <|id|> di <|en|> Genshin Impact <|id|> setelah 5 jam <|en|> grind.
1634,<|id|> Jujur aja <|en|> I need to submit my thesis <|id|> sebelum <|en|> deadline <|id|> jam 12.00.
1635,<|id|> Kamu masuk divisi kreatif atau publikasi di <|en|> coding community?
1636,"<|id|> Omong-omong, Minggu depan aku mau <|en|> trip <|id|> ke Bali, udah <|en|> booking <|id|> koper belum?"
1637,"<|en|> Honestly, <|id|> Kamu masuk divisi kreatif atau publikasi di BEM?"
1638,<|id|> Restoran Japanese baru yang di Senopati itu enak banget.
1639,<|id|> Tolong kirimin PDF nya lewat <|en|> Trello <|id|> ya.
1640,"<|en|> By the way, Have you tried the local street food <|id|> di Lombok? Enak banget katanya."
1641,"<|en|> To be honest, <|id|> Kemarin aku berhasil <|en|> finish the questline <|id|> di <|en|> Dota 2 <|id|> setelah 300 jam <|en|> grind."
1642,"<|en|> Honestly, The slow productivity <|id|> itu intinya tentang mengurangi decision fatigue."
1643,"<|id|> Omong-omong, Tugasnya minta bikin <|en|> reflection paper <|id|> soal <|en|> climate change minimal 500 <|id|> kata. kan?"
1644,<|en|> Have you tried the local gelato <|id|> di <|en|> Amsterdam? <|id|> Enak banget katanya. kan?
1645,<|en|> I missed the <|id|> TransJakarta tadi karena terlambat 30 menit.
1646,"<|en|> By the way, <|id|> Kemarin aku beli <|en|> monitor <|id|> baru, <|en|> battery life <|id|> nya gila sih."
1647,"<|id|> Menurutku sih, Nilai UTS ku turun, kayaknya karena kurang practice."
1648,<|id|> Sebenernya <|en|> The <|id|> conversion <|en|> rate <|id|> kita bulan ini naik 10 persen dari <|en|> last quarter.
1649,"<|id|> Kalau dipikir-pikir, <|en|> The mechanical keyboard <|id|> yang aku pakai buat cycling tuh mahal tapi beneran beda hasilnya."
1650,"<|en|> To be honest, The trail to <|id|> Dieng butuh waktu 5 jam untuk diselesaikan."
1651,"<|id|> Macet di tol dalam kota tadi parah banget, sampai 1 jam di jalan. kan?"
1652,"<|en|> To be honest, The flight <|id|> ke <|en|> Singapore <|id|> tadi <|en|> delayed 1 <|id|> jam."
1653,"<|id|> Menurutku sih, Seminar <|en|> mental health <|id|> kemarin lumayan insightful sih."
1654,"<|en|> Fun fact: <|id|> Minggu depan aku mau <|en|> trip <|id|> ke Bali, udah <|en|> booking <|id|> tiket pesawat belum?"
1655,<|id|> Sebenernya <|en|> The <|id|> ending <|en|> of Interstellar <|id|> bikin aku nangis seharian.
1656,"<|en|> To be honest, Flash sale <|id|> Lazada jam 20.00 malem ini jangan sampe ketinggalan."
1657,"<|en|> By the way, I lost my hotel <|id|> pas di bandara tadi, panik banget."
1658,"<|id|> Omong-omong, Kamu pakai <|en|> Trello <|id|> versi berapa? Yang baru ada fitur <|en|> AI assistant. <|id|> kan?"
1659,"<|en|> To be honest, <|id|> Tim kita kena early <|en|> game <|id|> wipe karena <|en|> bad <|id|> draft mulu."
1660,"<|id|> ""Omong-omong, <|en|> Folder <|id|> cache nya kemana ya? Kok ga ketemu di <|en|> Notion."
1661,<|id|> Gue lagi belajar <|en|> TypeScript <|id|> buat bikin <|en|> web app. <|id|> kan?
1662,<|en|> She went on a kayaking <|id|> solo ke Wakatobi minggu lalu.
1663,"<|id|> Kalau dipikir-pikir, <|en|> The DSLR <|id|> yang aku pakai buat <|en|> knitting <|id|> tuh mahal tapi beneran beda hasilnya."
1664,"<|en|> To be honest, I compared prices on Tokopedia <|id|> dan yang di <|en|> official store <|id|> lebih murah."
1665,<|en|> She's been really active in the BEM <|id|> sejak semester satu. <|id|> kan?
1666,<|id|> Kemarin aku berhasil <|en|> solo rank <|id|> di <|en|> Dota 2 <|id|> setelah 8 jam grind.
1667,"<|id|> Sebenernya Minggu depan aku mau liburan ke <|en|> Bangkok, <|id|> udah booking <|en|> travel insurance <|id|> belum?"
1668,<|en|> The kamera mirrorless <|id|> yang aku pakai buat <|en|> pottery <|id|> tuh mahal tapi beneran beda hasilnya.
1669,"<|id|> Kalau dipikir-pikir, <|en|> The <|id|> mual sudah berlangsung lebih dari 3 minggu."
1670,"<|en|> By the way, <|id|> Minggu depan aku mau <|en|> backpacking <|id|> ke <|en|> Bali, <|id|> udah booking <|en|> travel insurance <|id|> belum?"
1671,"<|id|> Minggu depan aku mau liburan ke <|en|> Lombok, <|id|> udah booking koper belum?"
1672,"<|id|> Kalau dipikir-pikir, <|en|> Have you watched the trailer for Interstellar? <|id|> Vibes-nya keren banget."
1673,"<|en|> By the way, The braising <|id|> bikin tekstur makanannya jauh lebih enak."
1674,"<|id|> Minggu depan aku mau liburan ke <|en|> Bangkok, <|id|> udah booking <|en|> travel insurance <|id|> belum? <|id|> kan?"
1675,"<|en|> By the way, <|id|> Udah nonton <|en|> The Crown <|id|> belum? Bagus banget <|en|> plot <|id|> nya."
1676,"<|id|> Kalau dipikir-pikir, <|en|> The monitor <|id|> udah di-update ke <|en|> v14 <|id|> tapi tetep lemot."
1677,<|id|> Kita perlu bikin <|en|> proposal <|id|> buat presentasi ke <|en|> investor.
1678,"<|id|> Omong-omong, Kemarin aku berhasil <|en|> complete the event <|id|> di <|en|> Dota 2 <|id|> setelah 3 jam grind."
1679,<|en|> I returned the <|id|> baju karena ukurannya ga pas. <|id|> kan?
1680,<|id|> Kemarin aku berhasil <|en|> complete the event <|id|> di <|en|> PUBG <|id|> setelah 3 jam grind.
1681,"<|en|> To be honest, Kemarin aku berhasil <|en|> solo rank <|id|> di <|en|> Mobile Legends <|id|> setelah 3 jam grind."
1682,"<|en|> To be honest, The <|id|> endoskopi memakan waktu sekitar 2 jam."
1683,<|id|> Udah coba <|en|> Slack <|id|> belum? Katanya <|en|> auto-sync <|id|> nya keren banget. <|id|> kan?
1684,"<|id|> Sebenernya Komunikasi dalam keluarga itu kunci, terutama soal <|en|> expectations."
1685,"<|id|> Aku beli tas tadi di <|en|> Shopee, <|id|> lagi ada <|en|> cashback. <|id|> kan?"
1686,"<|en|> Honestly, <|id|> Kamu masuk divisi logistik atau publikasi di UKM fotografi?"
1687,<|id|> Udah coba <|en|> Linear <|id|> belum? Katanya <|en|> smart search <|id|> nya keren banget.
1688,<|id|> Jujur aja <|en|> I've been trying to reduce my energy consumption <|id|> dengan cara naik transportasi umum.
1689,"<|id|> Omong-omong, Aku beli sepatu tadi di <|en|> Tokopedia, <|id|> lagi ada <|en|> flash sale."
1690,<|en|> I've been journaling <|id|> setiap malam selama 6 bulan terakhir.
1691,"<|en|> To be honest, <|id|> Tugasnya minta bikin <|en|> research paper <|id|> soal <|en|> AI ethics <|id|> minimal 2000 kata."
1692,"<|en|> Fun fact: The <|id|> ketua baru baru udah dipilih, dia yang terpilih."
1693,"<|id|> Kalau dipikir-pikir, <|en|> The flight <|id|> ke <|en|> Bangkok <|id|> tadi <|en|> delayed <|id|> 1 jam."
1694,<|id|> Kemarin aku berhasil <|en|> get the achievement <|id|> di <|en|> Mobile Legends <|id|> setelah 300 jam grind. <|id|> kan?
1695,"<|en|> Honestly, <|id|> Aku beli jam tangan tadi di <|en|> Zalora, <|id|> lagi ada <|en|> flash sale."
1696,"<|id|> Kalau dipikir-pikir, Tugasnya minta bikin <|en|> research paper <|id|> soal <|en|> economic inequality <|id|> minimal 1500 kata."
1697,<|id|> Tradisi <|en|> Nyepi <|id|> di keluarga aku itu selalu bikin <|en|> homesick.
1698,<|en|> I scheduled a follow-up appointment <|id|> untuk cek kondisi tulang.
1699,"<|id|> Omong-omong, Kemarin aku berhasil <|en|> win the tournament <|id|> di <|en|> Genshin Impact <|id|> setelah 200 jam grind."
1700,<|id|> Aku lagi cari <|en|> sim card <|id|> murah buat perjalanan ke <|en|> Paris.
1701,"<|id|> Omong-omong, <|en|> The <|id|> daging sapi di supermarket tadi lagi <|en|> on sale <|id|> 30 persen."
1702,<|id|> Kemarin aku berhasil <|en|> get the achievement <|id|> di <|en|> Mobile Legends <|id|> setelah 8 jam grind.
1703,"<|en|> Honestly, <|id|> Koneksi <|en|> 5G <|id|> di sini parah banget, nge-restart aja susah."
1704,<|id|> Jujur aja Folder <|en|> cache <|id|> nya kemana ya? Kok ga ketemu di <|en|> Discord.
1705,"<|en|> Honestly, My roommate <|id|> kebiasaan tidur larut malam, ganggu konsentrasi aku."
1706,"<|en|> By the way, <|id|> Restoran <|en|> Italian <|id|> baru yang di Cipete itu enak banget."
1707,<|id|> Kemarin aku berhasil <|en|> finish the questline <|id|> di <|en|> Free Fire <|id|> setelah 200 jam grind.
1708,"<|id|> Kalau dipikir-pikir, <|en|> The doctor recommended <|id|> istirahat total dan minum <|en|> vitamin D <|id|> setiap pagi dan malam."
1709,<|en|> Fun fact: Have you tried <|id|> fitur <|en|> AI assistant <|id|> di <|en|> Discord <|id|> yang baru?
1710,<|id|> Kamu masuk divisi acara atau <|en|> sponsorship <|id|> di <|en|> BEM?
1711,<|id|> Tolong kirimin <|en|> backup <|id|> nya lewat <|en|> Linear <|id|> ya.
1712,"<|en|> Fun fact: <|id|> Ping aku lagi 300ms, susah <|en|> aim <|id|> beneran."
1713,"<|en|> By the way, <|id|> Aku lagi cari <|en|> hotel <|id|> murah buat perjalanan ke <|en|> Paris."
1714,"<|en|> Fun fact: <|id|> Printer kantor nge-hang lagi, paling ga enak kalau lagi banyak kerjaan."
1715,<|id|> Sebenernya Tolong kirimin <|en|> backup <|id|> nya lewat <|en|> Zoom <|id|> ya.
1716,<|en|> The smartphone <|id|> udah di-update ke <|en|> iOS 18 <|id|> tapi tetep lemot.
1717,<|id|> Kamu masuk divisi humas atau publikasi di UKM fotografi?
1718,<|id|> Jujur aja <|en|> I compared prices on Shopee <|id|> dan yang di <|en|> Shopee <|id|> lebih murah.
1719,"<|en|> To be honest, Kemarin aku berhasil <|en|> win the tournament <|id|> di <|en|> Minecraft <|id|> setelah 8 jam grind."
1720,"<|id|> Sebenernya <|en|> Taking a nature walk <|id|> itu bukan egois, itu <|en|> necessary."
1721,"<|id|> Omong-omong, Aku beli <|en|> skincare <|id|> tadi di <|en|> Lazada, <|id|> lagi ada <|en|> buy 1 get 1."
1722,<|id|> Jujur aja Kemarin aku berhasil <|en|> complete the event <|id|> di <|en|> PUBG <|id|> setelah 3 jam grind.
1723,"<|en|> Honestly, <|id|> Kamu masuk divisi logistik atau dekorasi di UKM fotografi?"
1724,<|id|> Kita harus lebih peka terhadap <|en|> boundary violation <|id|> yang orang lain rasakan.
1725,"<|en|> Honestly, <|id|> Aku beli <|en|> laptop <|id|> tadi di <|en|> Shopee, <|id|> lagi ada <|en|> double discount."
1726,<|id|> Jujur aja Program <|en|> zero waste <|id|> di kampus kita berhasil kurangi sampah 20 persen.
1727,"<|en|> By the way, The CAC <|id|> kita bulan ini naik 20 persen dari <|en|> last quarter."
1728,"<|en|> Fun fact: There's a seminar <|id|> besok jam 10.00, ikut ga?"
1729,<|id|> Jujur aja <|en|> The atomic habits <|id|> itu intinya tentang mengurangi <|en|> decision fatigue.
1730,"<|en|> To be honest, <|id|> Program program 3 juta rumah pemerintah ini masih perlu evaluasi lebih lanjut."
1731,"<|en|> To be honest, <|id|> Kemarin aku berhasil <|en|> finish the questline <|id|> di <|en|> Dota 2 <|id|> setelah 8 jam grind."
1732,<|id|> Jujur aja Macet pas hari libur Natal itu udah kayak tradisi tersendiri.
1733,"<|en|> Honestly, <|id|> Aku mau ikut <|en|> bazaar <|id|> komunitas <|en|> gardening <|id|> bulan depan."
1734,"<|en|> To be honest, <|id|> Aku beli jam tangan tadi di <|en|> Lazada, <|id|> lagi ada <|en|> double discount."
1735,"<|en|> Honestly, Have you tried <|id|> fitur <|en|> offline mode <|id|> di <|en|> VS Code <|id|> yang baru?"
1736,"<|en|> Honestly, I started <|id|> meditasi sejak awal tahun dan rasanya <|en|> life-changing."
1737,"<|id|> Sebenernya Minggu depan aku mau <|en|> backpacking <|id|> ke <|en|> Lombok, <|id|> udah booking <|en|> travel insurance <|id|> belum?"
1738,<|id|> Kamu pakai <|en|> Linear <|id|> versi berapa? Yang baru ada fitur <|en|> AI assistant.
1739,"<|id|> Nilai <|en|> final exam <|id|> ku turun, kayaknya karena kurang <|en|> practice."
1740,"<|id|> Omong-omong, Review <|en|> Everything Everywhere <|id|> di internet banyak yang bilang <|en|> overhyped."
1741,<|en|> The new patch <|id|> di <|en|> Apex Legends <|id|> banyak yang suka tapi aku kurang cocok.
1742,<|en|> The CAC <|id|> kita bulan ini naik 10 persen dari <|en|> last quarter.
1743,<|en|> Fun fact: Budget untuk team building <|id|> tahun ini udah disetujui.
1744,<|en|> The How I Built This <|id|> podcast selalu kasih perspektif baru yang menarik.
1745,"<|id|> Menurutku sih, <|en|> The snorkeling <|id|> di alam terbuka itu ngebantu aku buat <|en|> recharge."
1746,<|en|> Fun fact: <|id|> Aku mau ikut <|en|> workshop <|id|> komunitas <|en|> cycling <|id|> bulan depan.
1747,<|id|> Sebenernya Konsep <|en|> Bayes theorem <|id|> banyak dipakai di bidang <|en|> data science.
1748,"<|id|> Menurutku sih, Kamu masuk divisi humas atau dekorasi di himpunan?"
1749,<|id|> Jujur aja <|en|> She prepared special rendang <|id|> buat Natal <|en|> celebration.
1750,"<|id|> Jujur aja Aku beli kamera tadi di <|en|> Tiktok Shop, <|id|> lagi ada <|en|> free shipping."
1751,"<|id|> Menurutku sih, Aku lagi belajar saham buat <|en|> passive income."
1752,"<|id|> Kalau dipikir-pikir, <|en|> She went on a bird watching <|id|> solo ke Labuan Bajo minggu lalu."
1753,"<|id|> Kalau dipikir-pikir, <|en|> Have you tried <|id|> fitur <|en|> live collaboration <|id|> di <|en|> Notion <|id|> yang baru?"
1754,<|id|> Kemarin aku berhasil <|en|> finish the questline <|id|> di <|en|> Valorant <|id|> setelah 300 jam grind.
1755,<|id|> Jujur aja <|en|> Have you tried <|id|> fitur <|en|> offline mode <|id|> di <|en|> VS Code <|id|> yang baru?
1756,<|en|> The mechanical keyboard <|id|> yang aku pakai buat <|en|> cycling <|id|> tuh mahal tapi beneran beda hasilnya.
1757,<|id|> Jujur aja Kamu masuk divisi logistik atau <|en|> sponsorship <|id|> di <|en|> coding community?
1758,"<|id|> Menurutku sih, Aku beli jam tangan tadi di <|en|> Tokopedia, <|id|> lagi ada <|en|> cashback."
1759,"<|en|> To be honest, Kemarin aku berhasil <|en|> get the achievement <|id|> di <|en|> Minecraft <|id|> setelah 200 jam grind."
1760,<|id|> Sebenernya <|en|> The neurologist <|id|> bilang ada tanda awal <|en|> anemia <|id|> yang harus diperhatikan.
1761,<|id|> Tolong kirimin <|en|> backup <|id|> nya lewat <|en|> Trello <|id|> ya. <|id|> kan?
1762,"<|en|> To be honest, Have you tried the local curry <|id|> di <|en|> Bangkok? <|id|> Enak banget katanya."
1763,<|en|> The Rust <|id|> framework ini lagi <|en|> trending <|id|> banget sekarang.
1764,"<|id|> Kalau dipikir-pikir, <|en|> My laptop <|id|> udah rusak, perlu beli yang baru sebelum kondangan."
1765,"<|en|> Honestly, <|id|> Kemarin aku berhasil <|en|> finish the questline <|id|> di <|en|> PUBG <|id|> setelah 8 jam grind."
1766,<|en|> The concept of digital privacy <|id|> berbeda antara generasi tua dan muda.
1767,<|id|> Sebenernya <|en|> I set up a dedicated desk corner <|id|> biar lebih fokus kerja dari rumah.
1768,"<|en|> By the way, <|id|> Proyek <|en|> revitalisasi <|id|> kawasan Kemang udah mulai kelihatan hasilnya."
1769,"<|id|> Jujur aja <|en|> There's a workshop <|id|> besok jam 10.00, ikut ga?"
1770,<|id|> Jujur aja <|en|> Have you watched the trailer for The Bear? <|id|> Vibes-nya keren banget.
1771,<|en|> Have you tried the sushi <|id|> di Senopati? Antrian-nya panjang banget.
1772,"<|en|> By the way, <|id|> Aku lagi cari koper murah buat perjalanan ke <|en|> Yogyakarta."
1773,"<|id|> Kalau dipikir-pikir, <|en|> The LTV <|id|> kita bulan ini naik 20 persen dari <|en|> last quarter."
1774,"<|id|> Omong-omong, Kemarin aku berhasil <|en|> get the achievement <|id|> di <|en|> Dota 2 <|id|> setelah 3 jam grind."
1775,<|en|> The bus Damri <|id|> tadi <|en|> delayed <|id|> karena ada gangguan teknis.
1776,"<|id|> Kalau dipikir-pikir, <|en|> Have you tried the local gelato <|id|> di <|en|> Bangkok? <|id|> Enak banget katanya."
1777,<|id|> Aku lagi baca buku <|en|> Deep Work <|id|> yang isinya soal <|en|> habit formation.
1778,"<|en|> Fun fact: <|id|> Minggu depan aku mau liburan ke <|en|> New York, <|id|> udah booking <|en|> hotel <|id|> belum?"
1779,"<|en|> By the way, <|id|> Seminar <|en|> climate change <|id|> kemarin lumayan <|en|> insightful <|id|> sih."
1780,"<|en|> By the way, <|id|> Pakai <|en|> noise-cancelling headphone <|id|> ngebantu banget buat <|en|> block <|id|> suara rumah."
1781,"<|en|> To be honest, I'm taking 3 days off <|id|> pas <|en|> Nyepi <|id|> nanti."
1782,<|id|> Sebenernya Masak sendiri tuh lebih hemat dan lebih <|en|> healthy <|id|> daripada <|en|> order <|id|> terus.
1783,"<|id|> Sebenernya Panitia <|en|> workshop <|id|> nya kelelahan banget, butuh bantuan lebih banyak."
1784,<|id|> Udah coba <|en|> Slack <|id|> belum? Katanya <|en|> smart search <|id|> nya keren banget.
1785,<|id|> Meeting <|en|> board <|id|> tadi bahas soal <|en|> revenue target <|id|> kuartal ini.
1786,"<|id|> Sebenernya smartphone ku nge-lag terus, kayaknya harus di-reformat deh."
1787,"<|id|> Kalau dipikir-pikir, Koneksi <|en|> hotspot <|id|> di sini parah banget, nge-restart aja susah."
1788,<|id|> Sebenernya Setiap pagi aku selalu <|en|> journaling <|id|> sebelum mulai kerja.
1789,<|id|> Aku lagi cari koper murah buat perjalanan ke <|en|> Bangkok. <|id|> kan?
1790,<|id|> Tadi meeting <|en|> client <|id|> nya molor 1 jam dari jadwal.
1791,"<|en|> To be honest, <|id|> Aku udah 4 kali bimbingan tapi hasilnya masih banyak revisi."
1792,"<|id|> Kalau dipikir-pikir, Tugasnya minta bikin <|en|> research paper <|id|> soal <|en|> mental health <|id|> minimal 500 kata."
1793,<|en|> Fun fact: The dermatologist <|id|> bilang ada tanda awal <|en|> thyroid disorder <|id|> yang harus diperhatikan.
1794,"<|id|> Menurutku sih, Tugasnya minta bikin <|en|> critical essay <|id|> soal <|en|> mental health <|id|> minimal 1000 kata."
1795,<|id|> Folder <|en|> Downloads <|id|> nya kemana ya? Kok ga ketemu di <|en|> Linear. <|id|> kan?
1796,"<|en|> My cholesterol <|id|> kata dokter agak tinggi, harus kurangin gula."
1797,<|en|> We're planning a family trip <|id|> keluarga ke <|en|> Yogyakarta <|id|> bulan Maret.
1798,<|id|> Sebenernya <|en|> The laptop <|id|> udah di-update ke <|en|> Android 15 <|id|> tapi tetep lemot.
1799,<|id|> Jujur aja Folder <|en|> Desktop <|id|> nya kemana ya? Kok ga ketemu di <|en|> Discord.
1800,"<|en|> I just bought a new laptop, <|id|> spesifikasinya lumayan buat <|en|> multitasking."
1801,"<|id|> Kalau dipikir-pikir, Udah coba <|en|> Figma <|id|> belum? Katanya <|en|> auto-sync <|id|> nya keren banget."
1802,"<|en|> By the way, <|id|> Minggu depan aku mau <|en|> trip <|id|> ke <|en|> Lombok, <|id|> udah booking koper belum?"
1803,"<|id|> Menurutku sih, Aku lagi cari koper murah buat perjalanan ke <|en|> Bangkok."
1804,<|en|> The doctor recommended <|id|> istirahat total dan minum <|en|> probiotics <|id|> setiap pagi dan malam.
1805,<|id|> Kamu masuk divisi kreatif atau publikasi di <|en|> debating club?
1806,"<|id|> Menurutku sih, Dokter bilang aku harus mulai <|en|> yoga <|id|> buat jaga <|en|> BMI."
1807,"<|en|> Honestly, <|id|> Kamu masuk divisi acara atau dokumentasi di <|en|> coding community?"
1808,"<|id|> Omong-omong, <|en|> The flight <|id|> ke <|en|> New York <|id|> tadi <|en|> delayed <|id|> 1 jam."
1809,"<|id|> Kalau dipikir-pikir, <|en|> The neurologist <|id|> bilang ada tanda awal <|en|> diabetes <|id|> yang harus diperhatikan."
1810,"<|en|> Honestly, My morning evening routine <|id|> membantu aku lebih siap menjalani hari."
1811,"<|id|> Omong-omong, <|en|> My sketching <|id|> udah berkembang jadi bisnis <|en|> side hustle <|id|> yang lumayan."
1812,"<|id|> Sebenernya Aku beli sepatu tadi di <|en|> Tokopedia, <|id|> lagi ada <|en|> buy 1 get 1."
1813,"<|en|> Honestly, <|id|> Aku beli <|en|> laptop <|id|> tadi di <|en|> Tokopedia, <|id|> lagi ada <|en|> flash sale."
1814,<|id|> Sebenernya <|en|> Learning cycling <|id|> butuh waktu tapi proses-nya menyenangkan banget.
1815,"<|id|> Omong-omong, Lagi <|en|> binge-watching <|id|> series <|en|> Wednesday <|id|> dari tadi malem."
1816,<|id|> Jam <|en|> peak hours <|id|> di kantor itu biasanya antara jam 10.00 sampai 11.00.
1817,"<|en|> Honestly, Kemarin aku berhasil <|en|> win the tournament <|id|> di <|en|> Apex Legends <|id|> setelah 300 jam grind."
1818,"<|en|> To be honest, Kamu pakai <|en|> Discord <|id|> versi berapa? Yang baru ada fitur <|en|> AI assistant."
1819,<|id|> Sebenernya Aku rutin minum <|en|> magnesium <|id|> sekarang buat <|en|> boost immunity.
1820,"<|id|> Jujur aja Koneksi <|en|> 5G <|id|> di sini parah banget, nge-update aja susah."
1821,"<|en|> Honestly, <|id|> Aku beli jam tangan tadi di <|en|> Tokopedia, <|id|> lagi ada <|en|> free shipping."
1822,<|id|> Tugasnya minta bikin <|en|> reflection paper <|id|> soal <|en|> economic inequality <|id|> minimal 500 kata.
1823,"<|en|> Fun fact: I just bought a new laptop, <|id|> spesifikasinya lumayan buat <|en|> editing video."
1824,<|id|> Dokter bilang aku harus mulai <|en|> walking 10k steps <|id|> buat jaga <|en|> blood pressure.
1825,<|en|> Fun fact: We're planning a family trip <|id|> keluarga ke kampung halaman bulan Maret.
1826,"<|id|> Aku beli <|en|> headphone <|id|> tadi di <|en|> Shopee, <|id|> lagi ada <|en|> cashback."
1827,<|id|> Sebenernya Kemarin aku berhasil <|en|> win the tournament <|id|> di <|en|> Dota 2 <|id|> setelah 300 jam grind.
1828,"<|id|> Sebenernya Minggu depan aku mau <|en|> backpacking <|id|> ke <|en|> Tokyo, udah booking <|en|> koper <|id|> belum?"
1829,"<|en|> Fun fact: <|id|> Aku beli baju tadi di <|en|> Tiktok Shop, <|id|> lagi ada <|en|> cashback."
1830,"<|id|> Baru beli perlengkapan <|en|> pottery <|id|> baru, lumayan mahal tapi worth it."
1831,"<|id|> Menurutku sih, <|en|> The new Korean restaurant <|id|> di Kemang lagi rame banget di <|en|> social media."
1832,<|id|> Tolong kirimin <|en|> backup <|id|> nya lewat <|en|> Slack <|id|> ya.
1833,<|id|> Jujur aja Seminar <|en|> mental health <|id|> kemarin lumayan <|en|> insightful <|id|> sih.
1834,"<|id|> Omong-omong, <|en|> Have you tried <|id|> fitur <|en|> dark mode <|id|> di <|en|> Canva <|id|> yang baru? <|id|> kan?"
1835,"<|id|> Sebenernya Sunrise di <|en|> Bromo <|id|> kemarin indah banget, worth the <|en|> effort."
1836,<|en|> We're planning a road trip <|id|> keluarga ke <|en|> Bandung <|id|> bulan Maret.
1837,<|id|> Kamu udah lihat <|en|> payday sale <|id|> di <|en|> Zalora <|id|> belum? Banyak yang murah banget.
1838,"<|en|> Honestly, <|id|> Aku beli baju tadi di <|en|> Zalora, <|id|> lagi ada <|en|> buy 1 get 1."
1839,<|id|> Tolong kirimin <|en|> screenshot <|id|> nya lewat <|en|> VS Code <|id|> ya.
1840,"<|id|> Jujur aja Aku beli sepatu tadi di <|en|> Lazada, <|id|> lagi ada <|en|> cashback."
1841,"<|en|> By the way, <|id|> Tim kita kena <|en|> early game wipe <|id|> karena <|en|> toxic player <|id|> mulu."
1842,"<|en|> By the way, She committed to a reading challenge <|id|> selama 21 hari dan hasilnya keren."
1843,"<|en|> To be honest, <|id|> Minggu depan aku mau liburan ke <|en|> Paris, <|id|> udah booking <|en|> travel insurance <|id|> belum?"
1844,"<|en|> By the way, The chef uses fresh vegetables <|id|> yang didapet langsung dari <|en|> local farm."
1845,"<|en|> Honestly, <|id|> Sunrise di <|en|> Raja Ampat <|id|> kemarin indah banget, worth the <|en|> effort."
1846,"<|id|> Kalau dipikir-pikir, Rencana <|en|> long weekend <|id|> tahun ini mau ke mana?"
1847,"<|id|> Omong-omong, <|en|> I've been pulling 18 <|id|> hari berturut-turut begadang buat <|en|> project <|id|> kelompok."
1848,"<|en|> By the way, <|id|> Aku mau ikut <|en|> exhibition <|id|> komunitas <|en|> pottery <|id|> bulan depan."
1849,"<|id|> Omong-omong, <|en|> Have you tried the local street food <|id|> di <|en|> Singapore? <|id|> Enak banget katanya."
1850,"<|id|> Kalau dipikir-pikir, Mending pake <|en|> Booking.com <|id|> buat cari <|en|> itinerary <|id|> yang udah jadi."
1851,<|id|> Mending bayar utang dulu atau <|en|> invest <|id|> duluan ya?
1852,"<|en|> To be honest, <|id|> Baterai <|en|> earbuds <|id|> ku cepet banget abis, perlu di-charge mulu."
1853,"<|id|> Omong-omong, Folder <|en|> cache <|id|> nya kemana ya? Kok ga ketemu di <|en|> Slack."
1854,"<|id|> Bab 15 skripsi aku masih berantakan, <|en|> outline <|id|> nya belum clear. <|id|> kan?"
1855,"<|en|> Honestly, Have you tried the local sushi <|id|> di <|en|> Lombok? <|id|> Enak banget katanya."
1856,"<|en|> To be honest, <|id|> Aku beli jam tangan tadi di <|en|> Tiktok Shop, <|id|> lagi ada <|en|> cashback."
1857,<|id|> Sebenernya <|en|> The new Mexican restaurant <|id|> di Kemang lagi rame banget di <|en|> social media.
1858,"<|id|> Omong-omong, Kadang kita perlu <|en|> unlearn <|id|> kebiasaan lama buat bisa berkembang."
1859,<|id|> Obat <|en|> metformin <|id|> ini harus diminum 3 kali sehari setelah makan.
1860,"<|id|> Omong-omong, Udah coba <|en|> Zoom <|id|> belum? Katanya <|en|> smart search <|id|> nya keren banget."
1861,<|id|> Jujur aja <|en|> Having a mentor <|id|> dalam keluarga yang suportif itu berkah banget dalam hidup.
1862,"<|en|> By the way, I just bought a new smartwatch, <|id|> spesifikasinya lumayan buat <|en|> editing video."
1863,"<|id|> Omong-omong, Tadi meeting <|en|> weekly <|id|> nya molor 2 jam dari jadwal."
1864,"<|id|> Menurutku sih, Dokter bilang aku harus mulai <|en|> cardio <|id|> buat jaga <|en|> blood sugar."
1865,"<|en|> To be honest, <|id|> Sunrise di <|en|> Labuan Bajo <|id|> kemarin indah banget, worth the <|en|> effort."
1866,"<|id|> Menurutku sih, <|en|> I use the Notion <|id|> buat nge-track <|en|> habits <|id|> harian."
1867,<|id|> Jujur aja <|en|> I marinated the <|id|> udang semalam biar bumbu-nya meresap sempurna.
1868,"<|id|> Aku beli tas tadi di <|en|> Tokopedia, <|id|> lagi ada <|en|> double discount."
1869,"<|id|> Menurutku sih, <|en|> The revenue <|id|> kita bulan ini naik 10 persen dari <|en|> last quarter."
1870,"<|en|> Fun fact: <|id|> Aku pake <|en|> instant pot <|id|> buat bikin soto ayam tadi, hasilnya lebih konsisten."
1871,"<|en|> To be honest, I compared prices on Tiktok Shop <|id|> dan yang di <|en|> Shopee <|id|> lebih murah."
1872,<|id|> Sebenernya Udah coba <|en|> Trello <|id|> belum? Katanya <|en|> live collaboration <|id|> nya keren banget.
1873,"<|en|> To be honest, Multitasking <|id|> itu mitos, lebih efektif fokus ke satu hal dulu."
1874,"<|id|> Sebenernya Panitia <|en|> hackathon <|id|> nya kelelahan banget, butuh bantuan lebih banyak."
1875,"<|en|> My <|id|> baju udah rusak, perlu beli yang baru sebelum wisuda."
1876,"<|id|> Omong-omong, <|en|> I've been into cooking <|id|> sejak 2 tahun lalu dan ga pernah bosen."
1877,"<|en|> Fun fact: <|id|> Aku beli sepatu tadi di <|en|> Zalora, <|id|> lagi ada <|en|> free shipping."
1878,"<|en|> The ramen <|id|> di sana juara, wajib dicoba kalau ke sana."
1879,"<|id|> Macet di jalur Bekasi tadi parah banget, sampai 30 jam di jalan."
1880,<|en|> Fun fact: The NPS score <|id|> sangat penting buat ngukur keberhasilan <|en|> campaign <|id|> kita.
1881,<|en|> She handles the budgeting <|id|> dengan sangat <|en|> efficient. <|id|> kan?
1882,"<|id|> Omong-omong, <|en|> I've been pulling 20 <|id|> hari berturut-turut begadang buat ujian akhir."
1883,"<|en|> By the way, <|id|> Folder <|en|> cache <|id|> nya kemana ya? Kok ga ketemu di <|en|> Trello."
1884,<|en|> The drawing tablet <|id|> yang aku pakai buat <|en|> knitting <|id|> tuh mahal tapi beneran beda hasilnya.
1885,"<|id|> Omong-omong, <|en|> My <|id|> tas udah rusak, perlu beli yang baru sebelum lebaran."
1886,"<|en|> To be honest, The TypeScript <|id|> framework ini lagi <|en|> trending <|id|> banget sekarang."
1887,<|id|> Mending beli kamera ori atau <|en|> KW <|id|> ya?
1888,<|en|> Fun fact: <|id|> Kamu masuk divisi <|en|> media <|id|> atau dekorasi di <|en|> coding community?
1889,"<|id|> Kalau dipikir-pikir, <|en|> I always bring an umbrella during <|id|> musim hujan karena ga bisa diprediksi."
1890,"<|id|> Menurutku sih, Baru beli perlengkapan <|en|> knitting <|id|> baru, lumayan mahal tapi worth it."
1891,"<|en|> To be honest, <|id|> Aku beli <|en|> skincare <|id|> tadi di <|en|> Shopee, <|id|> lagi ada <|en|> buy 1 get 1."
1892,"<|id|> Jujur aja <|en|> The office lobby <|id|> lagi renovasi, agak berisik."
1893,"<|en|> My back pain <|id|> kambuh lagi, kayaknya gara-gara kurang <|en|> hydration."
1894,"<|id|> Jujur aja Aku beli baju tadi di <|en|> Shopee, <|id|> lagi ada <|en|> free shipping."
1895,"<|en|> By the way, <|id|> Minggu depan aku mau liburan ke <|en|> Seoul, <|id|> udah booking <|en|> hotel <|id|> belum?"
1896,<|id|> Jujur aja Restoran <|en|> Japanese <|id|> baru yang di Kemang itu enak banget.
1897,<|en|> Fun fact: Using R <|id|> bikin ngerjain <|en|> linear algebra <|id|> jadi jauh lebih cepat.
1898,<|id|> Kita perlu belajar <|en|> active listening <|id|> buat jadi teman yang lebih baik.
1899,"<|id|> Omong-omong, Jam <|en|> peak hours <|id|> di kantor itu biasanya antara jam 09.00 sampai 18.00."
1900,<|id|> Tadi meeting <|en|> one-on-one <|id|> nya molor 1 jam dari jadwal.
1901,"<|id|> Kalau dipikir-pikir, Dokter kasih <|en|> referral <|id|> ke spesialis <|en|> cardiologist."
1902,"<|en|> Honestly, <|id|> Suhu hari ini panas banget, kayak kena <|en|> heatwave."
1903,"<|id|> Menurutku sih, smartphone ku nge-lag terus, kayaknya harus di-reset deh."
1904,"<|en|> Fun fact: My BMI <|id|> kata dokter agak tinggi, harus kurangin gula."
1905,<|id|> Gunung <|en|> Merbabu <|id|> itu masuk list <|en|> bucket list <|id|> aku sejak lama.
1906,<|en|> Extreme heavy rain <|id|> makin sering terjadi karena <|en|> global warming.
1907,"<|id|> Omong-omong, Kamu pakai <|en|> GitHub <|id|> versi berapa? Yang baru ada fitur <|en|> dark mode."
1908,"<|id|> Omong-omong, <|en|> The flight <|id|> ke <|en|> Bangkok <|id|> tadi <|en|> delayed <|id|> 2 jam."
1909,"<|id|> Kalau dipikir-pikir, <|en|> I'm struggling with <|id|> materi <|en|> Statistics <|id|> semester ini."
1910,"<|id|> Kalau dipikir-pikir, Kamu masuk divisi kreatif atau dekorasi di <|en|> coding community?"
1911,"<|en|> By the way, <|id|> Minggu depan aku mau liburan ke <|en|> Amsterdam, <|id|> udah booking koper belum?"
1912,<|id|> Sebenernya <|en|> I spent 2 hours <|id|> ngerjain soal <|en|> linear algebra <|id|> tapi masih salah juga.
1913,"<|id|> Kalau dipikir-pikir, Dokter bilang aku harus mulai <|en|> strength training <|id|> buat jaga <|en|> blood sugar."
1914,"<|en|> By the way, The <|id|> rendang modern ini <|en|> easy to make <|id|> dan bahannya gampang dicari."
1915,"<|en|> To be honest, I've been pulling 5 <|id|> hari berturut-turut begadang buat laporan PKL."
1916,"<|id|> Omong-omong, Tolong kirimin <|en|> file ZIP <|id|> nya lewat <|en|> Slack <|id|> ya."
1917,"<|en|> By the way, Folder <|en|> cache <|id|> nya kemana ya? Kok ga ketemu di <|en|> Figma."
1918,<|id|> Sebenernya Tugasnya minta bikin <|en|> lab report <|id|> soal <|en|> mental health <|id|> minimal 500 kata.
1919,"<|id|> Omong-omong, Kamu pakai <|en|> Figma <|id|> versi berapa? Yang baru ada fitur <|en|> dark mode. <|id|> kan?"
1920,"<|en|> By the way, <|id|> I disarankan untuk <|en|> bed rest <|id|> selama 2 hari."
1921,<|en|> Fun fact: <|id|> Tugasnya minta bikin <|en|> lab report <|id|> soal <|en|> digital literacy <|id|> minimal 1000 kata.
1922,"<|id|> Menurutku sih, Aku mau ikut <|en|> meetup <|id|> komunitas <|en|> pottery <|id|> bulan depan."
1923,"<|id|> Omong-omong, <|en|> The net worth <|id|> bulan ini lumayan bagus, naik 20 persen dari bulan lalu."
1924,"<|en|> Honestly, The Airbnb <|id|> di sana <|en|> fully booked <|id|> pas tanggal itu."
1925,"<|id|> Menurutku sih, Tim kita kena <|en|> bad teamfight <|id|> karena <|en|> bad communication <|id|> mulu."
1926,<|id|> Jujur aja Program <|en|> zero waste <|id|> di kampus kita berhasil kurangi sampah 30 persen.
1927,"<|id|> Minggu depan aku mau <|en|> staycation <|id|> ke <|en|> Amsterdam, <|id|> udah booking <|en|> travel insurance <|id|> belum?"
1928,"<|en|> Honestly, Using Python <|id|> bikin ngerjain <|en|> discrete math <|id|> jadi jauh lebih cepat."
1929,<|id|> Kamu masuk divisi kreatif atau dekorasi di UKM fotografi?
1930,<|id|> Jujur aja <|en|> The trail to Bromo <|id|> butuh waktu 3 jam untuk diselesaikan.
1931,<|id|> Sebenernya Gratis ongkir kalau belanja di atas 200 ribu di <|en|> Zalora.
1932,<|id|> Kemarin aku berhasil <|en|> finish the questline <|id|> di <|en|> Dota 2 <|id|> setelah 200 jam grind. <|id|> kan?
1933,"<|en|> To be honest, <|id|> Kamu pakai <|en|> Discord <|id|> versi berapa? Yang baru ada fitur <|en|> auto-sync."
1934,"<|id|> Soal <|en|> integral <|id|> di ujian tadi susah banget, ga bisa aku kerjain."
1935,"<|id|> Jujur aja Cuaca hari ini ga menentu, dari panas tiba-tiba <|en|> downpour."
1936,<|en|> I'm taking 3 days off <|id|> pas <|en|> Idul Adha <|id|> nanti. <|id|> kan?
1937,"<|en|> By the way, I've been pulling 18 <|id|> hari berturut-turut begadang buat <|en|> deadline tugas."
1938,"<|id|> Omong-omong, Kemarin aku berhasil <|en|> finish the questline <|id|> di <|en|> PUBG <|id|> setelah 5 jam grind."
1939,"<|en|> To be honest, Kamu pakai <|en|> GitHub <|id|> versi berapa? Yang baru ada fitur <|en|> live collaboration."
1940,<|id|> Jujur aja <|en|> The Jakarta International Film Festival <|id|> di Jakarta setiap tahun selalu ramai banget.
1941,"<|id|> Omong-omong, Aplikasi <|en|> Spendee <|id|> ngebantu aku buat <|en|> track <|id|> pengeluaran."
1942,<|en|> I started investing in <|id|> reksa dana sejak gajian pertama.
1943,<|id|> Meeting <|en|> quarterly <|id|> tadi bahas soal <|en|> budget allocation <|id|> kuartal ini.
1944,"<|en|> By the way, I just bought a new laptop, <|id|> spesifikasinya lumayan buat <|en|> multitasking."
1945,"<|en|> To be honest, Aku beli <|en|> sepatu <|id|> tadi di <|en|> Shopee, lagi ada <|en|> flash sale."
1946,"<|en|> Honestly, The alat lukis <|id|> yang aku pakai buat <|en|> calligraphy <|id|> tuh mahal tapi beneran beda hasilnya."
1947,<|id|> Dokter bilang aku harus mulai <|en|> yoga <|id|> buat jaga <|en|> BMI. <|id|> kan?
1948,"<|en|> To be honest, Review Interstellar <|id|> di internet banyak yang bilang <|en|> overhyped."
1949,"<|id|> Omong-omong, Aku beli <|en|> laptop <|id|> tadi di <|en|> Lazada, lagi ada <|en|> cashback."
1950,"<|id|> Omong-omong, Aku lagi cari <|en|> tiket pesawat <|id|> murah buat perjalanan ke <|en|> Tokyo."
1951,"<|en|> Honestly, The smartphone <|id|> udah di-update ke <|en|> the latest build <|id|> tapi tetep lemot."
1952,<|en|> The club's workshop <|id|> bakal diadain <|en|> next month <|id|> di aula.
1953,"<|en|> To be honest, Kamu masuk divisi <|en|> logistik <|id|> atau <|en|> dekorasi <|id|> di <|en|> debating club?"
1954,"<|en|> Honestly, Minggu depan aku mau <|en|> liburan <|id|> ke <|en|> Lombok, udah booking <|en|> travel insurance <|id|> belum?"
1955,<|id|> Kemarin aku berhasil <|en|> win the tournament <|id|> di <|en|> Valorant <|id|> setelah 5 jam grind. <|id|> kan?
1956,"<|en|> By the way, <|id|> Kemarin aku berhasil <|en|> finish the questline <|id|> di <|en|> Apex Legends <|id|> setelah 8 jam grind."
1957,"<|en|> Honestly, Aku beli <|en|> baju <|id|> tadi di <|en|> Shopee, lagi ada <|en|> flash sale."
1958,"<|en|> Honestly, Aku beli <|en|> jam tangan <|id|> tadi di <|en|> Tokopedia, lagi ada <|en|> double discount."
1959,"<|en|> By the way, <|id|> Musim musim kemarau tahun ini lebih basah dari biasanya."
1960,"<|id|> Omong-omong, <|en|> I need to find a part-time job <|id|> yang bisa fleksibel sama jadwal kuliah."
1961,<|id|> Sebenernya The flight <|id|> ke <|en|> Seoul <|id|> tadi <|en|> delayed <|id|> 2 jam.
1962,"<|id|> Menurutku sih, The eigenvalue <|id|> itu gampang kalau udah ngerti <|en|> fundamentals <|id|> nya."
1963,<|en|> I started meditasi <|id|> sejak awal tahun dan rasanya <|en|> life-changing.
1964,"<|en|> By the way, She committed to a journaling challenge <|id|> selama 100 hari dan hasilnya keren."
1965,<|en|> Fun fact: Have you tried the bibimbap <|id|> di Cipete? Antrian-nya panjang banget.
1966,<|en|> I returned the baju <|id|> karena ukurannya ga pas.
1967,"<|en|> By the way, I just bought a new tablet, <|id|> spesifikasinya lumayan buat <|en|> multitasking."
1968,"<|id|> Omong-omong, Gue lagi belajar <|en|> Rust <|id|> buat bikin <|en|> backend service."
1969,<|en|> Fun fact: <|id|> Pisahkan <|en|> grocery budget <|id|> dari pengeluaran lainnya biar lebih teratur.
1970,<|en|> Fun fact: She prepared special rendang <|id|> buat Idul Adha <|en|> celebration.
1971,<|id|> Jujur aja Tugasnya minta bikin <|en|> lab report <|id|> soal <|en|> climate change <|id|> minimal 500 kata.
1972,<|id|> Sebenernya Meeting <|en|> all-hands <|id|> tadi bahas soal <|en|> product roadmap <|id|> kuartal ini.
1973,<|en|> I recommend Wednesday <|id|> kalau kamu suka genre <|en|> comedy.
1974,"<|en|> To be honest, Aku beli <|en|> tas <|id|> tadi di <|en|> Lazada, lagi ada <|en|> cashback."
1975,"<|id|> Bab 3 skripsi aku masih berantakan, <|en|> outline <|id|> nya belum clear."
1976,<|en|> I recommend Interstellar <|id|> kalau kamu suka genre <|en|> comedy.
1977,<|id|> Aku lagi cari <|en|> hotel <|id|> murah buat perjalanan ke <|en|> New York.
1978,<|en|> Fun fact: I followed a Maangchi recipe <|id|> dan hasilnya lumayan mirip.
1979,"<|id|> Kalau dipikir-pikir, Mending beli <|en|> sepatu <|id|> ori atau <|en|> KW <|id|> ya?"
1980,<|en|> The mechanical keyboard <|id|> yang aku pakai buat <|en|> photography <|id|> tuh mahal tapi beneran beda hasilnya.
1981,"<|en|> To be honest, Folder <|en|> Desktop <|id|> nya kemana ya? Kok ga ketemu di <|en|> Trello."
1982,"<|en|> Honestly, <|id|> Orang tua aku masih belum paham soal <|en|> mental health <|id|> yang aku jelasin."
1983,<|id|> Tugasnya minta bikin <|en|> critical essay <|id|> soal <|en|> digital literacy <|id|> minimal 1500 kata. <|id|> kan?
1984,"<|id|> Menurutku sih, Tugasnya minta bikin <|en|> case study <|id|> soal <|en|> climate change <|id|> minimal 500 kata."
1985,"<|id|> Omong-omong, Udah nonton <|en|> The Bear <|id|> belum? Bagus banget <|en|> plot <|id|> nya."
1986,<|en|> The conversion rate <|id|> kita bulan ini naik 10 persen dari <|en|> last quarter.
1987,"<|en|> Honestly, <|id|> Kita perlu lebih kritis dalam menyaring informasi politik di media sosial."
1988,<|en|> Using GeoGebra <|id|> bikin ngerjain <|en|> integral <|id|> jadi jauh lebih cepat.
1989,<|en|> Have you tried the ramen <|id|> di SCBD? Antrian-nya panjang banget.
1990,<|id|> Sebenernya <|en|> The <|id|> kamera mirrorless yang aku pakai buat <|en|> cooking <|id|> tuh mahal tapi beneran beda hasilnya.
1991,"<|en|> Honestly, Learning sketching <|id|> butuh waktu tapi proses-nya menyenangkan banget."
1992,"<|en|> To be honest, Aku nyoba <|en|> recipe <|id|> baru hari ini, <|en|> soto ayam <|id|> ala rumahan."
1993,"<|id|> Minggu depan aku mau <|en|> liburan <|id|> ke <|en|> Tokyo, udah booking <|en|> hotel <|id|> belum?"
1994,<|id|> Sebenernya The seasonal event <|id|> di <|en|> Valorant <|id|> kasih <|en|> reward <|id|> yang bagus banget.
1995,"<|id|> Semester ini aku ambil 3 SKS, lumayan padat jadwalnya."
1996,<|id|> Gratis <|en|> ongkir <|id|> kalau belanja di atas 50 ribu di <|en|> Zalora.
1997,<|en|> The best thing about long Natal <|id|> adalah bisa quality time sama keluarga. <|id|> kan?
1998,"<|id|> Jujur aja Macet di jalur Bekasi tadi parah banget, sampai 2 jam di jalan."
1999,<|id|> Aku mau ikut <|en|> competition <|id|> komunitas <|en|> photography <|id|> bulan depan.
2000,"<|id|> Kalau dipikir-pikir, Have you tried <|id|> fitur <|en|> live collaboration <|id|> di <|en|> Slack <|id|> yang baru?"
2001,"<|id|> Omong-omong, My baju <|id|> udah rusak, perlu beli yang baru sebelum <|en|> wisuda."
2002,"<|id|> Menurutku sih, Restoran <|en|> Japanese <|id|> baru yang di Senopati itu enak banget."
2003,"<|en|> To be honest, I've been trying to reduce my plastic waste <|id|> dengan cara kurangi daging."
2004,"<|id|> Omong-omong, Aku beli <|en|> kamera <|id|> tadi di <|en|> Lazada, lagi ada <|en|> buy 1 get 1."
2005,"<|en|> By the way, Understanding Bayes theorem <|id|> itu penting banget buat <|en|> data analysis."
2006,"<|id|> Minggu depan aku mau <|en|> liburan <|id|> ke <|en|> New York, udah booking <|en|> koper <|id|> belum? <|id|> kan?"
2007,"<|id|> Menurutku sih, <|en|> I lost my sim card <|id|> pas di bandara tadi, panik banget."
2008,<|id|> Kamu pakai <|en|> GitHub <|id|> versi berapa? Yang baru ada fitur <|en|> version control.
2009,"<|id|> Kalau dipikir-pikir, The collab event <|id|> di <|en|> Minecraft <|id|> kasih <|en|> reward <|id|> yang bagus banget."
2010,"<|id|> Nilai <|en|> UAS <|id|> ku turun, kayaknya karena kurang <|en|> preparation."
2011,"<|id|> Omong-omong, Aku mau ikut <|en|> meetup <|id|> komunitas <|en|> knitting <|id|> bulan depan."
2012,"<|en|> Honestly, Aku mau ikut <|en|> bazaar <|id|> komunitas <|en|> cycling <|id|> bulan depan."
2013,"<|en|> Honestly, The kateterisasi <|id|> memakan waktu sekitar 2 jam."
2014,"<|id|> Kalau dipikir-pikir, The flight <|id|> ke <|en|> Singapore <|id|> tadi <|en|> delayed <|id|> 1 jam."
2015,<|id|> Sebenernya Tim kita kena <|en|> bad teamfight <|id|> karena <|en|> toxic player <|id|> mulu.
2016,"<|en|> By the way, <|id|> Gue lagi belajar <|en|> Rust <|id|> buat bikin <|en|> side project."
2017,<|en|> Fun fact: <|id|> Kamu masuk divisi logistik atau dokumentasi di <|en|> UKM fotografi?
2018,"<|id|> Aku beli <|en|> tas <|id|> tadi di <|en|> Shopee, lagi ada <|en|> cashback."
2019,"<|id|> Kalau dipikir-pikir, Have you tried <|id|> fitur <|en|> smart search <|id|> di <|en|> Figma <|id|> yang baru?"
2020,"<|id|> Sebenernya Minggu depan aku mau <|en|> liburan <|id|> ke <|en|> Bali, udah booking <|en|> tiket pesawat <|id|> belum?"
2021,<|en|> Fun fact: <|id|> Gratis ongkir kalau belanja di atas 200 ribu di <|en|> Tokopedia.
2022,"<|en|> To be honest, Kamu pakai <|en|> Figma <|id|> versi berapa? Yang baru ada fitur <|en|> version control."
2023,"<|en|> Honestly, I recommend The Crown <|id|> kalau kamu suka genre <|en|> sci-fi."
2024,<|id|> Obat <|en|> antihistamin <|id|> ini harus diminum 3 kali sehari setelah makan.
2025,"<|en|> By the way, We're planning a staycation <|id|> keluarga ke <|en|> Bali <|id|> bulan Maret."
2026,"<|id|> Kalau dipikir-pikir, Ikut <|en|> Udemy <|id|> online buat ningkatin skill <|en|> public speaking <|id|> aku."
2027,"<|en|> Honestly, She prepared special kue lebaran <|id|> buat <|en|> Nyepi <|id|> celebration."
2028,"<|id|> Omong-omong, The anniversary event <|id|> di <|en|> Minecraft <|id|> kasih <|en|> reward <|id|> yang bagus banget."
2029,<|id|> Vaksin <|en|> typhoid <|id|> wajib ya sebelum <|en|> travel <|id|> ke luar negeri.
2030,"<|id|> Kalau dipikir-pikir, Aku biasanya <|en|> wind down <|id|> dengan olahraga ringan sebelum tidur."
2031,"<|id|> Menurutku sih, She went on a snorkeling <|id|> solo ke Labuan Bajo minggu lalu."
2032,<|id|> Sebenernya The seasonal event <|id|> di <|en|> Minecraft <|id|> kasih <|en|> reward <|id|> yang bagus banget.
2033,<|en|> The cardiologist <|id|> bilang ada tanda awal <|en|> anemia <|id|> yang harus diperhatikan.
2034,"<|en|> To be honest, Macet di <|en|> tol dalam kota <|id|> tadi parah banget, sampai 1 jam di jalan."
2035,"<|id|> Kalau dipikir-pikir, Kamu pakai <|en|> Zoom <|id|> versi berapa? Yang baru ada fitur <|en|> live collaboration."
2036,<|id|> Kamu masuk divisi <|en|> acara <|id|> atau <|en|> dokumentasi <|id|> di <|en|> UKM fotografi?
2037,"<|id|> Omong-omong, The Slack <|id|> ngebantu banget buat <|en|> collaborate <|id|> sama tim yang <|en|> remote."
2038,"<|en|> To be honest, Meeting <|en|> one-on-one <|id|> tadi bahas soal <|en|> hiring plan <|id|> kuartal ini."
2039,"<|id|> Omong-omong, Minggu depan aku mau <|en|> liburan <|id|> ke <|en|> Bali, udah booking <|en|> koper <|id|> belum?"
2040,"<|en|> Honestly, Have you watched the trailer for The Crown? <|id|> Vibes-nya keren banget."
2041,<|id|> Kemarin aku berhasil <|en|> solo rank <|id|> di <|en|> Minecraft <|id|> setelah 3 jam grind.
2042,"<|id|> Minggu depan aku mau <|en|> trip <|id|> ke <|en|> New York, udah booking <|en|> sim card <|id|> belum?"
2043,"<|id|> Omong-omong, <|en|> I'm taking 5 days off <|id|> pas <|en|> Nyepi <|id|> nanti."
2044,"<|id|> Omong-omong, Udah coba <|en|> Figma <|id|> belum? Katanya <|en|> AI assistant <|id|> nya keren banget."
2045,"<|en|> tablet <|id|> ku nge-lag terus, kayaknya harus di-restart deh. <|id|> kan?"
2046,"<|en|> By the way, <|id|> Kamu masuk divisi humas atau dokumentasi di <|en|> BEM?"
2047,<|id|> Sebenernya The new Indian restaurant <|id|> di PIK lagi rame banget di <|en|> social media.
2048,<|id|> Aku biasanya <|en|> wind down <|id|> dengan journaling sebelum tidur. <|id|> kan?
2049,"<|en|> By the way, Kamu masuk divisi <|en|> media <|id|> atau <|en|> dekorasi <|id|> di <|en|> UKM fotografi?"
2050,"<|en|> The hotel <|id|> review-nya bagus, tapi agak <|en|> pricey <|id|> buat budget aku."
2051,"<|id|> Kalau dipikir-pikir, The collab event <|id|> di <|en|> Apex Legends <|id|> kasih <|en|> reward <|id|> yang bagus banget."
2052,"<|id|> Sebenernya <|en|> There's a gala dinner <|id|> besok jam 15.30, ikut ga?"
2053,"<|id|> Minggu depan aku mau <|en|> trip <|id|> ke <|en|> Paris, <|id|> udah <|en|> booking travel insurance <|id|> belum? kan?"
2054,<|id|> Gue lagi belajar <|en|> Swift <|id|> buat bikin <|en|> backend service.
2055,"<|en|> To be honest, <|id|> Macet di tol dalam kota tadi parah banget, sampai 3 jam di jalan."
2056,"<|en|> To be honest, The trail to Bromo <|id|> butuh waktu 5 jam untuk diselesaikan."
2057,"<|id|> Kalau dipikir-pikir, Organisasi himpunan lagi buka <|en|> open recruitment <|id|> baru, kamu mau daftar?"
2058,"<|en|> Honestly, <|id|> Kemarin aku beli <|en|> tablet <|id|> baru, <|en|> display <|id|> nya gila sih."
2059,"<|en|> Honestly, <|id|> Aku lagi <|en|> obsessed <|id|> sama boba belakangan ini."
2060,"<|en|> My cholesterol <|id|> kata dokter agak tinggi, harus kurangin <|en|> kafein. <|id|> kan?"
2061,"<|id|> Menurutku sih, <|en|> I got a 20% discount <|id|> pake <|en|> voucher <|id|> yang dikasih <|en|> Lazada."
2062,"<|en|> To be honest, <|id|> Kamu masuk divisi acara atau <|en|> sponsorship <|id|> di <|en|> debating club?"
2063,<|id|> Sebenernya <|en|> Have you tried <|id|> fitur <|en|> dark mode <|id|> di <|en|> Figma <|id|> yang baru?
2064,"<|id|> Aku beli jam tangan tadi di <|en|> Shopee, <|id|> lagi ada <|en|> flash sale."
2065,<|id|> Lagi <|en|> binge-watching <|id|> series <|en|> Interstellar <|id|> dari tadi malem. kan?
2066,"<|en|> To be honest, <|id|> Udah coba <|en|> Discord <|id|> belum? Katanya <|en|> version control <|id|> nya keren banget."
2067,"<|en|> To be honest, I'm taking 7 days off <|id|> pas Nyepi nanti."
2068,"<|id|> Jujur aja Diskon Natal di mana-mana, waktu yang pas buat belanja."
2069,<|en|> The conversion rate <|id|> kita bulan ini naik 25 persen dari <|en|> last quarter. <|id|> kan?
2070,"<|en|> I just bought a new smartphone, <|id|> spesifikasinya lumayan buat <|en|> gaming."
2071,<|en|> She handles the client relations <|id|> dengan sangat <|en|> efficient. <|id|> kan?
2072,"<|id|> Aku beli <|en|> kamera <|id|> tadi di <|en|> Shopee, <|id|> lagi ada <|en|> double discount. <|id|> kan?"
2073,<|en|> Fun fact: <|id|> Tugasnya minta bikin <|en|> research paper <|id|> soal <|en|> digital literacy <|id|> minimal 1500 kata.
2074,"<|id|> Omong-omong, Kemarin aku berhasil <|en|> solo rank <|id|> di <|en|> Minecraft <|id|> setelah 5 jam grind."
2075,"<|en|> My <|id|> nilai <|en|> midterm <|id|> jelek banget, harus lebih niat <|en|> study."
2076,"<|en|> Honestly, Have you tried the local ramen <|id|> di <|en|> Singapore? <|id|> Enak banget katanya."
2077,<|en|> Review Squid Game <|id|> di internet banyak yang bilang <|en|> overhyped. <|id|> kan?
2078,"<|id|> Omong-omong, Generasi muda harus lebih aktif terlibat dalam pemilu demokrasi."
2079,"<|en|> By the way, <|id|> Aku beli <|en|> headphone <|id|> tadi di <|en|> Tokopedia, <|id|> lagi ada <|en|> double discount."
2080,<|en|> Fun fact: Folder Desktop <|id|> nya kemana ya? Kok ga ketemu di <|en|> Notion.
2081,"<|id|> Nilai <|en|> quiz <|id|> ku turun, kayaknya karena kurang <|en|> review."
2082,"<|en|> To be honest, <|id|> Restoran <|en|> Indian <|id|> baru yang di Kemang itu enak banget."
2083,"<|en|> The review for this headphone <|id|> rata-rata 200 bintang, lumayan bagus."
2084,<|id|> Aku lagi baca buku <|en|> Atomic Habits <|id|> yang isinya soal <|en|> focus. <|id|> kan?
2085,<|en|> Fun fact: <|id|> Gue lagi belajar <|en|> Kotlin <|id|> buat bikin <|en|> web app.
2086,<|id|> BMKG bilang akan ada <|en|> heavy rain <|id|> ekstrem minggu ini.
2087,"<|id|> Sebenernya Minggu depan aku mau liburan ke <|en|> Paris, <|id|> udah <|en|> booking sim card <|id|> belum?"
2088,<|en|> She committed to a 30-day fitness challenge <|id|> selama 3 hari dan hasilnya keren. kan?
2089,"<|en|> To be honest, I just unlocked <|id|> karakter baru di <|en|> Valorant, <|id|> keren abis <|en|> skin <|id|> nya."
2090,"<|id|> Menurutku sih, Minggu depan aku mau liburan ke <|en|> Seoul, <|id|> udah <|en|> booking sim card <|id|> belum?"
2091,"<|en|> By the way, The <|id|> buah-buahan di supermarket tadi lagi <|en|> on sale <|id|> 20 persen."
2092,<|id|> Jujur aja Program <|en|> zero waste <|id|> di kampus kita berhasil kurangi sampah 50 persen.
2093,<|id|> Proyek revitalisasi kawasan Sunter udah mulai kelihatan hasilnya.
2094,"<|id|> Jujur aja Aku beli <|en|> skincare <|id|> tadi di <|en|> Zalora, <|id|> lagi ada <|en|> double discount."
2095,<|id|> Ikut <|en|> Udemy online <|id|> buat ningkatin skill <|en|> communication <|id|> aku. kan?
2096,"<|en|> To be honest, I joined the English Club <|id|> semester ini, banyak belajar hal baru."
2097,"<|en|> laptop <|id|> ku nge-lag terus, kayaknya harus di-<|en|>update <|id|> deh."
2098,"<|id|> Omong-omong, Koneksi <|en|> LAN <|id|> di sini parah banget, nge-<|en|>update <|id|> aja susah. kan?"
2099,"<|en|> By the way, <|id|> Kemarin aku berhasil <|en|> complete the event <|id|> di <|en|> Dota 2 <|id|> setelah 300 jam grind."
2100,<|id|> Sebenernya Kamu masuk divisi logistik atau publikasi di BEM?
2101,<|id|> Kamu pakai <|en|> Canva <|id|> versi berapa? Yang baru ada fitur <|en|> version control.
2102,<|en|> Fun fact: <|id|> Bikin <|en|> to-do list <|id|> sebelum tidur biar besok pagi langsung fokus.
2103,"<|id|> Jujur aja <|en|> My blood pressure <|id|> kata dokter agak tinggi, harus kurangin <|en|> gula."
2104,"<|en|> By the way, My morning self-care routine <|id|> membantu aku lebih siap menjalani hari."
2105,"<|id|> Kalau dipikir-pikir, Rencana Tahun Baru tahun ini mau ke mana?"
2106,"<|id|> Omong-omong, <|en|> I tend to skip breaks <|id|> lebih sering sejak kerja dari rumah."
2107,"<|en|> By the way, I always bring an umbrella during <|id|> pancaroba karena ga bisa diprediksi."
2108,"<|en|> Honestly, <|id|> Kemarin aku berhasil <|en|> complete the event <|id|> di <|en|> Minecraft <|id|> setelah 200 jam grind."
2109,"<|en|> To be honest, Visa <|id|> ke <|en|> New York <|id|> prosesnya berapa lama ya?"
2110,"<|id|> Omong-omong, Banjir di Kemang kemarin parah banget, akses jalan putus."
2111,"<|id|> Omong-omong, <|en|> My Slack <|id|> tiba-tiba <|en|> crash <|id|> pas lagi presentasi, malu banget. kan?"
2112,"<|id|> Omong-omong, <|en|> The laptop <|id|> udah di-<|en|>update <|id|> ke <|en|> v15 <|id|> tapi tetep lemot."
2113,"<|en|> To be honest, <|id|> Dokter bilang aku harus mulai <|en|> walking 10k steps <|id|> buat jaga <|en|> blood sugar."
2114,<|id|> Sebenernya <|en|> The trail to Flores <|id|> butuh waktu 3 jam untuk diselesaikan.
2115,<|en|> Fun fact: <|id|> Aku mau ikut <|en|> competition <|id|> komunitas <|en|> cycling <|id|> bulan depan.
2116,"<|id|> Omong-omong, Kamu masuk divisi humas atau dekorasi di BEM?"
2117,"<|id|> Omong-omong, <|en|> Have you tried <|id|> fitur <|en|> smart search <|id|> di <|en|> Discord <|id|> yang baru?"
2118,"<|en|> By the way, <|id|> Tugasnya minta bikin <|en|> lab report <|id|> soal <|en|> economic inequality <|id|> minimal 500 kata."
2119,"<|id|> Omong-omong, <|en|> The review for this <|id|> sepatu rata-rata 200 bintang, lumayan bagus."
2120,"<|en|> Honestly, I recommend The Bear <|id|> kalau kamu suka genre <|en|> comedy."
2121,"<|id|> Omong-omong, Musim kemarau tahun ini lebih basah dari biasanya."
2122,<|en|> The new busway <|id|> baru di Jakarta katanya bakal selesai tahun depan.
2123,"<|id|> Omong-omong, Kita perlu bikin <|en|> report <|id|> buat presentasi ke <|en|> investor."
2124,"<|id|> Aku beli baju tadi di <|en|> Lazada, <|id|> lagi ada <|en|> double discount."
2125,<|en|> Have you tried the local sushi <|id|> di <|en|> Bali? <|id|> Enak banget katanya.
2126,<|en|> Fun fact: Have you tried <|id|> fitur <|en|> version control <|id|> di <|en|> Figma <|id|> yang baru?
2127,<|id|> Jujur aja Vaksin <|en|> hepatitis A <|id|> wajib ya sebelum <|en|> travel <|id|> ke luar negeri.
2128,<|id|> Udah coba <|en|> Linear <|id|> belum? Katanya <|en|> AI assistant <|id|> nya keren banget.
2129,<|en|> Fun fact: <|id|> Kemarin aku berhasil <|en|> complete the event <|id|> di <|en|> Valorant <|id|> setelah 200 jam grind.
2130,"<|id|> Omong-omong, Tim kita kena <|en|> bad teamfight <|id|> karena <|en|> toxic player <|id|> mulu."
2131,<|en|> Fun fact: She's been really active in the <|id|> UKM fotografi sejak semester dua.
2132,"<|id|> Omong-omong, Kemarin aku beli <|en|> laptop <|id|> baru, <|en|> RAM <|id|> nya gila sih."
2133,"<|id|> Omong-omong, Minggu depan aku mau <|en|> backpacking <|id|> ke <|en|> Bangkok, <|id|> udah <|en|> booking <|id|> koper belum?"
2134,"<|en|> To be honest, I started investing in <|id|> obligasi sejak gajian pertama."
2135,"<|en|> By the way, We're planning a family trip <|id|> keluarga ke Lombok bulan Desember."
2136,<|en|> I scheduled a screening <|id|> untuk cek kondisi lambung.
2137,"<|en|> By the way, Have you tried the pasta carbonara <|id|> di Cipete? Antrian-nya panjang banget."
2138,<|id|> Sebenernya <|en|> I recommend Squid Game <|id|> kalau kamu suka genre <|en|> romance.
2139,"<|id|> Kalau dipikir-pikir, Minggu depan aku mau <|en|> trip <|id|> ke <|en|> Seoul, <|id|> udah <|en|> booking hotel <|id|> belum?"
2140,"<|en|> Honestly, Using Wolfram Alpha <|id|> bikin ngerjain <|en|> discrete math <|id|> jadi jauh lebih cepat."
2141,"<|en|> By the way, <|id|> Gue lagi belajar <|en|> Go <|id|> buat bikin <|en|> portfolio."
2142,"<|id|> Minggu depan aku mau <|en|> backpacking <|id|> ke <|en|> Seoul, <|id|> udah <|en|> booking sim card <|id|> belum?"
2143,"<|id|> Omong-omong, Gue lagi belajar <|en|> Swift <|id|> buat bikin <|en|> web app."
2144,<|en|> She went on a hiking solo <|id|> ke Wakatobi minggu lalu.
2145,"<|id|> Minggu depan aku mau <|en|> trip <|id|> ke <|en|> Amsterdam, <|id|> udah <|en|> booking travel insurance <|id|> belum?"
2146,"<|id|> Omong-omong, Udah coba <|en|> VS Code <|id|> belum? Katanya <|en|> AI assistant <|id|> nya keren banget. kan?"
2147,<|en|> I use the TickTick <|id|> buat nge-<|en|>track habits <|id|> harian.
2148,"<|en|> Honestly, There's a hackathon <|id|> besok jam 13.00, ikut ga?"
2149,<|id|> Jujur aja Kamu masuk divisi humas atau dokumentasi di BEM?
2150,"<|id|> Omong-omong, <|en|> The new rework <|id|> di <|en|> Dota 2 <|id|> banyak yang suka tapi aku kurang cocok."
2151,"<|id|> Omong-omong, Kemarin aku berhasil <|en|> solo rank <|id|> di <|en|> Mobile Legends <|id|> setelah 300 jam grind."
2152,"<|id|> Omong-omong, <|en|> I just bought a new smartwatch, <|id|> spesifikasinya lumayan buat <|en|> editing video."
2153,"<|en|> Fun fact: <|id|> Minggu depan aku mau liburan ke <|en|> Tokyo, <|id|> udah <|en|> booking hotel <|id|> belum?"
2154,<|en|> Have you tried the hummus <|id|> di Senopati? Antrian-nya panjang banget.
2155,"<|en|> By the way, I scheduled a specialist consultation <|id|> untuk cek kondisi kulit."
2156,"<|en|> Honestly, We're planning a family trip <|id|> keluarga ke Bandung bulan Januari."
2157,"<|en|> By the way, <|id|> Minggu depan aku mau <|en|> staycation <|id|> ke <|en|> Tokyo, <|id|> udah <|en|> booking sim card <|id|> belum?"
2158,"<|id|> Sebenernya <|en|> The financial pressure <|id|> jadi anak rantau tuh berat, tapi bikin <|en|> independent."
2159,<|en|> I prep my <|id|> bekal makan malem sebelumnya biar pagi ga buru-buru.
2160,"<|id|> Menurutku sih, Kamu pakai <|en|> Discord <|id|> versi berapa? Yang baru ada fitur <|en|> version control."
2161,"<|id|> Aku nyoba <|en|> recipe <|id|> baru hari ini, <|en|> pasta aglio olio <|id|> ala rumahan."
2162,"<|en|> To be honest, The review for this <|id|> sepatu rata-rata 200 bintang, lumayan bagus."
2163,"<|id|> Omong-omong, <|en|> Folder Desktop <|id|> nya kemana ya? Kok ga ketemu di <|en|> Canva. <|id|> kan?"
2164,<|id|> Kemarin aku berhasil <|en|> solo rank <|id|> di <|en|> Apex Legends <|id|> setelah 300 jam grind.
2165,<|en|> I recommend Everything Everywhere <|id|> kalau kamu suka genre <|en|> comedy.
2166,<|id|> Jujur aja <|en|> I've been pulling 3 <|id|> hari berturut-turut begadang buat <|en|> deadline tugas.
2167,"<|id|> Menurutku sih, Aku lagi cari <|en|> travel insurance <|id|> murah buat perjalanan ke <|en|> Bali."
2168,"<|id|> Menurutku sih, <|en|> I've been into calligraphy <|id|> sejak 2 tahun lalu dan ga pernah bosen."
2169,"<|id|> Omong-omong, <|en|> The DSLR <|id|> yang aku pakai buat <|en|> calligraphy <|id|> tuh mahal tapi beneran beda hasilnya."
2170,<|id|> Kemarin aku berhasil <|en|> get the achievement <|id|> di <|en|> Genshin Impact <|id|> setelah 5 jam grind.
2171,"<|id|> Kalau dipikir-pikir, Kamu pakai <|en|> Notion <|id|> versi berapa? Yang baru ada fitur <|en|> AI assistant."
2172,"<|en|> By the way, <|id|> Minggu depan aku mau <|en|> trip <|id|> ke Lombok, udah <|en|> booking travel insurance <|id|> belum?"
2173,"<|id|> Menurutku sih, Kemarin aku berhasil <|en|> complete the event <|id|> di <|en|> PUBG <|id|> setelah 300 jam grind."
2174,"<|en|> The review for this headphone <|id|> rata-rata 500 bintang, lumayan bagus."
2175,"<|id|> Kalau dipikir-pikir, Kita perlu bikin <|en|> proposal <|id|> buat presentasi ke <|en|> investor."
2176,"<|en|> Honestly, <|id|> Kemarin aku berhasil <|en|> finish the questline <|id|> di <|en|> Minecraft <|id|> setelah 200 jam grind."
2177,"<|en|> Honestly, <|id|> Aku beli jam tangan tadi di <|en|> Lazada, <|id|> lagi ada <|en|> buy 1 get 1."
2178,"<|id|> Omong-omong, <|en|> I scheduled a follow-up appointment <|id|> untuk cek kondisi lambung."
2179,<|id|> Jujur aja Dokter bilang aku harus mulai <|en|> yoga <|id|> buat jaga <|en|> cholesterol.
2180,"<|id|> Jujur aja Kami jarang ketemu langsung, tapi tetap <|en|> connect <|id|> lewat <|en|> family group chat."
2181,"<|id|> Kalau dipikir-pikir, <|en|> I use the pay yourself first <|id|> buat ngatur pengeluaran bulanan."
2182,"<|en|> My skincare <|id|> udah rusak, perlu beli yang baru sebelum wisuda."
2183,"<|id|> Kalau dipikir-pikir, Kemarin aku berhasil <|en|> solo rank <|id|> di <|en|> Apex Legends <|id|> setelah 8 jam grind."
2184,"<|en|> Honestly, The new season update <|id|> di <|en|> Valorant <|id|> banyak yang suka tapi aku kurang cocok."
2185,<|id|> Aku lagi cari koper murah buat perjalanan ke Yogyakarta. kan?
2186,<|en|> Fun fact: We're planning a road trip <|id|> keluarga ke Lombok bulan Desember.
2187,"<|en|> By the way, The earbuds <|id|> udah di-update ke <|en|> v15 <|id|> tapi tetep lemot."
2188,"<|id|> Minggu depan aku mau <|en|> backpacking <|id|> ke <|en|> Bangkok, <|id|> udah <|en|> booking tiket pesawat <|id|> belum?"
2189,<|en|> Fun fact: <|id|> Kemarin aku berhasil <|en|> solo rank <|id|> di <|en|> PUBG <|id|> setelah 8 jam grind.
2190,"<|en|> By the way, She prepared special <|id|> rendang buat <|en|> Lebaran <|id|> celebration."
2191,"<|en|> To be honest, <|id|> Aku mau ikut <|en|> exhibition <|id|> komunitas <|en|> pottery <|id|> bulan depan."
2192,"<|id|> Menurutku sih, Mending naik <|en|> bus Damri <|id|> daripada nyetir sendiri kalau lagi macet."
2193,<|id|> Jujur aja <|en|> The new hotfix <|id|> di <|en|> Apex Legends <|id|> banyak yang suka tapi aku kurang cocok.
2194,<|en|> The concept of delayed gratification <|id|> bener-bener ngubah cara pandang aku.
2195,"<|en|> To be honest, <|id|> Minggu depan aku mau <|en|> trip <|id|> ke <|en|> Seoul, <|id|> udah <|en|> booking sim card <|id|> belum?"
2196,"<|id|> Omong-omong, Tiket <|en|> Idul Adha <|id|> udah habis semua, harus pesan jauh-jauh hari."
2197,"<|en|> To be honest, Can you proofread <|id|> esai aku soal <|en|> climate change?"
2198,"<|id|> Menurutku sih, <|en|> Have you tried <|id|> fitur <|en|> smart search <|id|> di <|en|> Zoom <|id|> yang baru?"
2199,"<|id|> Kalau dipikir-pikir, <|en|> Can you proofread <|id|> esai aku soal <|en|> AI ethics?"
2200,"<|id|> Omong-omong, Tugasnya minta bikin <|en|> lab report <|id|> soal <|en|> digital literacy <|id|> minimal 500 kata."
2201,"<|id|> Menurutku sih, <|en|> I need to submit my project proposal <|id|> sebelum <|en|> deadline <|id|> jam 17.00."
2202,"<|id|> Kalau dipikir-pikir, <|en|> The <|id|> reunian SMA reuni kemarin seru banget, banyak yang hadir."
2203,"<|id|> Menurutku sih, Kemarin aku berhasil <|en|> complete the event <|id|> di <|en|> Dota 2 <|id|> setelah 3 jam grind."
2204,"<|id|> Kalau dipikir-pikir, Tadi meeting <|en|> all-hands <|id|> nya molor 2 jam dari jadwal."
2205,"<|en|> To be honest, <|id|> Kemarin aku berhasil <|en|> complete the event <|id|> di <|en|> Dota 2 <|id|> setelah 3 jam grind."
2206,"<|id|> Omong-omong, Mending beli jam tangan ori atau KW ya?"
2207,"<|en|> To be honest, Have you tried the tacos <|id|> di PIK? Antrian-nya panjang banget."
2208,<|en|> We're planning a staycation <|id|> keluarga ke <|en|> Bali <|id|> bulan Maret.
2209,"<|en|> By the way, <|id|> Tugasnya minta bikin <|en|> research paper <|id|> soal <|en|> mental health <|id|> minimal 1500 kata."
2210,"<|id|> Kalau dipikir-pikir, <|en|> She uses the deep work session <|id|> buat manage waktu <|en|> WFH <|id|> nya."
2211,<|id|> Sebenernya <|en|> We're planning a road trip <|id|> keluarga ke Bandung bulan Juni.
2212,<|id|> Sebenernya Tugasnya minta bikin <|en|> lab report <|id|> soal <|en|> climate change <|id|> minimal 500 kata.
2213,<|en|> She got tickets to the fan meeting <|id|> depan!
2214,<|id|> Aku lagi cari <|en|> hotel <|id|> murah buat perjalanan ke <|en|> Lombok.
2215,<|id|> Kamu masuk divisi <|en|> media <|id|> atau <|en|> publikasi <|id|> di <|en|> BEM?
2216,"<|en|> By the way, Let's queue together <|id|> nanti malem, aku mau <|en|> push rank."
2217,"<|id|> Jujur aja Organisasi <|en|> BEM <|id|> lagi buka <|en|> open recruitment <|id|> baru, kamu mau daftar?"
2218,<|en|> Fun fact: <|id|> Aku lagi cari <|en|> tiket pesawat <|id|> murah buat perjalanan ke <|en|> Yogyakarta.
2219,"<|id|> Omong-omong, <|en|> The flight <|id|> ke <|en|> Seoul <|id|> tadi <|en|> delayed <|id|> 2 jam."
2220,"<|id|> Menurutku sih, Minggu depan aku mau liburan ke <|en|> New York, <|id|> udah <|en|> booking hotel <|id|> belum?"
2221,"<|en|> Honestly, She was diagnosed with <|id|> penyakit <|en|> GERD <|id|> yang butuh penanganan segera."
2222,<|en|> She committed to a reading challenge <|id|> selama 3 hari dan hasilnya keren.
2223,<|en|> I've been trying to reduce my carbon footprint <|id|> dengan cara kurangi daging.
2224,"<|id|> Omong-omong, <|en|> The key is to make your <|id|> meditasi jadi sesuatu yang kamu <|en|> look forward to."
2225,"<|id|> Aku pake <|en|> instant pot <|id|> buat bikin <|en|> avocado toast <|id|> tadi, hasilnya lebih konsisten. kan?"
2226,"<|id|> Omong-omong, <|en|> The <|id|> sesak napas sudah berlangsung lebih dari 2 minggu."
2227,"<|id|> Sebenernya Diskon Natal di mana-mana, waktu yang pas buat belanja."
2228,"<|en|> Honestly, The ending of Squid Game <|id|> bikin aku nangis seharian."
2229,<|en|> She's been working on set boundaries <|id|> agar bisa lebih <|en|> present <|id|> dalam kehidupan.
2230,"<|en|> To be honest, <|id|> Aku beli baju tadi di <|en|> Tiktok Shop, <|id|> lagi ada <|en|> flash sale."
2231,<|en|> Fun fact: Visa <|id|> ke <|en|> Singapore <|id|> prosesnya berapa lama ya?
2232,"<|en|> By the way, <|id|> Proyek <|en|> revitalisasi <|id|> kawasan Kalibata udah mulai kelihatan hasilnya."
2233,"<|en|> Honestly, She's been experimenting with Korean <|id|> masakan sejak punya <|en|> air fryer."
2234,"<|en|> To be honest, <|id|> Gratis <|en|> ongkir <|id|> kalau belanja di atas 50 ribu di <|en|> Lazada."
2235,<|en|> Fun fact: <|id|> Jam <|en|> peak hours <|id|> di kantor itu biasanya antara jam 12.00 sampai 15.00.
2236,<|id|> Sebenernya Kamu pakai <|en|> VS Code <|id|> versi berapa? Yang baru ada fitur <|en|> live collaboration.
2237,"<|en|> By the way, The air pollution <|id|> makin parah dan kita perlu aksi nyata sekarang."
2238,"<|en|> My <|id|> baju udah rusak, perlu beli yang baru sebelum <|en|> ulang tahun."
2239,"<|en|> By the way, <|id|> Kemarin aku berhasil <|en|> finish the questline <|id|> di <|en|> Genshin Impact <|id|> setelah 200 jam grind."
2240,"<|en|> Honestly, Taking a slow morning <|id|> itu bukan egois, itu <|en|> necessary."
2241,"<|id|> Jujur aja Aku beli <|en|> kamera <|id|> tadi di <|en|> Shopee, <|id|> lagi ada <|en|> buy 1 get 1."
2242,<|id|> Sebenernya <|en|> She always orders the bibimbap <|id|> kalau ke sana.
2243,"<|en|> By the way, <|id|> Kemarin aku berhasil <|en|> get the achievement <|id|> di <|en|> Valorant <|id|> setelah 5 jam grind."
2244,"<|id|> Omong-omong, <|en|> The neurologist <|id|> bilang ada tanda awal <|en|> hypertension <|id|> yang harus diperhatikan."
2245,"<|id|> Omong-omong, Ikut <|en|> Coursera <|id|> online buat ningkatin skill <|en|> writing <|id|> aku."
2246,<|en|> She prepared special rendang <|id|> buat <|en|> Idul Adha <|id|> celebration.
2247,<|en|> The <|id|> alat lukis yang aku pakai buat <|en|> painting <|id|> tuh mahal tapi beneran beda hasilnya. kan?
2248,"<|id|> Kalau dipikir-pikir, Aku lagi cari koper murah buat perjalanan ke <|en|> Singapore."
2249,"<|en|> Fun fact: Sunrise <|id|> di <|en|> Wakatobi <|id|> kemarin indah banget, <|en|> worth the effort."
2250,"<|en|> The review for this sepatu <|id|> rata-rata 50 bintang, lumayan bagus."
2251,"<|id|> Minggu depan aku mau <|en|> backpacking <|id|> ke <|en|> Singapore, <|id|> udah <|en|> booking sim card <|id|> belum?"
2252,"<|id|> Omong-omong, <|en|> Jakarta's nightlife <|id|> di Cipinang itu keren, banyak pilihan <|en|> entertainment."
2253,<|id|> Jujur aja Udah coba <|en|> VS Code <|id|> belum? Katanya <|en|> offline mode <|id|> nya keren banget.
2254,"<|en|> Honestly, <|id|> Kemarin aku beli <|en|> earbuds <|id|> baru, <|en|> storage <|id|> nya gila sih."
2255,<|id|> Kita perlu bikin <|en|> report <|id|> buat presentasi ke <|en|> investor.
2256,<|id|> Sebenernya Dokter kasih <|en|> referral <|id|> ke spesialis <|en|> neurologist.
2257,"<|en|> Fun fact: There's a <|id|> lomba debat besok jam 13.00, ikut ga?"
2258,"<|en|> To be honest, <|id|> Aku beli <|en|> headphone <|id|> tadi di <|en|> Lazada, <|id|> lagi ada <|en|> free shipping."
2259,"<|id|> Omong-omong, Kayaknya <|en|> headphone <|id|> itu lagi <|en|> trending <|id|> karena banyak banget yang beli."
2260,"<|en|> Honestly, I missed the KRL <|id|> tadi karena terlambat 1 menit."
2261,"<|en|> Honestly, <|id|> Aku beli <|en|> kamera <|id|> tadi di <|en|> Lazada, <|id|> lagi ada <|en|> buy 1 get 1."
2262,"<|id|> Omong-omong, <|en|> The professor explained matrix decomposition <|id|> dengan analogi yang gampang dimengerti."
2263,"<|id|> Menurutku sih, <|en|> The <|id|> Pekan Raya Jakarta di Jakarta setiap tahun selalu ramai banget."
2264,"<|id|> Sebenernya <|en|> The review for this kamera <|id|> rata-rata 500 bintang, lumayan bagus."
2265,"<|en|> To be honest, She's been really active in the <|id|> UKM fotografi sejak semester tiga."
2266,"<|en|> By the way, I spent 5 hours <|id|> ngerjain soal <|en|> discrete math <|id|> tapi masih salah juga."
2267,"<|id|> Omong-omong, <|en|> Have you tried <|id|> fitur <|en|> auto-sync <|id|> di <|en|> Notion <|id|> yang baru?"
2268,<|en|> Fun fact: <|id|> Ikut <|en|> MasterClass <|id|> online buat ningkatin skill <|en|> communication <|id|> aku.
2269,"<|en|> By the way, Breaking a bad daily routine <|id|> itu butuh waktu minimal 30 hari."
2270,"<|id|> Kemarin aku beli <|en|> laptop <|id|> baru, <|en|> RAM <|id|> nya gila sih. kan?"
2271,"<|en|> Honestly, My blood sugar <|id|> kata dokter agak tinggi, harus kurangin <|en|> gula."
2272,"<|en|> By the way, <|id|> Aku lagi cari <|en|> hotel <|id|> murah buat perjalanan ke <|en|> Tokyo."
2273,"<|en|> To be honest, <|id|> Konsep <|en|> central limit theorem <|id|> banyak dipakai di bidang <|en|> data science."
2274,"<|id|> Kalau dipikir-pikir, Aku beli <|en|> kamera <|id|> tadi di <|en|> Shopee, <|id|> lagi ada <|en|> double discount."
2275,"<|id|> Kalau dipikir-pikir, Kakak aku baru dapat <|en|> promotion <|id|> di kantornya bulan ini."
2276,"<|id|> Kalau dipikir-pikir, <|en|> Using Python <|id|> bikin ngerjain <|en|> statistics <|id|> jadi jauh lebih cepat."
2277,<|en|> The new Mexican restaurant <|id|> di Cipete lagi rame banget di <|en|> social media.
2278,<|en|> She prepared special opor ayam <|id|> buat <|en|> Idul Adha <|id|> celebration.
2279,<|en|> She prepared special opor ayam <|id|> buat <|en|> Natal <|id|> celebration.
2280,<|en|> The Notion <|id|> ngebantu banget buat manage <|en|> task <|id|> harian aku. kan?
2281,<|id|> Aku lagi nge-<|en|>photography <|id|> setiap weekend buat hilangin stres.
2282,<|en|> The smartphone <|id|> udah di-<|en|>update <|id|> ke <|en|> the latest build <|id|> tapi tetep lemot.
2283,"<|en|> There's a seminar <|id|> besok jam 15.30, ikut ga?"
2284,<|en|> Fun fact: <|id|> Kemarin aku berhasil <|en|> finish the questline <|id|> di <|en|> Dota 2 <|id|> setelah 5 jam grind.
2285,"<|id|> Menurutku sih, <|en|> I recommend Everything Everywhere <|id|> kalau kamu suka genre <|en|> thriller."
2286,<|en|> Fun fact: <|id|> Aku lagi nge-<|en|>cycling <|id|> setiap weekend buat hilangin stres.
2287,"<|id|> Sebenernya Aku beli jam tangan tadi di <|en|> Lazada, <|id|> lagi ada <|en|> flash sale."
2288,<|en|> I scheduled a check-up <|id|> untuk cek kondisi <|en|> kulit.
2289,"<|id|> Omong-omong, <|en|> Political <|id|> korupsi ini sudah berlangsung lama dan belum ada solusinya."
2290,"<|en|> To be honest, <|id|> laptop ku nge-lag terus, kayaknya harus di-<|en|>reset <|id|> deh."
2291,<|en|> Have you tried <|id|> fitur <|en|> offline mode <|id|> di <|en|> Figma <|id|> yang baru? kan?
2292,"<|en|> By the way, I returned the <|id|> jam tangan karena ukurannya ga pas."
2293,<|id|> Aku mau ikut <|en|> workshop <|id|> komunitas <|en|> gardening <|id|> bulan depan.
2294,"<|en|> By the way, <|id|> Program <|en|> bike to campus <|id|> di kampus kita berhasil kurangi sampah 40 persen."
2295,"<|en|> By the way, She committed to a 30-day fitness challenge <|id|> selama 3 hari dan hasilnya keren."
2296,"<|id|> Omong-omong, Kemarin aku berhasil <|en|> complete the event <|id|> di <|en|> PUBG <|id|> setelah 300 jam grind."
2297,"<|id|> Minggu depan aku mau <|en|> staycation <|id|> ke <|en|> Paris, <|id|> udah <|en|> booking tiket pesawat <|id|> belum? kan?"
2298,"<|id|> Minggu depan aku mau <|en|> trip <|id|> ke Lombok, udah <|en|> booking tiket pesawat <|id|> belum? kan?"
2299,"<|id|> Sebenernya Kemarin aku beli <|en|> earbuds <|id|> baru, <|en|> battery life <|id|> nya gila sih."
2300,"<|en|> I just unlocked <|id|> karakter baru di <|en|> Dota 2, <|id|> keren abis <|en|> skin <|id|> nya."
2301,"<|id|> Menurutku sih, <|en|> She prepared special <|id|> ketupat buat Nyepi <|en|> celebration."
2302,<|en|> We're planning a family trip <|id|> keluarga ke <|en|> kampung halaman <|id|> bulan Juni.
2303,"<|id|> Omong-omong, Penyakit <|en|> anemia <|id|> ini umum banget terjadi kalau pola makan ga dijaga."
2304,"<|en|> By the way, The hotel review-<|id|>nya bagus, tapi agak <|en|> pricey <|id|> buat budget aku."
2305,"<|id|> Omong-omong, Restoran <|en|> Mexican <|id|> baru yang di Kemang itu enak banget."
2306,<|en|> The pilpres <|id|> kemarin hasilnya cukup mengejutkan banyak pihak.
2307,<|id|> Jujur aja Program <|en|> BLT <|id|> pemerintah ini masih perlu evaluasi lebih lanjut.
2308,"<|id|> Menurutku sih, <|en|> Have you tried the local street food <|id|> di Lombok? Enak banget katanya."
2309,<|id|> Jujur aja <|en|> The revenue <|id|> kita bulan ini naik 15 persen dari <|en|> last quarter.
2310,"<|en|> Honestly, <|id|> Koneksi <|en|> LAN <|id|> di sini parah banget, nge-<|en|>reformat <|id|> aja susah."
2311,"<|id|> Aku beli <|en|> laptop <|id|> tadi di <|en|> Lazada, <|id|> lagi ada <|en|> free shipping."
2312,"<|id|> Menurutku sih, <|en|> Using Wolfram Alpha <|id|> bikin ngerjain <|en|> discrete math <|id|> jadi jauh lebih cepat."
2313,<|en|> Fun fact: She always orders the sushi <|id|> kalau ke sana.
2314,<|id|> Kemarin aku berhasil <|en|> complete the event <|id|> di <|en|> Mobile Legends <|id|> setelah 3 jam grind.
2315,"<|id|> Jujur aja Minggu depan aku mau <|en|> staycation <|id|> ke <|en|> Singapore, <|id|> udah <|en|> booking tiket pesawat <|id|> belum?"
2316,"<|id|> Kalau dipikir-pikir, Kamu masuk divisi <|en|> media <|id|> atau <|en|> sponsorship <|id|> di <|en|> coding community?"
2317,"<|id|> Omong-omong, <|en|> The new Japanese restaurant <|id|> di Cipete lagi rame banget di <|en|> social media."
2318,"<|id|> Menurutku sih, Tolong kirimin <|en|> PDF <|id|> nya lewat <|en|> Trello <|id|> ya."
2319,<|en|> Fun fact: Have you tried the local sushi <|id|> di <|en|> Paris? <|id|> Enak banget katanya.
2320,"<|id|> Kalau dipikir-pikir, Ikut <|en|> Udemy <|id|> online buat ningkatin skill <|en|> communication <|id|> aku."
2321,"<|id|> Kalau dipikir-pikir, Tolong kirimin <|en|> backup <|id|> nya lewat <|en|> Notion <|id|> ya."
2322,<|id|> Sebenernya Kamu masuk divisi humas atau dekorasi di <|en|> debating club?
2323,"<|id|> Kalau dipikir-pikir, <|en|> My <|id|> sepatu udah rusak, perlu beli yang baru sebelum ulang tahun."
2324,"<|en|> By the way, <|id|> Udah coba <|en|> Figma <|id|> belum? Katanya <|en|> AI assistant <|id|> nya keren banget."
2325,"<|en|> Honestly, <|id|> Folder <|en|> Documents <|id|> nya kemana ya? Kok ga ketemu di <|en|> Figma."
2326,"<|id|> Menurutku sih, Organisasi UKM fotografi lagi buka ketua baru, kamu mau daftar?"
2327,<|en|> She went on a camping <|id|> solo ke Wakatobi minggu lalu.
2328,"<|id|> Kalau dipikir-pikir, Macet di tol dalam kota tadi parah banget, sampai 2 jam di jalan."
2329,"<|id|> Menurutku sih, <|en|> I've been into pottery <|id|> sejak 5 tahun lalu dan ga pernah bosen."
2330,"<|en|> To be honest, I prep my <|id|> outfit malem sebelumnya biar pagi ga buru-buru."
2331,<|id|> Jujur aja Udah coba <|en|> Slack <|id|> belum? Katanya <|en|> version control <|id|> nya keren banget.
2332,"<|id|> Menurutku sih, Kamu udah lihat <|en|> mega sale <|id|> di <|en|> Tokopedia <|id|> belum? Banyak yang murah banget."
2333,"<|id|> Omong-omong, <|en|> She buys organic <|id|> susu meski harganya lebih mahal."
2334,"<|id|> Menurutku sih, Kamu masuk divisi <|en|> logistik <|id|> atau <|en|> sponsorship <|id|> di <|en|> BEM?"
2335,"<|en|> By the way, <|id|> Kamu pakai <|en|> Discord <|id|> versi berapa? Yang baru ada fitur <|en|> auto-sync."
2336,"<|en|> Honestly, <|id|> Aku lagi cari koper murah buat perjalanan ke <|en|> Singapore."
2337,<|id|> Jujur aja Kamu udah lihat <|en|> mega sale <|id|> di <|en|> Lazada <|id|> belum? Banyak yang murah banget.
2338,"<|id|> Jujur aja Aku beli sepatu tadi di <|en|> Tiktok Shop, <|id|> lagi ada <|en|> free shipping."
2339,"<|id|> Omong-omong, <|en|> The dermatologist <|id|> bilang ada tanda awal <|en|> anemia <|id|> yang harus diperhatikan."
2340,"<|en|> Honestly, <|id|> Tugasnya minta bikin <|en|> lab report <|id|> soal <|en|> biodiversity <|id|> minimal 1500 kata."
2341,"<|id|> Aku beli <|en|> kamera <|id|> tadi di <|en|> Zalora, <|id|> lagi ada <|en|> flash sale."
2342,"<|id|> Omong-omong, <|en|> Our growth strategy <|id|> butuh di-<|en|>revisi <|id|> sebelum <|en|> launch <|id|> bulan depan."
2343,"<|id|> Menurutku sih, Kemarin aku berhasil <|en|> get the achievement <|id|> di <|en|> Valorant <|id|> setelah 8 jam grind."
2344,<|id|> Jujur aja Tolong kirimin <|en|> screenshot <|id|> nya lewat <|en|> Linear <|id|> ya.
2345,"<|en|> Honestly, <|id|> Udah coba <|en|> GitHub <|id|> belum? Katanya <|en|> AI assistant <|id|> nya keren banget."
2346,"<|en|> Fun fact: <|id|> Baterai <|en|> smartphone <|id|> ku cepet banget abis, perlu di-<|en|>charge <|id|> mulu."
2347,<|en|> I value loyalitas <|id|> paling tinggi dalam suatu pertemanan.
2348,<|en|> The flight <|id|> ke <|en|> Yogyakarta <|id|> tadi <|en|> delayed <|id|> 1 jam.
2349,"<|en|> By the way, I've been pulling 6 <|id|> hari berturut-turut begadang buat <|en|> deadline tugas."
2350,"<|id|> Minggu depan aku mau <|en|> trip <|id|> ke <|en|> Bangkok, <|id|> udah <|en|> booking koper <|id|> belum?"
2351,"<|id|> Omong-omong, Program <|en|> green campus <|id|> di kampus kita berhasil kurangi sampah 40 persen."
2352,<|id|> Jujur aja <|en|> My <|id|> tekanan darah hasil cek kemarin agak <|en|> concerning <|id|> kata dokternya.
2353,"<|en|> To be honest, <|id|> Minggu depan aku mau liburan ke <|en|> Seoul, <|id|> udah <|en|> booking sim card <|id|> belum?"
2354,"<|id|> Minggu depan aku mau <|en|> trip <|id|> ke <|en|> Seoul, <|id|> udah <|en|> booking koper <|id|> belum?"
2355,<|en|> Fun fact: <|id|> Kamu masuk divisi kreatif atau dekorasi di <|en|> coding community?
2356,<|en|> I spent 2 hours <|id|> ngerjain soal <|en|> statistics <|id|> tapi masih salah juga.
2357,"<|id|> Kalau dipikir-pikir, Gue lagi belajar <|en|> Kotlin <|id|> buat bikin <|en|> side project."
2358,"<|id|> Omong-omong, <|en|> The Psychology of Money <|id|> rekomendasinya bagus banget, cocok buat kamu yang lagi <|en|> overthinking."
2359,"<|en|> By the way, The pasta <|id|> di supermarket tadi lagi <|en|> on sale <|id|> 50 persen."
2360,"<|en|> My blood pressure <|id|> kata dokter agak tinggi, harus kurangin <|en|> gula. <|id|> kan?"
2361,"<|en|> By the way, <|id|> Aku lagi baca buku <|en|> Man's Search for Meaning <|id|> yang isinya soal <|en|> financial psychology."
2362,"<|id|> Menurutku sih, <|en|> The <|id|> operasi minor memakan waktu sekitar 5 jam."
2363,"<|en|> By the way, <|id|> Kamu masuk divisi acara atau dekorasi di <|en|> BEM?"
2364,"<|id|> Menurutku sih, Aku beli <|en|> skincare <|id|> tadi di <|en|> Lazada, <|id|> lagi ada <|en|> buy 1 get 1."
2365,<|en|> The new Mexican restaurant <|id|> di Senopati lagi rame banget di <|en|> social media.
2366,"<|en|> Honestly, I need to submit my presentation <|id|> sebelum <|en|> deadline <|id|> jam 12.00."
2367,"<|en|> Honestly, <|id|> Aku lagi suka <|en|> hiking ringan <|id|> akhir pekan buat jauh dari layar."
2368,"<|en|> The <|id|> anggota magang baru udah dipilih, dia yang terpilih."
2369,<|en|> Fun fact: The invoice <|id|> harus dikirim ke klien sebelum jam 17.00.
2370,"<|id|> Kalau dipikir-pikir, <|en|> There's a webinar <|id|> besok jam 13.00, ikut ga?"
2371,"<|en|> By the way, <|id|> Restoran <|en|> Italian <|id|> baru yang di Blok M itu enak banget."
2372,"<|id|> Menurutku sih, Kemarin aku berhasil <|en|> solo rank <|id|> di <|en|> PUBG <|id|> setelah 300 jam grind."
2373,"<|id|> Menurutku sih, Kemarin aku berhasil <|en|> win the tournament <|id|> di <|en|> PUBG <|id|> setelah 200 jam grind."
2374,"<|id|> Minggu depan aku mau <|en|> staycation <|id|> ke <|en|> Bangkok, <|id|> udah <|en|> booking tiket pesawat <|id|> belum?"
2375,"<|en|> By the way, The concept of personal space <|id|> berbeda antara generasi tua dan muda."
2376,"<|id|> Menurutku sih, <|en|> The group's group dynamic <|id|> berubah setelah ada konflik kemarin."
2377,"<|id|> Kalau dipikir-pikir, Kemarin aku berhasil <|en|> complete the event <|id|> di <|en|> Minecraft <|id|> setelah 200 jam grind."
2378,<|id|> Kayaknya <|en|> kamera <|id|> itu lagi <|en|> trending <|id|> karena banyak banget yang beli.
2379,<|id|> Jujur aja <|en|> I followed a Joshua Weissman recipe <|id|> dan hasilnya lumayan mirip.
2380,"<|id|> Kalau dipikir-pikir, Obat <|en|> paracetamol <|id|> ini harus diminum sekali sehari setelah makan."
2381,"<|id|> Kalau dipikir-pikir, Aku pasang <|en|> alarm <|id|> 21 menit lebih awal buat ga terburu-buru."
2382,"<|en|> There's a webinar <|id|> besok jam 15.30, ikut ga?"
2383,"<|id|> Jujur aja Kemarin aku beli <|en|> tablet <|id|> baru, <|en|> battery life <|id|> nya gila sih."
2384,"<|en|> To be honest, The new Korean restaurant <|id|> di SCBD lagi rame banget di <|en|> social media."
2385,"<|en|> By the way, My insomnia <|id|> kambuh lagi, kayaknya gara-gara kurang <|en|> hydration."
2386,"<|en|> I just bought a new tablet, <|id|> spesifikasinya lumayan buat <|en|> editing video."
2387,<|id|> Sebenernya Aku mau ikut <|en|> meetup <|id|> komunitas <|en|> knitting <|id|> bulan depan.
2388,"<|en|> By the way, Have you tried the sushi <|id|> di Kemang? Antrian-nya panjang banget."
2389,"<|en|> To be honest, Have you tried <|id|> fitur <|en|> dark mode <|id|> di <|en|> GitHub <|id|> yang baru?"
2390,"<|en|> To be honest, She committed to a journaling challenge <|id|> selama 6 hari dan hasilnya keren."
2391,<|id|> Jujur aja Tadi meeting <|en|> weekly <|id|> nya molor 3 jam dari jadwal.
2392,<|id|> Sebenernya Aku mau ikut <|en|> competition <|id|> komunitas <|en|> painting <|id|> bulan depan.
2393,<|en|> I got a exclusive emote <|id|> dari <|en|> loot box <|id|> tadi!
2394,<|id|> Sebenernya <|en|> The orthopedist <|id|> bilang ada tanda awal <|en|> hypertension <|id|> yang harus diperhatikan.
2395,<|en|> The concept of gentle living <|id|> ngajarin kita buat lebih sayang sama diri sendiri.
2396,"<|en|> By the way, We're planning a staycation <|id|> keluarga ke kampung halaman bulan Desember."
2397,<|en|> Fun fact: Have you watched the trailer for The Crown? <|id|> Vibes-<|en|>nya keren banget.
2398,<|en|> Fun fact: The trail to Bromo <|id|> butuh waktu 6 jam untuk diselesaikan.
2399,<|en|> The anniversary event <|id|> di <|en|> Genshin Impact <|id|> kasih <|en|> reward <|id|> yang bagus banget.
2400,"<|id|> Omong-omong, Tim kita kena <|en|> lose streak <|id|> karena <|en|> bad draft <|id|> mulu."
2401,"<|id|> Omong-omong, Dokter bilang aku harus mulai <|en|> cardio <|id|> buat jaga <|en|> heart rate."
2402,"<|id|> Omong-omong, <|en|> The report <|id|> harus dikirim ke klien sebelum jam 09.00."
2403,"<|id|> Omong-omong, Kolega aku dapat <|en|> promotion <|id|> ke posisi <|en|> team lead <|id|> bulan ini."
2404,<|id|> Sebenernya Kamu udah lihat <|en|> harbolnas <|id|> di <|en|> Tokopedia <|id|> belum? Banyak yang murah banget.
2405,"<|en|> Honestly, <|id|> Kamu masuk divisi kreatif atau dokumentasi di <|en|> UKM fotografi?"
2406,"<|en|> By the way, She prepared special <|id|> kue lebaran buat <|en|> Idul Adha <|id|> celebration."
2407,<|en|> Fun fact: I'm taking 3 days off <|id|> pas <|en|> Natal <|id|> nanti.
2408,<|en|> Have you tried the pad thai <|id|> di Senopati? Antrian-nya panjang banget.
2409,"<|id|> Menurutku sih, Dokter bilang aku harus mulai <|en|> cardio <|id|> buat jaga <|en|> BMI."
2410,"<|en|> To be honest, The doctor recommended <|id|> istirahat total dan minum <|en|> vitamin D <|id|> setiap seminggu sekali."
2411,"<|id|> Omong-omong, <|en|> Have you tried the tacos <|id|> di Kemang? Antrian-nya panjang banget."
2412,"<|id|> Komunikasi dalam keluarga itu kunci, terutama soal <|en|> expectations."
2413,"<|en|> My jam <|id|> tangan udah rusak, perlu beli yang baru sebelum <|en|> wisuda."
2414,"<|en|> By the way, The review for this jam <|id|> tangan rata-rata 50 bintang, lumayan bagus."
2415,"<|id|> Menurutku sih, <|en|> She has a strict <|id|> evening <|en|> routine <|id|> yang dia <|en|> jalan<|id|> -in tiap harinya."
2416,<|en|> The kamera <|id|> ini lagi <|en|> sold out <|id|> di mana-mana.
2417,"<|en|> By the way, The review for this laptop <|id|> rata-rata 200 bintang, lumayan bagus."
2418,"<|id|> Kalau dipikir-pikir, <|en|> The <|id|> doctor recommended istirahat total dan minum <|en|> iron supplements <|id|> setiap seminggu sekali."
2419,<|en|> Fun fact: <|id|> Kemarin aku <|en|> berhasil complete the event <|id|> di <|en|> PUBG <|id|> setelah 300 <|en|> jam grind.
2420,<|en|> Have you tried the pad thai <|id|> di <|en|> Kemang? <|id|> Antrian-nya panjang banget.
2421,<|id|> Sebenernya <|en|> She went on a <|id|> camping <|en|> solo <|id|> ke <|en|> Dieng minggu <|id|> lalu.
2422,<|id|> Sebenernya Kamu masuk divisi <|en|> acara <|id|> atau <|en|> sponsorship <|id|> di <|en|> UKM fotografi?
2423,<|id|> Sebenernya <|en|> The smartphone <|id|> udah di-<|en|> update <|id|> ke <|en|> v15 <|id|> tapi tetep lemot.
2424,<|id|> Kita mau bikin <|en|> gala dinner <|id|> kolaborasi sama kampus lain.
2425,<|id|> Dia lagi negosiasi <|en|> contract <|id|> sama vendor baru dari luar negeri.
2426,"<|id|> Aku beli <|en|> jam <|id|> tangan tadi di <|en|> Lazada, <|id|> lagi ada <|en|> flash sale."
2427,<|id|> Jujur aja Tolong kirimin <|en|> file ZIP <|id|> nya lewat <|en|> Canva <|id|> ya.
2428,"<|en|> Honestly, Can you proofread esai <|id|> aku soal <|en|> mental health?"
2429,"<|id|> Omong-omong, <|en|> The smartwatch <|id|> udah di-<|en|> update <|id|> ke <|en|> v15 <|id|> tapi tetep lemot."
2430,<|id|> Sebenernya <|en|> Mending <|id|> pake <|en|> Google Maps <|id|> buat <|en|> cari itinerary <|id|> yang udah jadi.
2431,<|en|> Jam peak hours <|id|> di kantor itu biasanya antara <|en|> jam 10.00 <|id|> sampai 18.00.
2432,"<|en|> Jakarta's nightlife <|id|> di Cipinang itu keren, banyak <|en|> pilihan entertainment."
2433,"<|id|> Kalau dipikir-pikir, <|en|> The new <|id|> MRT fase 2 di <|en|> Jakarta <|id|> katanya bakal selesai tahun depan."
2434,"<|id|> Kalau dipikir-pikir, Aku beli <|en|> baju <|id|> tadi di <|en|> Zalora, <|id|> lagi ada <|en|> double discount."
2435,<|en|> Fun fact: She prepared special <|id|> ketupat buat Lebaran celebration.
2436,"<|id|> Menurutku sih, Kamu masuk divisi <|en|> acara <|id|> atau <|en|> sponsorship <|id|> di <|en|> BEM?"
2437,<|id|> Jujur aja <|en|> I got a 20% discount <|id|> pake <|en|> voucher <|id|> yang dikasih <|en|> Tiktok Shop.
2438,<|id|> Jujur aja Visa ke <|en|> Amsterdam <|id|> prosesnya berapa lama ya?
2439,"<|id|> Aku beli <|en|> sepatu <|id|> tadi di <|en|> Tokopedia, <|id|> lagi ada <|en|> flash sale."
2440,"<|en|> Fun fact: Jakarta's nightlife <|id|> di <|en|> Pluit <|id|> itu keren, banyak <|en|> pilihan entertainment."
2441,"<|en|> By the way, The DSLR <|id|> yang aku pakai buat <|en|> knitting <|id|> tuh mahal tapi beneran <|en|> beda hasil<|id|> -nya."
2442,<|id|> Aku lagi <|en|> cari tiket pesawat <|id|> murah buat perjalanan ke <|en|> Amsterdam.
2443,"<|id|> Menurutku sih, Aku lagi <|en|> overwhelmed <|id|> banget sama <|en|> workload semester <|id|> ini."
2444,<|id|> Jujur aja Kamu masuk divisi <|en|> media <|id|> atau <|en|> dekorasi <|id|> di <|en|> BEM?
2445,"<|id|> Omong-omong, <|en|> The flight <|id|> ke <|en|> Yogyakarta <|id|> tadi <|en|> delayed 1 jam."
2446,<|id|> Jujur aja <|en|> The <|id|> commute ke kantor me-<|en|> makan <|id|> waktu 3 <|en|> jam <|id|> setiap harinya.
2447,<|en|> My kolesterol hasil <|id|> cek kemarin agak <|en|> concerning <|id|> kata dokternya. kan?
2448,"<|id|> Omong-omong, <|en|> The new Italian restaurant <|id|> di <|en|> Cipete <|id|> lagi rame banget di <|en|> social media."
2449,<|en|> Fun fact: <|id|> Aku lagi <|en|> suka hiking ringan <|id|> akhir pekan buat jauh dari layar.
2450,<|en|> Have you watched the trailer for Everything Everywhere? <|id|> Vibes-nya keren banget. kan?
2451,"<|en|> Honestly, <|id|> Kemarin aku <|en|> berhasil complete the event <|id|> di <|en|> PUBG <|id|> setelah 8 <|en|> jam grind."
2452,"<|en|> By the way, Minggu <|id|> depan aku mau <|en|> staycation <|id|> ke <|en|> Bali, <|id|> udah <|en|> booking travel insurance <|id|> belum?"
2453,<|en|> Fun fact: She went on a bird watching solo <|id|> ke Bromo <|en|> minggu <|id|> lalu.
2454,"<|id|> Menurutku sih, <|en|> Minggu <|id|> depan aku mau <|en|> trip <|id|> ke <|en|> Bangkok, <|id|> udah <|en|> booking koper <|id|> belum?"
2455,"<|en|> Honestly, I got a 20% discount <|id|> pake <|en|> voucher <|id|> yang dikasih <|en|> Lazada."
2456,"<|id|> Omong-omong, <|en|> Have you tried <|id|> fitur <|en|> smart search <|id|> di <|en|> Figma <|id|> yang baru?"
2457,"<|id|> Kalau dipikir-pikir, <|en|> I just bought a new earbuds, <|id|> spesifikasinya lumayan buat <|en|> multitasking."
2458,"<|id|> Omong-omong, <|en|> Gue <|id|> lagi nyobain <|en|> survival game <|id|> baru, lumayan <|en|> addicting."
2459,"<|en|> Honestly, Minggu <|id|> depan aku mau <|en|> backpacking <|id|> ke <|en|> Seoul, <|id|> udah <|en|> booking sim card <|id|> belum?"
2460,"<|en|> To be honest, <|id|> Kemarin aku <|en|> berhasil complete the event <|id|> di <|en|> Apex Legends <|id|> setelah 8 <|en|> jam grind."
2461,"<|id|> Menurutku sih, Kamu masuk divisi <|en|> humas <|id|> atau <|en|> dekorasi <|id|> di <|en|> debating club?"
2462,"<|en|> To be honest, We're planning a staycation <|id|> keluarga ke <|en|> Yogyakarta <|id|> bulan <|en|> Januari."
2463,<|en|> I marinated the ayam <|id|> semalam biar bumbu-nya meresap sempurna.
2464,"<|en|> To be honest, The sesak napas <|id|> sudah berlangsung lebih dari 5 <|en|> minggu."
2465,"<|id|> Omong-omong, <|en|> My laptop <|id|> udah rusak, perlu beli yang baru sebelum ulang tahun."
2466,<|id|> Sebenernya <|en|> The <|id|> cardiologist bilang ada tanda awal <|en|> hypertension <|id|> yang harus diperhatikan.
2467,"<|en|> By the way, <|id|> Aku beli <|en|> skincare <|id|> tadi di <|en|> Lazada, <|id|> lagi ada <|en|> buy 1 get 1."
2468,<|id|> Kemarin aku <|en|> berhasil get the achievement <|id|> di <|en|> Minecraft <|id|> setelah 5 <|en|> jam grind. <|id|> kan?
2469,<|id|> Kemarin aku <|en|> berhasil solo rank <|id|> di <|en|> Valorant <|id|> setelah 300 <|en|> jam grind.
2470,"<|id|> Kalau dipikir-pikir, <|en|> The new Indian restaurant <|id|> di <|en|> Kemang <|id|> lagi rame banget di <|en|> social media."
2471,"<|id|> Kalau dipikir-pikir, Udah <|en|> coba Notion <|id|> belum? Katanya <|en|> dark mode <|id|> nya keren banget."
2472,"<|en|> Minggu <|id|> depan aku mau <|en|> liburan <|id|> ke <|en|> Yogyakarta, <|id|> udah <|en|> booking travel insurance <|id|> belum? kan?"
2473,<|id|> Kemarin aku <|en|> berhasil finish the questline <|id|> di <|en|> Free Fire <|id|> setelah 5 <|en|> jam grind.
2474,"<|id|> Aku beli <|en|> jam <|id|> tangan tadi di <|en|> Zalora, <|id|> lagi ada <|en|> flash sale."
2475,<|id|> Sebenernya <|en|> Have you tried <|id|> fitur <|en|> auto-sync <|id|> di <|en|> Canva <|id|> yang baru?
2476,"<|id|> Jujur aja <|en|> Minggu <|id|> depan aku mau <|en|> backpacking <|id|> ke <|en|> Paris, <|id|> udah <|en|> booking travel insurance <|id|> belum?"
2477,"<|en|> To be honest, Minggu <|id|> depan aku mau <|en|> backpacking <|id|> ke <|en|> Tokyo, <|id|> udah <|en|> booking hotel <|id|> belum?"
2478,"<|en|> Honestly, Kebiasaan skincare routine <|id|> pagi dan malam beneran berasa <|en|> beda<|id|> -nya."
2479,<|id|> Sebenernya <|en|> Taking <|id|> care <|en|> of <|id|> aging <|en|> parents <|id|> itu penuh tantangan tapi juga <|en|> meaningful.
2480,"<|id|> Kalau dipikir-pikir, <|en|> My fatigue <|id|> kambuh lagi, <|en|> kayaknya <|id|> gara-gara kurang <|en|> nutrition."
2481,"<|id|> Omong-omong, <|en|> Flash sale Tokopedia jam 00.00 <|id|> malem ini <|en|> jangan <|id|> sampe ketinggalan."
2482,<|id|> Sebenernya <|en|> We're planning a staycation <|id|> keluarga ke <|en|> Lombok <|id|> bulan Desember.
2483,"<|id|> Kalau dipikir-pikir, <|en|> My baju <|id|> udah rusak, perlu beli yang baru sebelum ulang tahun."
2484,<|id|> Kamu masuk divisi <|en|> acara <|id|> atau <|en|> publikasi <|id|> di <|en|> coding community?
2485,"<|en|> By the way, I use the Obsidian <|id|> buat nge-track <|en|> habits <|id|> harian."
2486,"<|id|> Kalau dipikir-pikir, Nilai <|en|> final exam <|id|> ku turun, <|en|> kayaknya <|id|> karena kurang <|en|> practice."
2487,<|id|> Aku lagi <|en|> cari koper <|id|> murah buat perjalanan ke <|en|> Paris.
2488,<|id|> Kemarin aku <|en|> berhasil win the tournament <|id|> di <|en|> Mobile Legends <|id|> setelah 3 <|en|> jam grind.
2489,"<|en|> By the way, My workstation <|id|> di rumah jauh lebih <|en|> comfortable <|id|> daripada di kantor."
2490,"<|en|> Honestly, <|id|> Aku beli <|en|> laptop <|id|> tadi di <|en|> Lazada, <|id|> lagi ada <|en|> buy 1 get 1."
2491,"<|en|> Honestly, My Zoom <|id|> tiba-tiba <|en|> crash <|id|> pas lagi <|en|> presentasi, malu <|id|> banget."
2492,"<|en|> To be honest, <|id|> Aku pake <|en|> thermometer masak <|id|> buat bikin <|en|> Korean <|id|> fried chicken tadi, <|en|> hasil<|id|> -nya lebih konsisten."
2493,"<|en|> Minggu <|id|> depan aku mau <|en|> backpacking <|id|> ke <|en|> Singapore, <|id|> udah <|en|> booking tiket pesawat <|id|> belum? kan?"
2494,"<|en|> My BMI <|id|> kata dokter agak tinggi, harus kurangin <|en|> gula."
2495,"<|en|> By the way, My tank <|id|> di <|en|> game <|id|> ini udah <|en|> maxed out <|id|> semua skill-nya."
2496,<|en|> Fun fact: I've been into photography <|id|> sejak 3 tahun lalu dan ga pernah bosen.
2497,<|id|> Aku lagi <|en|> coba <|id|> metode <|en|> Eat the Frog <|id|> buat ningkatin <|en|> productivity.
2498,"<|en|> Fun fact: <|id|> Aku beli <|en|> kamera <|id|> tadi di <|en|> Tokopedia, <|id|> lagi ada <|en|> free shipping."
2499,"<|en|> To be honest, <|id|> Aku beli <|en|> sepatu <|id|> tadi di <|en|> Zalora, <|id|> lagi ada <|en|> flash sale."
2500,"<|id|> Kalau dipikir-pikir, I'm <|en|> taking 10 days off <|id|> pas <|en|> Natal <|id|> nanti."
2501,"<|id|> Omong-omong, <|en|> Restoran Mexican <|id|> baru yang di PIK itu enak banget."
2502,"<|en|> To be honest, Jangan lupa bawa sunscreen <|id|> kalau ke pantai di <|en|> Lombok."
2503,<|en|> Gue <|id|> lagi <|en|> belajar JavaScript <|id|> buat bikin <|en|> mobile app.
2504,"<|en|> To be honest, The new patch <|id|> di <|en|> Apex Legends <|id|> banyak yang <|en|> suka <|id|> tapi aku kurang cocok."
2505,"<|id|> Omong-omong, <|en|> Minggu <|id|> depan aku mau <|en|> staycation <|id|> ke <|en|> Bangkok, <|id|> udah <|en|> booking koper <|id|> belum?"
2506,<|en|> Fun fact: Obat antihistamin <|id|> ini harus diminum sekali sehari setelah <|en|> makan.
2507,"<|en|> Sunrise <|id|> di <|en|> Wakatobi <|id|> kemarin indah banget, worth <|en|> the effort."
2508,<|id|> Sebenernya <|en|> The <|id|> NPS score sangat penting buat ngukur keberhasilan <|en|> campaign <|id|> kita.
2509,"<|id|> Kalau dipikir-pikir, Aku beli <|en|> kamera <|id|> tadi di <|en|> Zalora, <|id|> lagi ada <|en|> free shipping."
2510,"<|en|> Diskon Nyepi <|id|> di mana-mana, waktu yang pas buat belanja."
2511,<|en|> Fun fact: Restoran Italian <|id|> baru yang di <|en|> Kemang <|id|> itu enak banget.
2512,<|id|> Sebenernya Aku lagi <|en|> belajar reksa dana <|id|> buat <|en|> passive income.
2513,"<|id|> Menurutku sih, Kemarin aku <|en|> berhasil get the achievement <|id|> di <|en|> PUBG <|id|> setelah 3 <|en|> jam grind."
2514,"<|en|> To be honest, Minggu <|id|> depan aku mau <|en|> staycation <|id|> ke <|en|> Paris, <|id|> udah <|en|> booking sim card <|id|> belum?"
2515,"<|id|> Menurutku sih, <|en|> She's been really active in the himpunan <|id|> sejak <|en|> semester <|id|> tiga."
2516,"<|en|> Honestly, Gabung community <|id|> sesama <|en|> pottery <|id|> enthusiast itu seru banget."
2517,<|id|> Sebenernya Aku biasanya <|en|> wind down <|id|> dengan olahraga <|en|> ringan <|id|> sebelum tidur.
2518,"<|id|> Menurutku sih, <|en|> My cooking <|id|> udah berkembang jadi bisnis <|en|> side hustle <|id|> yang lumayan."
2519,<|id|> Kamu masuk divisi <|en|> humas <|id|> atau <|en|> dekorasi <|id|> di <|en|> BEM?
2520,"<|en|> By the way, My blood pressure <|id|> kata dokter agak tinggi, harus kurangin <|en|> gula."
2521,"<|en|> By the way, <|id|> Kamu masuk divisi <|en|> acara <|id|> atau <|en|> publikasi <|id|> di <|en|> BEM?"
2522,"<|id|> Menurutku sih, Kemarin aku <|en|> berhasil solo rank <|id|> di <|en|> PUBG <|id|> setelah 5 <|en|> jam grind."
2523,<|en|> The trail to Dieng <|id|> butuh waktu 2 <|en|> jam <|id|> untuk diselesaikan.
2524,<|id|> Jujur aja Kemarin aku <|en|> berhasil solo rank <|id|> di <|en|> Minecraft <|id|> setelah 200 <|en|> jam grind.
2525,<|en|> Have you tried <|id|> fitur <|en|> dark mode <|id|> di <|en|> Trello <|id|> yang baru?
2526,"<|en|> To be honest, <|id|> Udah <|en|> coba Slack <|id|> belum? Katanya <|en|> auto-sync <|id|> nya keren banget."
2527,"<|en|> By the way, Jam peak hours <|id|> di kantor itu biasanya antara <|en|> jam 09.00 <|id|> sampai 15.00."
2528,"<|id|> Omong-omong, <|en|> Using Python <|id|> bikin ngerjain <|en|> probability <|id|> jadi jauh lebih cepat."
2529,"<|id|> Kalau dipikir-pikir, <|en|> She committed to a journaling challenge <|id|> selama 30 hari dan <|en|> hasil<|id|> -nya keren."
2530,"<|id|> Menurutku sih, Kemarin aku <|en|> berhasil finish the questline <|id|> di <|en|> Genshin Impact <|id|> setelah 3 <|en|> jam grind."
2531,"<|id|> Menurutku sih, <|en|> Sunrise <|id|> di <|en|> Labuan Bajo <|id|> kemarin indah banget, worth <|en|> the effort."
2532,<|en|> Tugasnya minta <|id|> bikin <|en|> lab report <|id|> soal <|en|> digital literacy <|id|> minimal 500 kata.
2533,"<|id|> Aku beli <|en|> baju <|id|> tadi di <|en|> Zalora, <|id|> lagi ada <|en|> flash sale."
2534,<|id|> Sebenernya <|en|> The susu <|id|> di supermarket tadi lagi <|en|> on sale 30 <|id|> persen.
2535,<|en|> Breaking a bad kebiasaan buruk <|id|> itu butuh waktu minimal 21 hari. kan?
2536,"<|id|> Omong-omong, Kemarin aku <|en|> berhasil solo rank <|id|> di <|en|> PUBG <|id|> setelah 8 <|en|> jam grind."
2537,"<|en|> By the way, The central limit theorem <|id|> itu gampang kalau udah ngerti <|en|> fundamentals <|id|> nya."
2538,<|id|> Sebenernya Kamu masuk divisi <|en|> media <|id|> atau <|en|> sponsorship <|id|> di <|en|> coding community?
2539,"<|en|> By the way, Tugasnya minta <|id|> bikin <|en|> lab report <|id|> soal <|en|> mental health <|id|> minimal 1500 kata."
2540,"<|id|> Kemarin aku beli <|en|> smartwatch <|id|> baru, display nya gila sih."
2541,"<|id|> Omong-omong, <|en|> I <|id|> love <|en|> the street food <|id|> scene di kawasan Tebet, banyak <|en|> pilihan."
2542,"<|en|> By the way, I need to submit my presentation <|id|> sebelum <|en|> deadline jam 23.59."
2543,<|en|> I scheduled a follow-up appointment <|id|> untuk cek kondisi <|en|> lambung. <|id|> kan?
2544,<|id|> Sebenernya <|en|> The tablet <|id|> udah di-<|en|> update <|id|> ke <|en|> v15 <|id|> tapi tetep lemot.
2545,"<|en|> By the way, We're planning a family trip <|id|> keluarga ke <|en|> kampung halaman <|id|> bulan Desember."
2546,"<|en|> To be honest, <|id|> Aku lagi <|en|> cari koper <|id|> murah buat perjalanan ke <|en|> Seoul."
2547,<|en|> Fun fact: <|id|> Kamu masuk divisi <|en|> humas <|id|> atau <|en|> publikasi <|id|> di <|en|> debating club?
2548,"<|id|> Kalau dipikir-pikir, Kamu masuk divisi <|en|> kreatif <|id|> atau <|en|> dokumentasi <|id|> di <|en|> BEM?"
2549,"<|id|> Menurutku sih, <|en|> Ping <|id|> aku lagi <|en|> 300ms, susah aim <|id|> beneran."
2550,"<|en|> By the way, <|id|> Kamu masuk divisi <|en|> kreatif <|id|> atau <|en|> dekorasi <|id|> di <|en|> UKM fotografi?"
2551,<|id|> Sebenernya <|en|> I compared prices on Zalora <|id|> dan yang di <|en|> Shopee <|id|> lebih murah.
2552,"<|id|> Aku beli <|en|> headphone <|id|> tadi di <|en|> Tiktok Shop, <|id|> lagi ada <|en|> buy 1 get 1."
2553,<|en|> Fun fact: <|id|> Kemarin aku <|en|> berhasil complete the event <|id|> di <|en|> Dota 2 <|id|> setelah 300 <|en|> jam grind.
2554,"<|en|> Honestly, <|id|> Aku mau ikut <|en|> exhibition <|id|> komunitas <|en|> pottery <|id|> bulan depan."
2555,<|en|> She's been really active in the coding community <|id|> sejak <|en|> semester <|id|> tiga.
2556,"<|en|> To be honest, I prep my bekal makan <|id|> malem sebelumnya biar pagi ga buru-buru."
2557,<|en|> Have you tried the local ramen <|id|> di <|en|> Paris? <|id|> Enak banget katanya.
2558,"<|en|> To be honest, The secret ingredient <|id|> ternyata <|en|> gochujang <|id|> yang bikin rasanya <|en|> beda."
2559,<|en|> Learning cooking <|id|> butuh waktu tapi proses-nya menyenangkan banget. kan?
2560,"<|id|> Sebenernya <|en|> Minggu <|id|> depan aku mau <|en|> backpacking <|id|> ke <|en|> Bangkok, <|id|> udah <|en|> booking koper <|id|> belum?"
2561,"<|en|> To be honest, I've been pulling 18 <|id|> hari berturut-turut begadang buat <|en|> project kelompok."
2562,"<|id|> Omong-omong, <|en|> The smartphone <|id|> udah di-<|en|> update <|id|> ke <|en|> v14 <|id|> tapi tetep lemot."
2563,"<|id|> Kalau dipikir-pikir, <|en|> I need to submit my presentation <|id|> sebelum <|en|> deadline jam 23.59."
2564,<|id|> Sebenernya Ikut <|en|> Coursera online <|id|> buat ningkatin skill <|en|> public speaking <|id|> aku.
2565,"<|en|> By the way, Minggu <|id|> depan aku mau <|en|> backpacking <|id|> ke <|en|> Singapore, <|id|> udah <|en|> booking koper <|id|> belum?"
2566,<|id|> Jujur aja Kita perlu bikin <|en|> report <|id|> buat <|en|> presentasi <|id|> ke <|en|> investor.
2567,<|en|> Gue <|id|> lagi <|en|> belajar Python <|id|> buat bikin <|en|> portfolio.
2568,"<|id|> Menurutku sih, Bab 5 <|en|> skripsi <|id|> aku masih berantakan, <|en|> outline <|id|> nya belum clear."
2569,<|id|> Sebenernya <|en|> She set <|id|> clear expectations dalam pertemanan dan aku respect itu banget.
2570,<|id|> Kamu masuk divisi <|en|> kreatif <|id|> atau <|en|> dokumentasi <|id|> di <|en|> BEM?
2571,<|id|> Jujur aja <|en|> The <|id|> deforestation makin parah dan kita perlu aksi nyata sekarang.
2572,"<|id|> Omong-omong, Aku pake <|en|> instant pot <|id|> buat bikin <|en|> Korean <|id|> fried chicken tadi, <|en|> hasil<|id|> -nya lebih konsisten."
2573,"<|id|> Sebenernya <|en|> Minggu <|id|> depan aku mau <|en|> liburan <|id|> ke <|en|> Seoul, <|id|> udah <|en|> booking travel insurance <|id|> belum?"
2574,"<|id|> Omong-omong, <|en|> Have you tried the pad thai <|id|> di Blok M? Antrian-nya panjang banget."
2575,"<|en|> Adik <|id|> aku <|en|> minta diajarin coding <|id|> dari aku, seneng juga bisa bantu."
2576,"<|id|> Kalau dipikir-pikir, <|en|> Restoran Italian <|id|> baru yang di <|en|> Cipete <|id|> itu enak banget."
2577,<|en|> Fun fact: <|id|> Dokter bilang aku harus mulai <|en|> cardio <|id|> buat jaga <|en|> BMI.
2578,"<|en|> To be honest, The new hotfix <|id|> di <|en|> PUBG <|id|> banyak yang <|en|> suka <|id|> tapi aku kurang cocok."
2579,"<|id|> Kalau dipikir-pikir, <|en|> She prepared special rendang <|id|> buat <|en|> Natal <|id|> celebration."
2580,"<|en|> By the way, Generasi muda <|id|> harus lebih <|en|> aktif terlibat <|id|> dalam <|en|> partisipasi politik <|id|> demokrasi."
2581,<|id|> Jujur aja <|en|> I scheduled a <|id|> screening untuk cek kondisi <|en|> tulang.
2582,"<|en|> By the way, <|id|> Aku lagi <|en|> suka nature photography <|id|> akhir pekan buat jauh dari layar."
2583,<|id|> Sebenernya <|en|> The mechanical keyboard <|id|> yang aku pakai buat <|en|> cooking <|id|> tuh mahal tapi beneran <|en|> beda hasil<|id|> -nya.
2584,"<|en|> By the way, Pemandangan <|id|> di <|en|> Wakatobi <|id|> itu <|en|> breathtaking <|id|> banget."
2585,"<|id|> Omong-omong, Aku beli <|en|> sepatu <|id|> tadi di <|en|> Tiktok Shop, <|id|> lagi ada <|en|> buy 1 get 1."
2586,"<|id|> Omong-omong, Kamu pakai <|en|> Slack <|id|> versi berapa? Yang baru ada fitur <|en|> version control."
2587,"<|id|> Menurutku sih, BMKG bilang akan ada <|en|> heavy rain <|id|> ekstrem <|en|> minggu <|id|> ini."
2588,"<|id|> Kalau dipikir-pikir, Folder <|en|> Documents <|id|> nya kemana ya? Kok ga ketemu di <|en|> Notion."
2589,<|id|> Kamu masuk divisi <|en|> acara <|id|> atau <|en|> dokumentasi <|id|> di <|en|> coding community?
2590,"<|id|> Omong-omong, <|en|> The contract <|id|> harus dikirim ke klien sebelum <|en|> jam 17.00."
2591,"<|en|> Honestly, Her journaling <|id|> tiap pagi bikin dia jauh lebih produktif."
2592,"<|id|> Omong-omong, <|en|> The <|id|> biodiversity <|en|> in <|id|> kawasan konservasi itu sangat kaya dan harus dilestarikan."
2593,"<|id|> Kalau dipikir-pikir, <|en|> Tugasnya minta <|id|> bikin <|en|> critical essay <|id|> soal <|en|> AI ethics <|id|> minimal 1000 kata."
2594,<|en|> The monitor <|id|> udah di-<|en|> update <|id|> ke <|en|> v14 <|id|> tapi tetep lemot.
2595,"<|en|> By the way, Have you tried the sushi <|id|> di <|en|> Senopati? <|id|> Antrian-nya panjang banget."
2596,"<|en|> To be honest, <|id|> Kemarin aku <|en|> berhasil solo rank <|id|> di <|en|> Dota 2 <|id|> setelah 5 <|en|> jam grind."
2597,"<|en|> The Deep Work <|id|> rekomendasinya bagus banget, cocok buat kamu yang lagi <|en|> overthinking."
2598,"<|en|> By the way, Learning photography <|id|> butuh waktu tapi proses-nya menyenangkan banget."
2599,"<|id|> Kalau dipikir-pikir, <|en|> I missed the TransJakarta <|id|> tadi karena terlambat 2 menit."
2600,<|id|> Jujur aja <|en|> The smartwatch <|id|> udah di-<|en|> update <|id|> ke <|en|> Android 15 <|id|> tapi tetep lemot.
2601,"<|en|> There's a workshop <|id|> besok <|en|> jam 10.00, <|id|> ikut ga? kan?"
2602,"<|en|> By the way, <|id|> Kamu udah <|en|> lihat payday sale <|id|> di <|en|> Zalora <|id|> belum? Banyak yang murah banget."
2603,"<|id|> Menurutku sih, I'm <|en|> taking 3 days off <|id|> pas <|en|> Nyepi <|id|> nanti."
2604,"<|id|> Kalau dipikir-pikir, Aku <|en|> minta <|id|> tolong jelasin soal <|en|> statistics <|id|> ke temen yang lebih jago."
2605,"<|en|> Fun fact: My skincare <|id|> udah rusak, perlu beli yang baru sebelum ulang tahun."
2606,"<|en|> Honestly, Ping <|id|> aku lagi <|en|> 300ms, susah aim <|id|> beneran."
2607,"<|en|> To be honest, Restoran Italian <|id|> baru yang di <|en|> Senopati <|id|> itu enak banget."
2608,<|id|> Jujur aja I'm struggling <|en|> with <|id|> materi <|en|> Sociology semester <|id|> ini.
2609,"<|id|> Menurutku sih, <|en|> The anniversary event <|id|> di <|en|> Mobile Legends <|id|> kasih <|en|> reward <|id|> yang bagus banget."
2610,"<|en|> Honestly, I've been pulling 6 <|id|> hari berturut-turut begadang buat <|en|> deadline tugas."
2611,"<|id|> Kalau dipikir-pikir, <|en|> The flight <|id|> ke <|en|> Amsterdam <|id|> tadi <|en|> delayed 2 jam."
2612,<|id|> Jujur aja Kamu masuk divisi <|en|> media <|id|> atau <|en|> dekorasi <|id|> di <|en|> English Club?
2613,<|id|> Konser <|en|> Billie Eilish <|id|> tahun ini <|en|> sold out <|id|> dalam beberapa menit.
2614,"<|id|> Sebenernya <|en|> Minggu <|id|> depan aku mau <|en|> staycation <|id|> ke <|en|> Amsterdam, <|id|> udah <|en|> booking travel insurance <|id|> belum?"
2615,"<|id|> Jujur aja <|en|> Minggu <|id|> depan aku mau <|en|> backpacking <|id|> ke <|en|> Yogyakarta, <|id|> udah <|en|> booking hotel <|id|> belum?"
2616,"<|en|> Honestly, The dividend yield <|id|> bulan ini lumayan bagus, naik 20 persen dari bulan lalu."
2617,"<|id|> Omong-omong, <|en|> I just bought a new smartwatch, <|id|> spesifikasinya lumayan buat <|en|> multitasking."
2618,<|id|> Jujur aja <|en|> The <|id|> invoice harus dikirim ke klien sebelum <|en|> jam 17.00.
2619,<|en|> Fun fact: Gratis ongkir <|id|> kalau belanja di atas 50 ribu di <|en|> Lazada.
2620,<|en|> I've been pulling 20 <|id|> hari berturut-turut begadang buat <|en|> skripsi. <|id|> kan?
2621,"<|en|> Honestly, Budget <|id|> untuk <|en|> team building <|id|> tahun ini udah disetujui."
2622,"<|en|> Minggu <|id|> depan aku mau <|en|> liburan <|id|> ke <|en|> Lombok, <|id|> udah <|en|> booking travel insurance <|id|> belum?"
2623,"<|id|> Omong-omong, <|en|> I've been pulling 6 <|id|> hari berturut-turut begadang buat <|en|> project kelompok."
2624,<|id|> Jujur aja <|en|> The <|id|> club's <|en|> gala dinner <|id|> bakal diadain <|en|> next month <|id|> di aula.
2625,<|en|> The endoskopi <|id|> me-<|en|> makan <|id|> waktu sekitar 2 <|en|> jam.
2626,<|en|> Tugasnya minta <|id|> bikin <|en|> research paper <|id|> soal <|en|> economic inequality <|id|> minimal 1500 kata.
2627,"<|id|> Sebenernya <|en|> monitor <|id|> ku nge-lag terus, <|en|> kayaknya <|id|> harus di-install ulang deh."
2628,<|en|> Restoran Italian <|id|> baru yang di <|en|> Senopati <|id|> itu enak banget.
2629,"<|en|> Honestly, Organisasi debating club <|id|> lagi buka <|en|> open recruitment <|id|> baru, kamu mau daftar?"
2630,"<|id|> Aku lagi nyoba rutin <|en|> journaling <|id|> setiap hari, rasanya <|en|> calming."
2631,"<|id|> Omong-omong, <|en|> Tugasnya minta <|id|> bikin <|en|> research paper <|id|> soal <|en|> economic inequality <|id|> minimal 500 kata."
2632,<|id|> Jujur aja <|en|> I recommend Squid Game <|id|> kalau kamu <|en|> suka <|id|> genre <|en|> action.
2633,"<|id|> Omong-omong, <|en|> The new Mexican restaurant <|id|> di <|en|> SCBD <|id|> lagi rame banget di <|en|> social media."
2634,"<|en|> I just bought a new smartwatch, <|id|> spesifikasinya lumayan buat <|en|> coding. <|id|> kan?"
2635,<|en|> Let's schedule a strategy session minggu <|id|> depan buat bahas <|en|> roadmap.
2636,"<|en|> To be honest, <|id|> Kemarin aku <|en|> berhasil solo rank <|id|> di <|en|> PUBG <|id|> setelah 3 <|en|> jam grind."
2637,"<|id|> Menurutku sih, <|en|> Tugasnya minta <|id|> bikin <|en|> research paper <|id|> soal <|en|> mental health <|id|> minimal 500 kata."
2638,<|en|> She went on a bird watching solo <|id|> ke <|en|> Wakatobi minggu <|id|> lalu.
2639,<|en|> Fun fact: <|id|> Kamu pakai <|en|> Canva <|id|> versi berapa? Yang baru ada fitur <|en|> AI assistant.
2640,"<|en|> Fun fact: Adik <|id|> aku <|en|> minta diajarin bahasa Inggris <|id|> dari aku, seneng juga bisa bantu."
2641,<|en|> Fun fact: The drawing tablet <|id|> yang aku pakai buat <|en|> sketching <|id|> tuh mahal tapi beneran <|en|> beda hasil<|id|> -nya.
2642,"<|en|> By the way, Have you tried the local sushi <|id|> di <|en|> Tokyo? <|id|> Enak banget katanya."
2643,<|id|> Jujur aja Aku lagi <|en|> baca buku Ikigai <|id|> yang isinya soal <|en|> purpose.
2644,"<|en|> By the way, Gue <|id|> lagi <|en|> belajar JavaScript <|id|> buat bikin <|en|> mobile app."
2645,<|en|> Kayaknya jam <|id|> tangan itu lagi <|en|> trending <|id|> karena banyak banget yang beli. kan?
2646,<|en|> The operasi minor <|id|> me-<|en|> makan <|id|> waktu sekitar 5 <|en|> jam.
2647,"<|en|> Honestly, She went on a kayaking solo <|id|> ke <|en|> Labuan Bajo minggu <|id|> lalu."
2648,<|en|> She prepared special rendang <|id|> buat <|en|> Natal <|id|> celebration. kan?
2649,"<|id|> Omong-omong, Udah <|en|> coba Trello <|id|> belum? Katanya <|en|> offline mode <|id|> nya keren banget. kan?"
2650,"<|en|> To be honest, <|id|> Kamu pakai <|en|> Canva <|id|> versi berapa? Yang baru ada fitur <|en|> AI assistant."
2651,<|en|> Fun fact: Mending <|id|> pake <|en|> Traveloka <|id|> buat <|en|> cari itinerary <|id|> yang udah jadi.
2652,"<|id|> Menurutku sih, <|en|> She's <|id|> passionate <|en|> about <|id|> plastic-free movement dan <|en|> aktif <|id|> kampanye di <|en|> media <|id|> sosial."
2653,<|id|> Kemarin aku <|en|> berhasil complete the event <|id|> di <|en|> Apex Legends <|id|> setelah 300 <|en|> jam grind.
2654,"<|id|> Kalau dipikir-pikir, <|en|> I recommend Everything Everywhere <|id|> kalau kamu <|en|> suka <|id|> genre <|en|> horror."
2655,"<|en|> By the way, Her morning routine <|id|> tiap pagi bikin dia jauh lebih produktif."
2656,"<|id|> Jujur aja <|en|> Adik <|id|> aku <|en|> minta diajarin bahasa Inggris <|id|> dari aku, seneng juga bisa bantu."
2657,<|id|> Kamu pakai <|en|> Zoom <|id|> versi berapa? Yang baru ada fitur <|en|> offline mode.
2658,<|id|> Kemarin aku <|en|> berhasil solo rank <|id|> di <|en|> Apex Legends <|id|> setelah 3 <|en|> jam grind.
2659,"<|en|> Honestly, There's a lomba debat <|id|> besok <|en|> jam 15.30, <|id|> ikut ga?"
2660,"<|id|> Menurutku sih, <|en|> The new Japanese restaurant <|id|> di Blok M lagi rame banget di <|en|> social media."
2661,"<|id|> Omong-omong, <|en|> Minggu <|id|> depan aku mau <|en|> staycation <|id|> ke <|en|> Bali, <|id|> udah <|en|> booking tiket pesawat <|id|> belum?"
2662,"<|id|> Kalau dipikir-pikir, Aku lagi <|en|> suka forest bathing <|id|> akhir pekan buat jauh dari layar."
2663,"<|en|> Honestly, Let me share my screen <|id|> dulu biar lebih jelas."
2664,<|id|> Jujur aja Kemarin aku <|en|> berhasil finish the questline <|id|> di <|en|> Apex Legends <|id|> setelah 3 <|en|> jam grind.
2665,<|en|> The pilkada <|id|> kemarin <|en|> hasil<|id|> -nya cukup mengejutkan banyak pihak.
2666,<|id|> Kita harus lebih fokus ke <|en|> social media <|id|> buat <|en|> marketing <|id|> nya.
2667,"<|en|> Honestly, Gratis ongkir <|id|> kalau belanja di atas 500 ribu di <|en|> Tiktok Shop."
2668,"<|id|> Jujur aja <|en|> Organisasi coding community <|id|> lagi buka <|en|> ketua <|id|> baru baru, kamu mau daftar?"
2669,<|id|> Jujur aja <|en|> We're planning a road trip <|id|> keluarga ke <|en|> Lombok <|id|> bulan Desember.
2670,"<|en|> Fun fact: Organisasi English Club <|id|> lagi buka <|en|> open recruitment <|id|> baru, kamu mau daftar?"
2671,<|id|> Aku mau ikut <|en|> meetup <|id|> komunitas <|en|> painting <|id|> bulan depan.
2672,"<|id|> Omong-omong, <|en|> I marinated the <|id|> salmon semalam biar bumbu-nya meresap sempurna."
2673,"<|en|> Honestly, earbuds <|id|> ku nge-lag terus, <|en|> kayaknya <|id|> harus di-<|en|> reset <|id|> deh."
2674,"<|en|> By the way, Tugasnya minta <|id|> bikin <|en|> case study <|id|> soal <|en|> mental health <|id|> minimal 1500 kata."
2675,"<|en|> By the way, We're planning a road trip <|id|> keluarga ke <|en|> Yogyakarta <|id|> bulan Maret."
2676,<|id|> Sebenernya <|en|> Hasil market research <|id|> nya menunjukkan <|en|> demand <|id|> yang tinggi.
2677,<|id|> Sebenernya Kemarin aku <|en|> berhasil win the tournament <|id|> di <|en|> Mobile Legends <|id|> setelah 300 <|en|> jam grind.
2678,<|id|> Kamu masuk divisi <|en|> acara <|id|> atau <|en|> publikasi <|id|> di <|en|> himpunan?
2679,"<|id|> Omong-omong, <|en|> The sepatu <|id|> ini lagi <|en|> sold out <|id|> di mana-mana."
2680,<|id|> Jujur aja <|en|> She's been really active in the UKM fotografi <|id|> sejak <|en|> semester <|id|> tiga.
2681,"<|en|> To be honest, <|id|> Kamu pakai <|en|> Linear <|id|> versi berapa? Yang baru ada fitur <|en|> live collaboration."
2682,"<|id|> Omong-omong, I'm struggling <|en|> with <|id|> materi <|en|> Sociology semester <|id|> ini."
2683,"<|en|> Fun fact: Minggu <|id|> depan aku mau <|en|> trip <|id|> ke <|en|> Singapore, <|id|> udah <|en|> booking travel insurance <|id|> belum?"
2684,"<|en|> tablet <|id|> ku nge-lag terus, <|en|> kayaknya <|id|> harus di-restart deh."
2685,<|id|> Jujur aja Aku lagi <|en|> coba <|id|> metode <|en|> Pomodoro <|id|> buat ningkatin <|en|> productivity.
2686,<|id|> Tadi <|en|> meeting all-hands <|id|> nya molor 1 <|en|> jam <|id|> dari jadwal.
2687,"<|id|> Omong-omong, Macet di <|en|> jalur Bekasi <|id|> tadi parah banget, sampai 15 <|en|> jam <|id|> di <|en|> jalan."
2688,"<|en|> Minggu <|id|> depan aku mau <|en|> staycation <|id|> ke <|en|> Bali, <|id|> udah <|en|> booking travel insurance <|id|> belum?"
2689,"<|en|> By the way, <|id|> Kemarin aku <|en|> berhasil win the tournament <|id|> di <|en|> Apex Legends <|id|> setelah 300 <|en|> jam grind."
2690,<|en|> Fun fact: <|id|> Udah <|en|> coba VS Code <|id|> belum? Katanya <|en|> smart search <|id|> nya keren banget.
2691,"<|id|> Menurutku sih, <|en|> The <|id|> camping di alam terbuka itu ngebantu aku buat <|en|> recharge."
2692,"<|en|> Honestly, The formula for integral <|id|> itu harus dihafalin kalau mau lancar ngitungnya."
2693,"<|en|> By the way, Minggu <|id|> depan aku mau <|en|> liburan <|id|> ke <|en|> Tokyo, <|id|> udah <|en|> booking hotel <|id|> belum?"
2694,"<|id|> Menurutku sih, <|en|> The report <|id|> harus dikirim ke klien sebelum <|en|> jam 17.00."
2695,"<|id|> Aku beli <|en|> jam <|id|> tangan tadi di <|en|> Lazada, <|id|> lagi ada <|en|> double discount."
2696,"<|en|> Honestly, I've been into sketching <|id|> sejak 5 tahun lalu dan ga pernah bosen."
2697,"<|id|> Sebenernya Aku beli <|en|> jam <|id|> tangan tadi di <|en|> Zalora, <|id|> lagi ada <|en|> buy 1 get 1."
2698,"<|id|> Kalau dipikir-pikir, Kamu masuk divisi <|en|> acara <|id|> atau <|en|> dokumentasi <|id|> di <|en|> debating club?"
2699,<|id|> Aku mau ikut <|en|> exhibition <|id|> komunitas <|en|> knitting <|id|> bulan depan.
2700,"<|id|> Kalau dipikir-pikir, Aku beli <|en|> laptop <|id|> tadi di <|en|> Shopee, <|id|> lagi ada <|en|> cashback."
2701,"<|id|> Omong-omong, <|en|> I got a 20% discount <|id|> pake <|en|> voucher <|id|> yang dikasih <|en|> Zalora."
2702,"<|en|> Honestly, Belajar emotional intelligence <|id|> tuh penting banget buat hubungan sama orang lain."
2703,"<|id|> Kalau dipikir-pikir, <|en|> Have you watched the trailer for The Crown? <|id|> Vibes-nya keren banget."
2704,<|en|> I've been pulling 6 <|id|> hari berturut-turut begadang buat <|en|> skripsi.
2705,"<|id|> Menurutku sih, <|en|> The churn rate <|id|> kita bulan ini naik 5 persen dari <|en|> last quarter."
2706,"<|id|> Kalau dipikir-pikir, <|en|> The <|id|> hostel <|en|> review<|id|> -nya bagus, tapi agak <|en|> pricey <|id|> buat <|en|> budget <|id|> aku."
2707,"<|en|> Honestly, Have you tried <|id|> fitur <|en|> offline mode <|id|> di <|en|> GitHub <|id|> yang baru?"
2708,"<|id|> Menurutku sih, <|en|> I said <|id|> no <|en|> to <|id|> an invitation kemarin, dan itu keputusan yang <|en|> healthy."
2709,"<|id|> Menurutku sih, <|en|> Pemandangan <|id|> di <|en|> Raja Ampat <|id|> itu <|en|> breathtaking <|id|> banget."
2710,<|en|> Fun fact: <|id|> Kemarin aku <|en|> berhasil get the achievement <|id|> di <|en|> Free Fire <|id|> setelah 200 <|en|> jam grind.
2711,"<|id|> Omong-omong, I'm <|en|> taking 10 days off <|id|> pas Tahun Baru nanti."
2712,<|en|> The mual <|id|> sudah berlangsung lebih dari 2 <|en|> minggu.
2713,<|en|> I compared prices on Tiktok Shop <|id|> dan yang di <|en|> Shopee <|id|> lebih murah.
2714,"<|id|> Omong-omong, <|en|> Minggu <|id|> depan aku mau <|en|> backpacking <|id|> ke <|en|> Bali, <|id|> udah <|en|> booking travel insurance <|id|> belum?"
2715,"<|en|> By the way, The debate around tax reform <|id|> mencerminkan perbedaan nilai yang mendalam."
2716,"<|id|> Nilai <|en|> final exam <|id|> ku turun, <|en|> kayaknya <|id|> karena kurang <|en|> review. <|id|> kan?"
2717,"<|id|> Omong-omong, Understanding eigenvalue itu penting banget buat <|en|> data analysis."
2718,"<|en|> My fatigue <|id|> kambuh lagi, <|en|> kayaknya <|id|> gara-gara kurang <|en|> nutrition. <|id|> kan?"
2719,"<|en|> By the way, I need to find a tutoring job <|id|> yang bisa fleksibel sama jadwal kuliah."
2720,<|en|> The revenue <|id|> kita bulan ini naik 25 persen dari <|en|> last quarter.
2721,<|id|> Sebenernya Ikut <|en|> Skillshare online <|id|> buat ningkatin skill <|en|> writing <|id|> aku.
2722,"<|en|> To be honest, Obat antibiotik <|id|> ini harus diminum 3 kali sehari setelah <|en|> makan."
2723,"<|en|> By the way, <|id|> Kemarin aku <|en|> berhasil win the tournament <|id|> di <|en|> Minecraft <|id|> setelah 200 <|en|> jam grind."
2724,<|en|> Fun fact: The new kereta <|id|> cepat di <|en|> Jakarta <|id|> katanya bakal selesai tahun depan.
2725,"<|en|> By the way, I've been pulling 3 <|id|> hari berturut-turut begadang buat <|en|> laporan PKL."
2726,<|id|> Jujur aja Kemarin aku <|en|> berhasil get the achievement <|id|> di <|en|> PUBG <|id|> setelah 300 <|en|> jam grind.
2727,<|en|> I need to strengthen my literature review <|id|> sebelum <|en|> sidang.
2728,"<|id|> Omong-omong, <|en|> I've been pulling 3 <|id|> hari berturut-turut begadang buat <|en|> laporan PKL."
2729,<|en|> Disinformation about kebijakan pajak <|id|> menyebar cepat banget sebelum <|en|> fact-checked.
2730,<|id|> Jujur aja Folder <|en|> Documents <|id|> nya kemana ya? Kok ga ketemu di <|en|> Figma.
2731,<|en|> The trail to Flores <|id|> butuh waktu 6 <|en|> jam <|id|> untuk diselesaikan.
2732,"<|id|> Kalau dipikir-pikir, <|en|> Masak <|id|> sendiri tuh lebih hemat dan lebih <|en|> healthy <|id|> daripada <|en|> order <|id|> terus."
2733,"<|en|> To be honest, Minggu <|id|> depan aku mau <|en|> liburan <|id|> ke <|en|> Bangkok, <|id|> udah <|en|> booking tiket pesawat <|id|> belum?"
2734,<|id|> Sebenernya <|en|> She committed to a 30-day fitness challenge <|id|> selama 6 hari dan <|en|> hasil<|id|> -nya keren.
2735,<|id|> Sebenernya <|en|> Obat antasida <|id|> ini harus diminum 3 kali sehari setelah <|en|> makan.
2736,"<|id|> Omong-omong, Program <|en|> green campus <|id|> di kampus kita <|en|> berhasil <|id|> kurangi sampah 30 persen."
2737,"<|en|> Honestly, <|id|> Ikut <|en|> Udemy online <|id|> buat ningkatin skill <|en|> critical thinking <|id|> aku."
2738,"<|id|> Jujur aja <|en|> My cholesterol <|id|> kata dokter agak tinggi, harus kurangin <|en|> kafein."
2739,"<|id|> Sebenernya <|en|> Minggu <|id|> depan aku mau <|en|> backpacking <|id|> ke <|en|> Tokyo, <|id|> udah <|en|> booking hotel <|id|> belum?"
2740,"<|id|> Omong-omong, <|en|> I missed the <|id|> MRT tadi karena terlambat 15 menit."
2741,<|id|> Aku lagi <|en|> baca buku Atomic Habits <|id|> yang isinya soal <|en|> resilience.
2742,<|en|> Fun fact: <|id|> Aku <|en|> pasang alarm 21 <|id|> menit lebih awal buat ga terburu-buru.
2743,"<|id|> Omong-omong, <|en|> Tugasnya minta <|id|> bikin <|en|> critical essay <|id|> soal <|en|> mental health <|id|> minimal 2000 kata."
2744,<|en|> Fun fact: The pottery <|id|> scene di Indonesia udah berkembang pesat belakangan ini.
2745,<|id|> Jujur aja <|en|> Meeting one-on-one <|id|> tadi bahas soal <|en|> market expansion <|id|> kuartal ini.
2746,"<|id|> Menurutku sih, Aku beli <|en|> tas <|id|> tadi di <|en|> Shopee, <|id|> lagi ada <|en|> double discount."
2747,"<|id|> Menurutku sih, Tracking <|en|> my <|id|> daily <|en|> habit <|id|> bikin aku lebih <|en|> accountable."
2748,"<|en|> Honestly, Minggu <|id|> depan aku mau <|en|> liburan <|id|> ke <|en|> Paris, <|id|> udah <|en|> booking hotel <|id|> belum?"
2749,"<|en|> By the way, The Swift <|id|> framework ini lagi <|en|> trending <|id|> banget sekarang."
2750,<|id|> Sebenernya Kadang <|en|> koneksi internet <|id|> rumah ga <|en|> stabil <|id|> buat <|en|> video call.
2751,"<|en|> Honestly, Koneksi hotspot <|id|> di sini parah banget, nge-<|en|> reset <|id|> aja <|en|> susah."
2752,<|id|> Jujur aja <|en|> The flight <|id|> ke <|en|> Paris <|id|> tadi <|en|> delayed 1 jam.
2753,"<|id|> Kalau dipikir-pikir, <|en|> Diskon <|id|> Idul Adha di mana-mana, waktu yang pas buat belanja."
2754,"<|id|> Kalau dipikir-pikir, Composting adalah cara efektif buat kurangi <|en|> food waste <|id|> di rumah."
2755,<|id|> Jujur aja <|en|> Pemandangan <|id|> di <|en|> Flores <|id|> itu <|en|> breathtaking <|id|> banget.
2756,"<|id|> Kemarin aku beli <|en|> tablet <|id|> baru, <|en|> processor <|id|> nya gila sih."
2757,"<|id|> Omong-omong, <|en|> I just bought a new monitor, <|id|> spesifikasinya lumayan buat <|en|> editing video. <|id|> kan?"
2758,"<|en|> To be honest, I've been into painting <|id|> sejak 5 tahun lalu dan ga pernah bosen."
2759,<|en|> I need to submit my assignment <|id|> sebelum <|en|> deadline jam 17.00.
2760,"<|id|> Omong-omong, <|en|> monitor <|id|> ku nge-lag terus, <|en|> kayaknya <|id|> harus di-reformat deh."
2761,<|en|> I need to submit my presentation <|id|> sebelum <|en|> deadline jam 12.00. <|id|> kan?
2762,"<|en|> By the way, I spent 4 hours <|id|> ngerjain soal <|en|> differential equations <|id|> tapi masih salah juga."
2763,"<|en|> To be honest, The review for this laptop <|id|> rata-rata 100 bintang, lumayan bagus."
2764,"<|id|> Jujur aja Aku beli <|en|> laptop <|id|> tadi di <|en|> Zalora, <|id|> lagi ada <|en|> free shipping."
2765,"<|id|> Kalau dipikir-pikir, Macet di <|en|> Jalan Sudirman <|id|> tadi parah banget, sampai 3 <|en|> jam <|id|> di <|en|> jalan."
2766,"<|id|> Kalau dipikir-pikir, Aku lagi <|en|> cari koper <|id|> murah buat perjalanan ke <|en|> New York."
2767,<|id|> Sebenernya <|en|> Have you tried <|id|> fitur <|en|> AI assistant <|id|> di <|en|> Discord <|id|> yang baru?
2768,"<|en|> By the way, <|id|> Aku beli <|en|> jam <|id|> tangan tadi di <|en|> Shopee, <|id|> lagi ada <|en|> double discount."
2769,"<|id|> Omong-omong, <|en|> Gue <|id|> lagi <|en|> belajar TypeScript <|id|> buat bikin <|en|> web app."
2770,"<|id|> Omong-omong, <|en|> Gue <|id|> lagi <|en|> belajar Python <|id|> buat bikin <|en|> side project."
2771,"<|id|> Omong-omong, <|en|> Have you tried <|id|> fitur <|en|> smart search <|id|> di <|en|> Canva <|id|> yang baru? kan?"
2772,<|en|> Restoran Mexican <|id|> baru yang di <|en|> Cipete <|id|> itu enak banget.
2773,"<|id|> Jujur aja <|en|> Taking a slow morning <|id|> itu bukan egois, itu <|en|> necessary."
2774,<|id|> Sebenernya <|en|> I compared prices on Lazada <|id|> dan yang di <|en|> Tokopedia <|id|> lebih murah.
2775,"<|id|> Sebenernya <|en|> Minggu <|id|> depan aku mau <|en|> staycation <|id|> ke <|en|> Lombok, <|id|> udah <|en|> booking travel insurance <|id|> belum?"
2776,"<|id|> Omong-omong, Kita mau bikin <|en|> lomba debat <|id|> kolaborasi sama kampus lain."
2777,"<|id|> Kalau dipikir-pikir, <|en|> monitor <|id|> ku nge-lag terus, <|en|> kayaknya <|id|> harus di-restart deh."
2778,"<|en|> By the way, The grocery bill <|id|> bulan ini lebih besar karena harga <|en|> beras organik <|id|> naik."
2779,"<|en|> To be honest, Have you tried the local curry <|id|> di <|en|> Seoul? <|id|> Enak banget katanya."
2780,<|en|> Obat antasida <|id|> ini harus diminum sekali sehari setelah <|en|> makan.
2781,<|en|> Gue <|id|> lagi <|en|> belajar Kotlin <|id|> buat bikin <|en|> web app.
2782,"<|id|> Omong-omong, <|en|> I've been <|id|> trying <|en|> to <|id|> reduce <|en|> my <|id|> carbon footprint dengan cara daur ulang."
2783,"<|id|> Menurutku sih, <|en|> I recommend <|id|> Wednesday kalau kamu <|en|> suka <|id|> genre <|en|> sci-fi."
2784,"<|id|> Omong-omong, <|en|> Have you tried <|id|> fitur <|en|> smart search <|id|> di <|en|> Linear <|id|> yang baru? kan?"
2785,"<|id|> Aku beli <|en|> sepatu <|id|> tadi di <|en|> Tiktok Shop, <|id|> lagi ada <|en|> double discount."
2786,"<|en|> Organisasi debating club <|id|> lagi buka <|en|> open recruitment <|id|> baru, kamu mau daftar? kan?"
2787,"<|id|> Omong-omong, Aku lagi <|en|> baca buku The Psychology of Money <|id|> yang isinya soal <|en|> focus."
2788,"<|en|> I joined the BEM semester <|id|> ini, banyak <|en|> belajar <|id|> hal baru."
2789,<|id|> Sebenernya <|en|> She <|id|> finally passed <|en|> her thesis <|id|> setelah 2 kali <|en|> sidang.
2790,"<|en|> By the way, She's been really active in the himpunan <|id|> sejak <|en|> semester <|id|> satu."
2791,"<|id|> Omong-omong, <|en|> Minggu <|id|> depan aku mau <|en|> staycation <|id|> ke <|en|> Yogyakarta, <|id|> udah <|en|> booking sim card <|id|> belum?"
2792,<|en|> Fun fact: Tugasnya minta <|id|> bikin <|en|> critical essay <|id|> soal <|en|> AI ethics <|id|> minimal 1500 kata.
2793,"<|en|> Honestly, Restoran Indian <|id|> baru yang di <|en|> Senopati <|id|> itu enak banget."
2794,"<|en|> Honestly, My blood pressure <|id|> kata dokter agak tinggi, harus kurangin <|en|> kafein."
2795,"<|en|> To be honest, <|id|> Kamu masuk divisi <|en|> humas <|id|> atau <|en|> dokumentasi <|id|> di <|en|> BEM?"
2796,<|id|> Jujur aja <|en|> Learning pottery <|id|> butuh waktu tapi proses-nya menyenangkan banget.
2797,<|id|> Aku lagi <|en|> cari koper <|id|> murah buat perjalanan ke <|en|> Singapore. <|id|> kan?
2798,<|id|> Jujur aja Folder <|en|> Downloads <|id|> nya kemana ya? Kok ga ketemu di <|en|> Trello.
2799,"<|en|> To be honest, <|id|> Kita harus lebih <|en|> peka terhadap long-distance relationship <|id|> yang orang lain rasakan."
2800,"<|en|> By the way, <|id|> Aku beli <|en|> baju <|id|> tadi di <|en|> Shopee, <|id|> lagi ada <|en|> flash sale."
2801,"<|en|> Jakarta's nightlife <|id|> di <|en|> Kemang <|id|> itu keren, banyak <|en|> pilihan entertainment."
2802,<|id|> Jujur aja <|en|> Have you tried the local ramen <|id|> di <|en|> Amsterdam? <|id|> Enak banget katanya.
2803,"<|id|> Stok <|en|> sayuran <|id|> di rumah udah habis, harus beli hari ini."
2804,"<|id|> Omong-omong, <|en|> I recommend The Crown <|id|> kalau kamu <|en|> suka <|id|> genre <|en|> action."
2805,"<|en|> To be honest, <|id|> Aku beli <|en|> kamera <|id|> tadi di <|en|> Lazada, <|id|> lagi ada <|en|> double discount."
2806,"<|en|> Organisasi BEM <|id|> lagi buka <|en|> anggota magang <|id|> baru, kamu mau daftar?"
2807,<|id|> Sebenernya Udah nonton <|en|> Everything Everywhere <|id|> belum? Bagus banget <|en|> plot <|id|> nya.
2808,"<|en|> To be honest, I need to submit my presentation <|id|> sebelum <|en|> deadline jam 12.00."
2809,"<|en|> By the way, My acid reflux <|id|> kambuh lagi, <|en|> kayaknya <|id|> gara-gara kurang <|en|> nutrition."
2810,"<|id|> Jujur aja Bab 15 <|en|> skripsi <|id|> aku masih berantakan, <|en|> outline <|id|> nya belum clear."
2811,<|en|> Have you tried the hummus <|id|> di <|en|> Cipete? <|id|> Antrian-nya panjang banget.
2812,"<|en|> By the way, <|id|> Kamu udah <|en|> lihat year-end sale <|id|> di <|en|> Tiktok Shop <|id|> belum? Banyak yang murah banget."
2813,<|en|> Fun fact: Kayaknya kamera <|id|> itu lagi <|en|> trending <|id|> karena banyak banget yang beli.
2814,"<|id|> Menurutku sih, <|en|> I just bought a new tablet, <|id|> spesifikasinya lumayan buat <|en|> coding."
2815,"<|id|> Menurutku sih, <|en|> Jangan lupa bawa sunscreen <|id|> kalau ke pantai di <|en|> Bangkok."
2816,"<|id|> Omong-omong, <|en|> She <|id|> handles <|en|> the <|id|> reporting dengan sangat <|en|> efficient."
2817,<|id|> Sebenernya <|en|> The new rework <|id|> di <|en|> Dota 2 <|id|> banyak yang <|en|> suka <|id|> tapi aku kurang cocok.
2818,"<|id|> Kalau dipikir-pikir, <|en|> The trail to Raja Ampat <|id|> butuh waktu 6 <|en|> jam <|id|> untuk diselesaikan."
2819,<|id|> Kamu masuk divisi <|en|> media <|id|> atau <|en|> sponsorship <|id|> di <|en|> BEM?
2820,<|id|> Jujur aja Kamu pakai <|en|> Canva <|id|> versi berapa? Yang baru ada fitur <|en|> dark mode.
2821,"<|id|> Menurutku sih, <|en|> I need to submit my thesis <|id|> sebelum <|en|> deadline jam 23.59."
2822,<|en|> The LTV <|id|> sangat penting buat ngukur keberhasilan <|en|> campaign <|id|> kita.
2823,"<|id|> Omong-omong, <|en|> The flight <|id|> ke <|en|> Bali <|id|> tadi <|en|> delayed 2 jam."
2824,"<|en|> Minggu <|id|> depan aku mau <|en|> liburan <|id|> ke <|en|> Singapore, <|id|> udah <|en|> booking tiket pesawat <|id|> belum?"
2825,"<|en|> To be honest, <|id|> Aku beli <|en|> headphone <|id|> tadi di <|en|> Tokopedia, <|id|> lagi ada <|en|> flash sale."
2826,"<|id|> Sebenernya <|en|> She's really talented in calligraphy, <|id|> karyanya udah banyak yang beli."
2827,<|id|> Sebenernya <|en|> She checks the <|id|> BMKG <|en|> app <|id|> dulu sebelum keluar rumah tiap paginya.
2828,"<|id|> Omong-omong, <|en|> I've been <|id|> trying <|en|> to <|id|> reduce <|en|> my <|id|> energy consumption dengan cara belanja lokal."
2829,<|en|> The <|id|> Lebaran gathering tahun ini bakal lebih ramai dari biasanya.
2830,<|id|> Jujur aja Udah <|en|> coba Slack <|id|> belum? Katanya <|en|> AI assistant <|id|> nya keren banget.
2831,"<|en|> Honestly, <|id|> Aku lagi <|en|> baca buku Man's Search for Meaning <|id|> yang isinya soal <|en|> financial psychology."
2832,"<|en|> Honestly, Gratis ongkir <|id|> kalau belanja di atas 200 ribu di <|en|> Lazada."
2833,"<|id|> Aku beli <|en|> kamera <|id|> tadi di <|en|> Tiktok Shop, <|id|> lagi ada <|en|> free shipping."
2834,"<|id|> Menurutku sih, Aku beli <|en|> sepatu <|id|> tadi di <|en|> Lazada, <|id|> lagi ada <|en|> buy 1 get 1."
2835,<|en|> The grocery bill <|id|> bulan ini lebih besar karena harga <|en|> pasta <|id|> naik.
2836,"<|id|> Kalau dipikir-pikir, <|en|> She went on a <|id|> camping <|en|> solo <|id|> ke Bromo <|en|> minggu <|id|> lalu."
2837,"<|en|> Honestly, Proyek revitalisasi <|id|> kawasan <|en|> Kalibata <|id|> udah mulai kelihatan <|en|> hasil<|id|> -nya."
2838,"<|en|> Fun fact: <|id|> Baru beli <|en|> perlengkapan knitting <|id|> baru, lumayan mahal tapi worth it."
2839,<|en|> Fun fact: <|id|> Kamu masuk divisi <|en|> kreatif <|id|> atau <|en|> sponsorship <|id|> di <|en|> UKM fotografi?
2840,"<|en|> Minggu <|id|> depan aku mau <|en|> staycation <|id|> ke <|en|> Bangkok, <|id|> udah <|en|> booking sim card <|id|> belum? kan?"
2841,"<|en|> By the way, <|id|> Kamu masuk divisi logistik atau <|en|> sponsorship <|id|> di <|en|> coding community?"
2842,"<|en|> By the way, Having a mentor <|id|> dalam keluarga yang suportif itu berkah banget dalam hidup."
2843,"<|en|> To be honest, Using <|id|> R bikin ngerjain <|en|> statistics <|id|> jadi jauh lebih cepat."
2844,"<|en|> The portfolio value <|id|> bulan ini lumayan bagus, naik 50 persen dari bulan lalu."
2845,"<|en|> Honestly, She got tickets to the <|id|> konser depan!"
2846,"<|en|> There's a gala dinner <|id|> besok jam 13.00, ikut ga?"
2847,"<|id|> Baterai <|en|> monitor <|id|> ku cepet banget abis, perlu di-charge mulu."
2848,<|id|> Sebenernya <|en|> I got a 30% discount <|id|> pake voucher yang dikasih Lazada.
2849,"<|id|> Omong-omong, Macet di Gatot Subroto tadi parah banget, sampai 15 jam di jalan."
2850,"<|en|> By the way, <|id|> Minggu depan aku mau <|en|> trip <|id|> ke Lombok, udah <|en|> booking <|id|> tiket pesawat belum?"
2851,"<|en|> The net worth <|id|> bulan ini lumayan bagus, naik 10 persen dari bulan lalu."
2852,<|en|> Fun fact: I recommend Squid Game <|id|> kalau kamu suka <|en|> genre action.
2853,"<|en|> Honestly, <|id|> Aku rutin minum omega-3 sekarang buat <|en|> boost immunity."
2854,"<|id|> Menurutku sih, <|en|> monitor <|id|> ku nge-<|en|> lag <|id|> terus, kayaknya harus di-<|en|> reset <|id|> deh."
2855,"<|id|> Jujur aja Aku beli laptop tadi di <|en|> Tiktok Shop, <|id|> lagi ada <|en|> buy 1 get 1."
2856,<|id|> Aku <|en|> subscribe YouTube Premium <|id|> buat akses semua konten <|en|> exclusive. <|id|> kan?
2857,"<|en|> By the way, <|id|> Aku mau ikut <|en|> meetup <|id|> komunitas <|en|> photography <|id|> bulan depan."
2858,<|id|> Jujur aja <|en|> Have you tried <|id|> fitur <|en|> offline mode <|id|> di <|en|> Notion <|id|> yang baru?
2859,"<|en|> To be honest, I lost my <|id|> koper pas di bandara tadi, panik banget."
2860,"<|en|> By the way, <|id|> Kemarin aku berhasil <|en|> win the tournament <|id|> di <|en|> Mobile Legends <|id|> setelah 3 jam <|en|> grind."
2861,"<|id|> Omong-omong, Tolong kirimin <|en|> backup <|id|> nya lewat <|en|> GitHub <|id|> ya."
2862,"<|en|> To be honest, I value <|id|> kejujuran paling tinggi dalam suatu pertemanan."
2863,"<|id|> Kemarin aku beli <|en|> smartwatch <|id|> baru, RAM nya gila sih."
2864,<|id|> Sebenernya Kamu pakai <|en|> Canva <|id|> versi berapa? Yang baru ada fitur <|en|> offline mode.
2865,<|id|> Restoran <|en|> Mexican <|id|> baru yang di Senopati itu enak banget.
2866,"<|en|> Honestly, <|id|> Kamu pakai <|en|> Trello <|id|> versi berapa? Yang baru ada fitur <|en|> AI assistant."
2867,<|en|> The Lex Fridman podcast <|id|> selalu kasih perspektif baru yang menarik.
2868,<|en|> I recommend The Bear <|id|> kalau kamu suka <|en|> genre documentary.
2869,"<|en|> To be honest, <|id|> Kamu punya rekomendasi <|en|> Middle Eastern <|id|> yang <|en|> authentic <|id|> di Jakarta?"
2870,<|id|> Kemarin aku berhasil <|en|> complete the event <|id|> di <|en|> Minecraft <|id|> setelah 8 jam <|en|> grind. <|id|> kan?
2871,"<|en|> By the way, The senior analyst <|id|> baru mulai kerja minggu depan."
2872,"<|id|> Jujur aja Minggu depan aku mau <|en|> staycation <|id|> ke <|en|> Tokyo, <|id|> udah <|en|> booking sim card <|id|> belum?"
2873,<|id|> Jujur aja <|en|> The <|id|> sesak napas sudah berlangsung lebih dari 3 minggu.
2874,"<|en|> By the way, <|id|> Aku beli sepatu tadi di Lazada, lagi ada <|en|> cashback."
2875,"<|en|> By the way, <|id|> Minggu depan aku mau <|en|> trip <|id|> ke Bangkok, udah <|en|> booking <|id|> tiket pesawat belum?"
2876,<|id|> Sebenernya Lagi <|en|> binge-watching series Interstellar <|id|> dari tadi malem.
2877,"<|id|> Nilai UTS ku turun, kayaknya karena kurang <|en|> review."
2878,"<|en|> To be honest, Have you tried the hummus <|id|> di Kemang? Antrian-nya panjang banget."
2879,"<|id|> Menurutku sih, Bikin <|en|> to-do list <|id|> sebelum tidur biar besok pagi langsung fokus."
2880,<|en|> Fun fact: <|id|> Gue lagi belajar <|en|> Go <|id|> buat bikin <|en|> mobile app.
2881,"<|id|> Sebenernya Tarif <|en|> bus <|id|> Damri naik lagi, makin berat buat anak kost."
2882,"<|id|> Kalau dipikir-pikir, <|en|> She went on a kayaking solo <|id|> ke Wakatobi minggu lalu."
2883,"<|en|> To be honest, <|id|> Temen aku lagi curhat soal <|en|> jealousy <|id|> sama pasangannya."
2884,"<|en|> To be honest, <|id|> Aku pasang alarm 66 menit lebih awal buat ga terburu-buru."
2885,<|id|> Jujur aja <|en|> The flight <|id|> ke Lombok tadi <|en|> delayed 2 <|id|> jam.
2886,"<|en|> Fun fact: <|id|> Minggu depan aku mau <|en|> staycation <|id|> ke <|en|> Singapore, <|id|> udah <|en|> booking travel insurance <|id|> belum?"
2887,"<|en|> To be honest, <|id|> Aku biasanya <|en|> wind down <|id|> dengan minum kopi sebelum tidur."
2888,"<|en|> To be honest, Turnitin <|id|> aku <|en|> similarity <|id|> nya 5 persen, kata dosen harus lebih rendah."
2889,<|id|> Kamu udah <|en|> check-up <|id|> ke dokter belum tahun ini?
2890,"<|id|> Kalau dipikir-pikir, <|en|> The pottery <|id|> scene di Indonesia udah berkembang pesat belakangan ini."
2891,<|id|> Jujur aja <|en|> Have you tried the local curry <|id|> di <|en|> Seoul? <|id|> Enak banget katanya.
2892,"<|id|> Omong-omong, <|en|> The engineering team <|id|> lagi kerja keras buat nge-<|en|> hit <|id|> target bulan ini."
2893,<|id|> Sebenernya <|en|> We're planning a staycation <|id|> keluarga ke Lombok bulan Januari.
2894,"<|id|> Menurutku sih, Minggu depan aku mau <|en|> staycation <|id|> ke <|en|> Tokyo, <|id|> udah <|en|> booking <|id|> tiket pesawat belum?"
2895,"<|en|> To be honest, <|id|> Kemarin aku berhasil <|en|> finish the questline <|id|> di <|en|> Valorant <|id|> setelah 5 jam <|en|> grind."
2896,<|en|> She's been really active in the coding community <|id|> sejak semester satu. kan?
2897,<|id|> Kamu masuk divisi kreatif atau <|en|> sponsorship <|id|> di BEM?
2898,<|en|> I use the Notion <|id|> buat nge-<|en|> track habits <|id|> harian.
2899,"<|en|> By the way, <|id|> Jam <|en|> peak hours <|id|> di kantor itu biasanya antara jam 09.00 sampai 18.00."
2900,"<|en|> By the way, <|id|> Tugasnya minta bikin <|en|> lab report <|id|> soal <|en|> climate change minimal 500 <|id|> kata."
2901,<|en|> The liquidity <|id|> itu penting banget dipahami sebelum mulai <|en|> trading.
2902,"<|id|> Kalau dipikir-pikir, Aku pake <|en|> rice cooker <|id|> buat bikin <|en|> pasta aglio olio <|id|> tadi, hasilnya lebih konsisten."
2903,<|en|> Fun fact: The <|id|> mual sudah berlangsung lebih dari 2 minggu.
2904,<|id|> Aku lagi baca buku Man's <|en|> Search for Meaning <|id|> yang isinya soal <|en|> financial psychology.
2905,<|id|> Jujur aja <|en|> I scheduled a check-up <|id|> untuk cek kondisi jantung.
2906,<|en|> I recommend The Crown <|id|> kalau kamu suka <|en|> genre action. <|id|> kan?
2907,"<|id|> Kalau dipikir-pikir, Tugasnya minta bikin <|en|> reflection paper <|id|> soal <|en|> mental health minimal 1500 <|id|> kata."
2908,<|id|> Opini publik soal ketimpangan ekonomi ini terpolarisasi banget di <|en|> media. <|id|> kan?
2909,"<|id|> Kalau dipikir-pikir, <|en|> My insomnia <|id|> kambuh lagi, kayaknya gara-gara kurang <|en|> exercise."
2910,"<|id|> Kalau dipikir-pikir, Kemarin aku berhasil <|en|> finish the questline <|id|> di <|en|> Genshin Impact <|id|> setelah 300 jam <|en|> grind."
2911,"<|en|> Honestly, I missed the bus <|id|> Damri tadi karena terlambat 15 menit."
2912,"<|id|> Menurutku sih, <|en|> The presentation <|id|> harus dikirim ke klien sebelum jam 10.00."
2913,<|id|> Sebenernya <|en|> I missed the <|id|> KRL tadi karena terlambat 2 menit.
2914,<|id|> Obat antibiotik ini harus diminum setiap 8 jam setelah makan.
2915,"<|id|> Sebenernya Panitia <|en|> webinar <|id|> nya kelelahan banget, butuh bantuan lebih banyak."
2916,"<|en|> Fun fact: <|id|> Aku beli tas tadi di Tokopedia, lagi ada <|en|> buy 1 get 1."
2917,"<|en|> To be honest, <|id|> Kita mau bikin <|en|> workshop <|id|> kolaborasi sama kampus lain."
2918,"<|en|> To be honest, <|id|> Aku rutin minum magnesium sekarang buat <|en|> boost immunity."
2919,"<|en|> Honestly, <|id|> Kamu masuk divisi <|en|> media <|id|> atau <|en|> sponsorship <|id|> di <|en|> coding community?"
2920,"<|id|> Sebenernya Aku beli <|en|> headphone <|id|> tadi di Zalora, lagi ada <|en|> cashback."
2921,"<|id|> Kalau dipikir-pikir, Aku beli jam tangan tadi di Lazada, lagi ada <|en|> double discount."
2922,"<|id|> Omong-omong, <|en|> The new <|id|> LRT di Jakarta lumayan ngurangin kemacetan."
2923,<|en|> We're planning a family trip <|id|> keluarga ke Bandung bulan Juni. kan?
2924,"<|en|> Meeting online <|id|> hari ini penuh banget, dari pagi sampe sore. kan?"
2925,"<|en|> Honestly, Program composting <|id|> di kampus kita berhasil kurangi sampah 40 persen."
2926,"<|id|> Menurutku sih, <|en|> I've been pulling 20 <|id|> hari berturut-turut begadang buat skripsi."
2927,"<|id|> Menurutku sih, <|en|> Have you tried <|id|> fitur <|en|> smart search <|id|> di <|en|> Figma <|id|> yang baru?"
2928,<|id|> Vaksin <|en|> influenza <|id|> wajib ya sebelum <|en|> travel <|id|> ke luar negeri.
2929,"<|en|> To be honest, I'm taking 7 days off <|id|> pas Lebaran nanti."
2930,<|en|> Have you tried <|id|> fitur <|en|> AI assistant <|id|> di <|en|> Trello <|id|> yang baru? kan?
2931,"<|en|> To be honest, <|id|> Gue lagi belajar <|en|> Go <|id|> buat bikin <|en|> mobile app."
2932,"<|id|> Omong-omong, <|en|> We're planning a family trip <|id|> keluarga ke Bali bulan Januari."
2933,<|id|> Sebenernya <|en|> I recommend Oppenheimer <|id|> kalau kamu suka <|en|> genre thriller.
2934,"<|en|> By the way, <|id|> Aku beli baju tadi di Tokopedia, lagi ada <|en|> free shipping."
2935,"<|id|> Omong-omong, <|en|> The new rework <|id|> di <|en|> Mobile Legends <|id|> banyak yang suka tapi aku kurang cocok."
2936,<|id|> Jujur aja Konsep <|en|> eigenvalue <|id|> banyak dipakai di bidang <|en|> data science.
2937,"<|en|> By the way, The monitor <|id|> udah di-update ke <|en|> iOS 18 <|id|> tapi tetep lemot."
2938,"<|en|> To be honest, <|id|> Kemarin aku berhasil <|en|> solo rank <|id|> di <|en|> Valorant <|id|> setelah 200 jam <|en|> grind."
2939,"<|en|> Honestly, <|id|> Kamu main <|en|> Dota 2 rank <|id|> berapa sekarang?"
2940,"<|id|> Omong-omong, Banjir di Pluit kemarin parah banget, akses jalan putus."
2941,"<|id|> Menurutku sih, <|en|> tablet <|id|> ku nge-<|en|> lag <|id|> terus, kayaknya harus di-install ulang deh."
2942,<|en|> The new <|id|> Korean <|en|> restaurant <|id|> di SCBD lagi rame banget di <|en|> social media.
2943,<|en|> The neurologist <|id|> bilang ada tanda awal diabetes yang harus diperhatikan.
2944,"<|en|> To be honest, I've been trying to reduce my carbon footprint <|id|> dengan cara naik transportasi umum."
2945,"<|en|> By the way, The birthday party <|id|> reuni kemarin seru banget, banyak yang hadir."
2946,"<|en|> By the way, <|id|> Kamu masuk divisi <|en|> media <|id|> atau dokumentasi di UKM fotografi?"
2947,"<|id|> Omong-omong, Kamu masuk divisi kreatif atau dekorasi di UKM fotografi?"
2948,<|id|> Jujur aja Kamu masuk divisi kreatif atau <|en|> sponsorship <|id|> di UKM fotografi?
2949,"<|id|> Jujur aja Koneksi <|en|> LAN <|id|> di sini parah banget, nge-<|en|> reformat <|id|> aja susah."
2950,"<|id|> Kalau dipikir-pikir, <|en|> The new <|id|> Korean <|en|> restaurant <|id|> di Senopati lagi rame banget di <|en|> social media."
2951,"<|en|> To be honest, <|id|> Tadi ada <|en|> workshop <|id|> di kampus, lumayan banyak yang ikut."
2952,"<|id|> Menurutku sih, <|en|> Folder Downloads <|id|> nya kemana ya? Kok ga ketemu di <|en|> Trello."
2953,"<|en|> Honestly, <|id|> Obat <|en|> metformin <|id|> ini harus diminum sekali sehari setelah makan."
2954,"<|en|> Honestly, Have you tried the tacos <|id|> di SCBD? Antrian-nya panjang banget."
2955,<|id|> Jujur aja <|en|> The earbuds <|id|> udah di-update ke <|en|> iOS 18 <|id|> tapi tetep lemot.
2956,"<|id|> Menurutku sih, Kemarin aku berhasil <|en|> get the achievement <|id|> di <|en|> Dota 2 <|id|> setelah 300 jam <|en|> grind."
2957,<|id|> Sebenernya <|en|> Folder Downloads <|id|> nya kemana ya? Kok ga ketemu di <|en|> Canva.
2958,<|en|> The resort <|id|> di sana <|en|> fully booked <|id|> pas tanggal itu. kan?
2959,"<|en|> By the way, <|id|> Minggu depan aku mau <|en|> staycation <|id|> ke <|en|> Seoul, <|id|> udah <|en|> booking sim card <|id|> belum?"
2960,"<|en|> To be honest, I marinated the salmon <|id|> semalam biar bumbu-nya meresap sempurna."
2961,<|id|> Kamu pakai <|en|> Slack <|id|> versi berapa? Yang baru ada fitur <|en|> auto-sync. <|id|> kan?
2962,"<|en|> Honestly, We're planning a family trip <|id|> keluarga ke Lombok bulan Desember."
2963,"<|en|> By the way, The tablet <|id|> udah di-update ke <|en|> the latest build <|id|> tapi tetep lemot."
2964,"<|en|> By the way, The earbuds <|id|> udah di-update ke <|en|> iOS 18 <|id|> tapi tetep lemot."
2965,"<|en|> To be honest, Folder Desktop <|id|> nya kemana ya? Kok ga ketemu di <|en|> Zoom."
2966,"<|id|> Omong-omong, Aku beli laptop tadi di <|en|> Shopee, <|id|> lagi ada <|en|> flash sale."
2967,"<|en|> To be honest, I'm taking 3 days off <|id|> pas Tahun Baru nanti."
2968,"<|en|> To be honest, <|id|> Kemarin aku beli <|en|> smartwatch <|id|> baru, <|en|> storage <|id|> nya gila sih."
2969,"<|en|> To be honest, <|id|> Kemarin aku berhasil <|en|> solo rank <|id|> di <|en|> PUBG <|id|> setelah 300 jam <|en|> grind."
2970,"<|en|> By the way, <|id|> Kamu pakai <|en|> Notion <|id|> versi berapa? Yang baru ada fitur <|en|> dark mode."
2971,"<|en|> To be honest, The mechanical keyboard <|id|> yang aku pakai buat <|en|> cooking <|id|> tuh mahal tapi beneran beda hasilnya."
2972,<|id|> Udah coba <|en|> Slack <|id|> belum? Katanya <|en|> AI assistant <|id|> nya keren banget.
2973,"<|id|> Menurutku sih, Ping aku lagi <|en|> 5ms, <|id|> susah <|en|> aim <|id|> beneran."
2974,"<|id|> Omong-omong, Minggu depan aku mau <|en|> staycation <|id|> ke <|en|> Tokyo, <|id|> udah <|en|> booking hotel <|id|> belum?"
2975,<|id|> Jujur aja <|en|> The seasonal event <|id|> di <|en|> Valorant <|id|> kasih <|en|> reward <|id|> yang bagus banget.
2976,"<|id|> Sebenernya Aku beli kamera tadi di Lazada, lagi ada <|en|> double discount."
2977,"<|id|> Omong-omong, Kemarin aku beli <|en|> monitor <|id|> baru, <|en|> battery life <|id|> nya gila sih."
2978,"<|en|> Sunrise <|id|> di Flores kemarin indah banget, <|en|> worth the effort."
2979,"<|id|> Omong-omong, BMKG bilang akan ada <|en|> heatwave <|id|> ekstrem minggu ini."
2980,"<|id|> Omong-omong, <|en|> I'm taking 7 days off <|id|> pas Idul Adha nanti."
2981,"<|id|> Omong-omong, <|en|> The VP <|id|> baru mulai kerja minggu depan."
2982,<|id|> Sebenernya Aku lagi nge-<|en|> cooking <|id|> setiap <|en|> weekend <|id|> buat hilangin stres.
2983,"<|id|> Omong-omong, <|en|> I missed the <|id|> MRT tadi karena terlambat 2 menit."
2984,"<|id|> Kata dokter, hasil <|en|> X-ray <|id|> aku perlu di-follow <|en|> up <|id|> minggu depan."
2985,<|id|> Jujur aja <|en|> Flash sale <|id|> Tokopedia jam 00.00 malem ini jangan sampe ketinggalan.
2986,"<|id|> Kalau dipikir-pikir, <|en|> The portfolio value <|id|> bulan ini lumayan bagus, naik 15 persen dari bulan lalu."
2987,"<|id|> Sebenernya <|en|> The office <|id|> pantry lagi renovasi, agak berisik."
2988,"<|id|> Jujur aja Aku beli <|en|> headphone <|id|> tadi di Tokopedia, lagi ada <|en|> buy 1 get 1."
2989,"<|id|> Minggu depan aku mau liburan ke Lombok, udah <|en|> booking hotel <|id|> belum?"
2990,"<|id|> Omong-omong, <|en|> The review for this <|id|> kamera rata-rata 200 bintang, lumayan bagus."
2991,<|en|> I need to submit my project proposal <|id|> sebelum <|en|> deadline <|id|> jam 12.00.
2992,"<|en|> To be honest, <|id|> Aku beli tas tadi di Tokopedia, lagi ada <|en|> double discount."
2993,"<|en|> The review for this <|id|> sepatu rata-rata 100 bintang, lumayan bagus."
2994,"<|id|> Omong-omong, Komunikasi dalam keluarga itu kunci, terutama soal <|en|> expectations."
2995,"<|en|> Honestly, She finally passed her thesis <|id|> setelah 25 kali sidang."
2996,<|id|> Sebenernya <|en|> She prepared special <|id|> kue lebaran buat Natal <|en|> celebration.
2997,"<|en|> By the way, Have you tried <|id|> fitur <|en|> offline mode <|id|> di <|en|> Discord <|id|> yang baru?"
2998,<|en|> Fun fact: The new <|id|> Thai <|en|> restaurant <|id|> di Cipete lagi rame banget di <|en|> social media.
2999,"<|id|> Kalau dipikir-pikir, <|en|> Have you tried the pad <|id|> thai di Kemang? Antrian-nya panjang banget."
3000,"<|id|> Menurutku sih, Kadang kita perlu <|en|> unlearn <|id|> kebiasaan lama buat bisa berkembang."
3001,"<|id|> Kalau dipikir-pikir, Minggu depan aku mau <|en|> staycation <|id|> ke <|en|> Tokyo, <|id|> udah <|en|> booking sim card <|id|> belum?"
3002,"<|id|> Menurutku sih, Panitia seminar nya kelelahan banget, butuh bantuan lebih banyak."
3003,<|id|> Sebenernya Kamu masuk divisi logistik atau publikasi di <|en|> coding community?
3004,<|id|> Konsep <|en|> eigenvalue <|id|> banyak dipakai di bidang <|en|> data science.
3005,<|en|> I've been trying to reduce my plastic waste <|id|> dengan cara naik transportasi umum.
3006,<|id|> Kamu masuk divisi <|en|> media <|id|> atau <|en|> sponsorship <|id|> di <|en|> English Club?
3007,"<|id|> Kalau dipikir-pikir, Udah nonton <|en|> Everything Everywhere <|id|> belum? Bagus banget <|en|> plot <|id|> nya."
3008,"<|en|> To be honest, <|id|> Aku beli kamera tadi di Zalora, lagi ada <|en|> buy 1 get 1."
3009,"<|id|> Jujur aja Aku beli laptop tadi di Zalora, lagi ada <|en|> cashback."
3010,"<|id|> Kalau dipikir-pikir, Kamu main <|en|> Apex Legends rank <|id|> berapa sekarang?"
3011,"<|id|> Menurutku sih, Obat <|en|> paracetamol <|id|> ini harus diminum 2 kali sehari setelah makan."
3012,<|en|> The hostel <|id|> di sana <|en|> fully booked <|id|> pas tanggal itu. kan?
3013,"<|id|> Menurutku sih, Aku beli laptop tadi di Zalora, lagi ada <|en|> cashback."
3014,"<|id|> Kalau dipikir-pikir, <|en|> We need to finalize the report <|id|> sebelum rapat besok."
3015,"<|en|> Honestly, Have you tried the hummus <|id|> di Cipete? Antrian-nya panjang banget."
3016,"<|en|> By the way, <|id|> Dokter kasih <|en|> referral <|id|> ke spesialis <|en|> cardiologist."
3017,<|id|> Setiap pagi aku selalu meditasi sebelum mulai kerja.
3018,<|en|> Fun fact: <|id|> Dokter bilang aku harus mulai <|en|> cardio <|id|> buat jaga <|en|> blood sugar.
3019,<|id|> Sebenernya Tugasnya minta bikin <|en|> case study <|id|> soal <|en|> AI ethics minimal 1000 <|id|> kata.
3020,"<|id|> Organisasi <|en|> English Club <|id|> lagi buka ketua baru baru, kamu mau daftar? kan?"
3021,"<|en|> By the way, Have you tried the bibimbap <|id|> di Cipete? Antrian-nya panjang banget."
3022,"<|id|> Menurutku sih, Kemarin aku berhasil <|en|> win the tournament <|id|> di <|en|> Minecraft <|id|> setelah 5 jam <|en|> grind."
3023,"<|id|> Kalau dipikir-pikir, <|en|> I recommend Interstellar <|id|> kalau kamu suka <|en|> genre comedy."
3024,"<|en|> By the way, Have you tried the local curry <|id|> di <|en|> Paris? <|id|> Enak banget katanya."
3025,"<|en|> There's a <|id|> lomba debat besok jam 15.30, ikut ga?"
3026,<|en|> Flash sale Tiktok Shop <|id|> jam 00.00 malem ini jangan sampe ketinggalan. kan?
3027,<|en|> She went on a camping solo <|id|> ke Flores minggu lalu.
3028,"<|id|> Jujur aja Stok buah-buahan di rumah udah habis, harus beli hari ini."
3029,"<|en|> Honestly, The How I Built This podcast <|id|> selalu kasih perspektif baru yang menarik."
3030,<|en|> We're planning a staycation <|id|> keluarga ke Lombok bulan Maret. kan?
3031,<|en|> The orthopedist <|id|> bilang ada tanda awal <|en|> thyroid disorder <|id|> yang harus diperhatikan.
3032,"<|id|> Omong-omong, <|en|> The <|id|> laptop udah di-update ke <|en|> Android 15 <|id|> tapi tetep lemot."
3033,<|en|> Fun fact: The <|id|> aurora di sana bikin aku takjub banget.
3034,<|en|> Fun fact: Have you tried the hummus <|id|> di SCBD? Antrian-nya panjang banget.
3035,"<|en|> By the way, <|id|> Kamu masuk divisi acara atau <|en|> sponsorship <|id|> di BEM?"
3036,"<|id|> Kalau dipikir-pikir, <|en|> I recommend Interstellar <|id|> kalau kamu suka <|en|> genre romance."
3037,<|en|> Flash sale Tiktok Shop <|id|> jam 20.00 malem ini jangan sampe ketinggalan.
3038,<|id|> Jujur aja <|en|> The CAC <|id|> kita bulan ini naik 25 persen dari <|en|> last quarter.
3039,"<|id|> Omong-omong, <|en|> I recommend The Crown <|id|> kalau kamu suka <|en|> genre romance."
3040,<|id|> Aku rutin minum <|en|> zinc <|id|> sekarang buat <|en|> boost immunity.
3041,<|id|> Jujur aja <|en|> Have you tried <|id|> fitur <|en|> live collaboration <|id|> di <|en|> GitHub <|id|> yang baru?
3042,<|id|> Jam <|en|> peak hours <|id|> di kantor itu biasanya antara jam 12.00 sampai 11.00.
3043,"<|en|> By the way, earbuds <|id|> ku nge-<|en|> lag <|id|> terus, kayaknya harus di-<|en|> reformat <|id|> deh."
3044,"<|id|> Sebenernya <|en|> Printer <|id|> kantor nge-macet lagi, paling ga enak kalau lagi banyak kerjaan."
3045,<|id|> Udah coba <|en|> Figma <|id|> belum? Katanya <|en|> live collaboration <|id|> nya keren banget.
3046,<|id|> Jujur aja Aku udah 20 kali bimbingan tapi hasilnya masih banyak revisi.
3047,<|id|> Izinkan dirimu untuk beristirahat tanpa merasa harus membenarkannya pada orang lain.
3048,"<|id|> Menurutku sih, <|en|> The <|id|> sayuran di <|en|> supermarket <|id|> tadi lagi <|en|> on sale 20 <|id|> persen."
3049,<|en|> Fun fact: <|id|> Gabung <|en|> community <|id|> sesama <|en|> cooking enthusiast <|id|> itu seru banget.
3050,"<|en|> My score <|id|> jelek banget, harus lebih niat <|en|> study."
3051,<|en|> The <|id|> susu di <|en|> supermarket <|id|> tadi lagi <|en|> on sale 50 <|id|> persen.
3052,"<|en|> Honestly, The trail to <|id|> Flores butuh waktu 6 jam untuk diselesaikan."
3053,"<|en|> Honestly, <|id|> Generasi muda harus lebih aktif terlibat dalam partisipasi politik demokrasi."
3054,"<|en|> By the way, <|id|> Gue lagi belajar <|en|> Rust <|id|> buat bikin <|en|> backend service."
3055,"<|en|> Honestly, <|id|> Tugasnya minta bikin <|en|> case study <|id|> soal <|en|> AI ethics minimal 500 <|id|> kata."
3056,"<|id|> Omong-omong, Jakarta's <|en|> nightlife <|id|> di Pejaten itu keren, banyak pilihan <|en|> entertainment."
3057,"<|en|> Honestly, My <|id|> kamera udah rusak, perlu beli yang baru sebelum ulang tahun."
3058,"<|en|> Honestly, <|id|> Kamu masuk divisi humas atau <|en|> sponsorship <|id|> di <|en|> coding community?"
3059,"<|en|> Honestly, The gardening <|id|> scene di Indonesia udah berkembang pesat belakangan ini."
3060,"<|id|> Kalau dipikir-pikir, <|en|> My blood sugar <|id|> kata dokter agak tinggi, harus kurangin gula."
3061,"<|en|> To be honest, She went on a camping solo <|id|> ke Raja Ampat minggu lalu."
3062,"<|id|> Omong-omong, Minggu depan aku mau liburan ke <|en|> Paris, <|id|> udah <|en|> booking sim card <|id|> belum?"
3063,"<|en|> Honestly, <|id|> Kadang kita perlu <|en|> unlearn <|id|> kebiasaan lama buat bisa berkembang."
3064,"<|id|> Menurutku sih, <|en|> Have you tried <|id|> fitur <|en|> live collaboration <|id|> di <|en|> Notion <|id|> yang baru?"
3065,"<|id|> Aku beli laptop tadi di Zalora, lagi ada <|en|> free shipping."
3066,"<|id|> Omong-omong, <|en|> The new rework <|id|> di <|en|> Minecraft <|id|> banyak yang suka tapi aku kurang cocok."
3067,"<|en|> By the way, <|id|> Minggu depan aku mau <|en|> backpacking <|id|> ke Bangkok, udah <|en|> booking travel insurance <|id|> belum?"
3068,<|id|> Sebenernya Pemerintah harus lebih serius tangani masalah plastik.
3069,"<|id|> Omong-omong, Tugasnya minta bikin <|en|> research paper <|id|> soal <|en|> biodiversity minimal 1500 <|id|> kata."
3070,<|en|> Fun fact: <|id|> Tugasnya minta bikin <|en|> lab report <|id|> soal <|en|> economic inequality minimal 1500 <|id|> kata.
3071,"<|id|> Menurutku sih, <|en|> I recommend Squid Game <|id|> kalau kamu suka <|en|> genre documentary."
3072,"<|id|> Jujur aja Aku beli laptop tadi di <|en|> Tiktok Shop, <|id|> lagi ada <|en|> double discount."
3073,<|id|> Jujur aja Aku <|en|> prefer <|id|> naik <|en|> bus <|id|> daripada <|en|> bus <|id|> kalau jaraknya jauh.
3074,"<|id|> Kalau dipikir-pikir, Acara seminar mahasiswa baru gimana, sukses?"
3075,<|id|> Gabung <|en|> community <|id|> sesama <|en|> photography enthusiast <|id|> itu seru banget.
3076,"<|id|> Sebenernya Aku beli sepatu tadi di Tokopedia, lagi ada <|en|> double discount."
3077,"<|id|> Omong-omong, <|en|> tablet <|id|> ku nge-<|en|> lag <|id|> terus, kayaknya harus di-restart deh."
3078,"<|en|> Honestly, Have you tried <|id|> fitur <|en|> smart search <|id|> di <|en|> Canva <|id|> yang baru?"
3079,"<|id|> Sebenernya <|en|> The return <|id|> bulan ini lumayan bagus, naik 10 persen dari bulan lalu."
3080,"<|en|> By the way, The flight <|id|> ke <|en|> New York <|id|> tadi <|en|> delayed 2 <|id|> jam."
3081,"<|id|> Kalau dipikir-pikir, Tugasnya minta bikin <|en|> reflection paper <|id|> soal <|en|> economic inequality minimal 1500 <|id|> kata."
3082,<|en|> The tablet <|id|> udah di-update ke <|en|> the latest build <|id|> tapi tetep lemot. kan?
3083,"<|en|> By the way, <|id|> Minggu depan aku mau <|en|> backpacking <|id|> ke Lombok, udah <|en|> booking travel insurance <|id|> belum?"
3084,"<|id|> Menurutku sih, <|en|> The earbuds <|id|> udah di-update ke <|en|> the latest build <|id|> tapi tetep lemot."
3085,"<|id|> Minggu depan aku mau <|en|> trip <|id|> ke <|en|> Tokyo, <|id|> udah <|en|> booking <|id|> tiket pesawat belum?"
3086,<|en|> Have you tried the bibimbap <|id|> di SCBD? Antrian-nya panjang banget.
3087,"<|en|> To be honest, <|id|> Minggu depan aku mau <|en|> staycation <|id|> ke <|en|> New York, <|id|> udah <|en|> booking <|id|> tiket pesawat belum?"
3088,"<|id|> Kalau dipikir-pikir, Tiket Natal udah habis semua, harus pesan jauh-jauh hari."
3089,<|id|> Tugasnya minta bikin <|en|> critical essay <|id|> soal <|en|> AI ethics minimal 1500 <|id|> kata.
3090,<|en|> Fun fact: <|id|> Kemarin aku berhasil <|en|> get the achievement <|id|> di <|en|> PUBG <|id|> setelah 5 jam <|en|> grind.
3091,"<|en|> By the way, <|id|> Gue lagi nyobain <|en|> roguelike game <|id|> baru, lumayan <|en|> addicting."
3092,"<|id|> Kalau dipikir-pikir, Aku beli kamera tadi di <|en|> Tiktok Shop, <|id|> lagi ada <|en|> buy 1 get 1."
3093,"<|en|> To be honest, <|id|> Presentasi <|en|> presentation <|id|> kita jadwalnya <|en|> next week <|id|> kan?"
3094,<|id|> Sebenernya <|en|> We're planning a road trip <|id|> keluarga ke kampung halaman bulan Januari.
3095,<|id|> Tugasnya minta bikin <|en|> case study <|id|> soal <|en|> mental health minimal 1500 <|id|> kata. kan?
3096,"<|id|> Menurutku sih, <|en|> The revenue <|id|> kita bulan ini naik 20 persen dari <|en|> last quarter."
3097,"<|en|> To be honest, <|id|> Aku beli jam tangan tadi di Tokopedia, lagi ada <|en|> cashback."
3098,"<|en|> By the way, <|id|> Tugasnya minta bikin <|en|> lab report <|id|> soal <|en|> climate change minimal 1500 <|id|> kata."
3099,"<|id|> Omong-omong, Aku nyoba <|en|> recipe <|id|> baru hari ini, <|en|> avocado toast <|id|> ala rumahan."
3100,"<|id|> Omong-omong, Kamu masuk divisi <|en|> media <|id|> atau publikasi di UKM fotografi?"
3101,"<|id|> Menurutku sih, Temen aku lagi curhat soal <|en|> jealousy <|id|> sama pasangannya."
3102,"<|id|> Omong-omong, <|en|> I recommend Everything Everywhere <|id|> kalau kamu suka <|en|> genre romance."
3103,"<|id|> Omong-omong, Dokter kasih <|en|> referral <|id|> ke spesialis <|en|> orthopedist."
3104,"<|en|> By the way, Have you tried <|id|> fitur <|en|> offline mode <|id|> di <|en|> Notion <|id|> yang baru?"
3105,"<|en|> By the way, The concept of compound effect <|id|> bener-bener ngubah cara pandang aku."
3106,<|id|> Sebenernya Musim musim kemarau tahun ini lebih basah dari biasanya.
3107,<|id|> Jujur aja <|en|> The NPS score <|id|> kita bulan ini naik 20 persen dari <|en|> last quarter.
3108,"<|en|> By the way, Flash sale Tiktok Shop <|id|> jam 00.00 malem ini jangan sampe ketinggalan."
3109,"<|en|> To be honest, The <|id|> dermatologist bilang ada tanda awal <|en|> anemia <|id|> yang harus diperhatikan."
3110,"<|id|> Kalau dipikir-pikir, <|en|> Can you proofread <|id|> esai aku soal <|en|> climate change?"
3111,"<|en|> By the way, <|id|> Aplikasi <|en|> Money Lover <|id|> ngebantu aku buat <|en|> track <|id|> pengeluaran."
3112,"<|id|> Kalau dipikir-pikir, <|en|> There's a <|id|> seminar besok jam 10.00, ikut ga?"
3113,"<|id|> Minggu depan aku mau <|en|> backpacking <|id|> ke <|en|> Amsterdam, <|id|> udah <|en|> booking sim card <|id|> belum? kan?"
3114,"<|id|> Omong-omong, <|en|> I joined the <|id|> UKM fotografi semester ini, banyak belajar hal baru."
3115,"<|id|> Kalau dipikir-pikir, Tadi ada <|en|> workshop <|id|> di kampus, lumayan banyak yang ikut."
3116,"<|id|> Omong-omong, <|en|> The review for this headphone <|id|> rata-rata 50 bintang, lumayan bagus."
3117,"<|id|> Menurutku sih, Kemarin aku berhasil <|en|> solo rank <|id|> di <|en|> Apex Legends <|id|> setelah 300 jam <|en|> grind."
3118,<|en|> Fun fact: <|id|> Kamu pakai <|en|> VS Code <|id|> versi berapa? Yang baru ada fitur <|en|> smart search.
3119,"<|en|> By the way, Using Python <|id|> bikin ngerjain <|en|> integral <|id|> jadi jauh lebih cepat."
3120,"<|en|> By the way, <|id|> Minggu depan aku mau liburan ke <|en|> Amsterdam, <|id|> udah <|en|> booking travel insurance <|id|> belum?"
3121,"<|en|> Honestly, The contract <|id|> harus dikirim ke klien sebelum jam 09.00."
3122,"<|en|> The <|id|> arisan reuni kemarin seru banget, banyak yang hadir."
3123,"<|id|> Kalau dipikir-pikir, <|en|> The best thing about long <|id|> Idul Adha adalah bisa <|en|> quality time <|id|> sama keluarga."
3124,"<|id|> Aku beli sepatu tadi di <|en|> Shopee, <|id|> lagi ada <|en|> flash sale. <|id|> kan?"
3125,"<|id|> Sebenernya Minggu depan aku mau liburan ke <|en|> Seoul, <|id|> udah <|en|> booking sim card <|id|> belum?"
3126,"<|id|> Kalau dipikir-pikir, <|en|> Taking a bath ritual <|id|> itu bukan egois, itu <|en|> necessary."
3127,"<|en|> By the way, <|id|> Aku beli kamera tadi di Tokopedia, lagi ada <|en|> free shipping."
3128,"<|en|> By the way, <|id|> Minggu depan aku mau <|en|> staycation <|id|> ke Bali, udah <|en|> booking <|id|> tiket pesawat belum?"
3129,<|en|> Having a <|id|> orang tua yang suportif yang suportif itu berkah banget dalam hidup.
3130,"<|id|> Omong-omong, <|en|> We're planning a staycation <|id|> keluarga ke Bali bulan Maret."
3131,"<|id|> Omong-omong, Minggu depan aku mau <|en|> trip <|id|> ke Bangkok, udah <|en|> booking travel insurance <|id|> belum?"
3132,"<|en|> To be honest, <|id|> Udah coba <|en|> Figma <|id|> belum? Katanya <|en|> dark mode <|id|> nya keren banget."
3133,"<|id|> Omong-omong, Minggu depan aku mau <|en|> staycation <|id|> ke Yogyakarta, udah <|en|> booking hotel <|id|> belum?"
3134,"<|id|> Hobi itu penting buat keseimbangan hidup, bukan cuma soal <|en|> productivity. <|id|> kan?"
3135,"<|id|> Jujur aja Minggu depan aku mau liburan ke <|en|> Seoul, <|id|> udah <|en|> booking sim card <|id|> belum?"
3136,"<|en|> Honestly, <|id|> Aku lagi cari <|en|> sim card <|id|> murah buat perjalanan ke <|en|> Tokyo."
3137,<|id|> Tugasnya minta bikin <|en|> case study <|id|> soal <|en|> climate change minimal 500 <|id|> kata.
3138,"<|en|> To be honest, <|id|> Kamu masuk divisi kreatif atau publikasi di <|en|> English Club?"
3139,"<|id|> Omong-omong, <|en|> The flight <|id|> ke Lombok tadi <|en|> delayed 4 <|id|> jam."
3140,<|en|> Program zero waste <|id|> di kampus kita berhasil kurangi sampah 40 persen.
3141,"<|en|> Honestly, <|id|> Aku mau ikut <|en|> meetup <|id|> komunitas <|en|> cooking <|id|> bulan depan."
3142,"<|id|> Minggu depan aku mau liburan ke Bangkok, udah <|en|> booking <|id|> koper belum?"
3143,"<|en|> To be honest, <|id|> Minggu depan aku mau liburan ke Bali, udah <|en|> booking <|id|> koper belum?"
3144,"<|en|> Honestly, <|id|> Tidur cukup itu penting banget buat menjaga <|en|> focus <|id|> seharian."
3145,"<|en|> By the way, <|id|> Aku beli <|en|> headphone <|id|> tadi di Zalora, lagi ada <|en|> free shipping."
3146,"<|en|> By the way, <|id|> Aku beli jam tangan tadi di Lazada, lagi ada <|en|> flash sale."
3147,"<|en|> Honestly, <|id|> Aku lagi nyoba rutin <|en|> breathwork <|id|> setiap hari, rasanya <|en|> calming."
3148,"<|en|> Honestly, The return <|id|> bulan ini lumayan bagus, naik 15 persen dari bulan lalu."
3149,"<|id|> Kalau dipikir-pikir, Minggu depan aku mau liburan ke Lombok, udah <|en|> booking <|id|> koper belum?"
3150,<|id|> Udah coba <|en|> Canva <|id|> belum? Katanya <|en|> version control <|id|> nya keren banget.
3151,"<|id|> Omong-omong, Udah coba <|en|> Discord <|id|> belum? Katanya <|en|> AI assistant <|id|> nya keren banget. kan?"
3152,"<|en|> Honestly, <|id|> Kemarin aku berhasil <|en|> solo rank <|id|> di <|en|> Minecraft <|id|> setelah 8 jam <|en|> grind."
3153,"<|id|> Kalau dipikir-pikir, Aku beli <|en|> headphone <|id|> tadi di Zalora, lagi ada <|en|> free shipping."
3154,<|id|> Jujur aja <|en|> Have you tried the pad <|id|> thai di Cipete? Antrian-nya panjang banget.
3155,"<|id|> Menurutku sih, <|en|> I've been doing meditation <|id|> rutin tiap pagi, <|en|> bad<|id|> -an jadi lebih <|en|> energized."
3156,<|en|> She prepared special <|id|> opor ayam buat Nyepi <|en|> celebration.
3157,"<|en|> By the way, I just bought a new <|id|> laptop, spesifikasinya lumayan buat <|en|> editing video."
3158,"<|id|> Sebenernya Minggu depan aku mau <|en|> trip <|id|> ke <|en|> Singapore, <|id|> udah <|en|> booking <|id|> koper belum?"
3159,"<|en|> By the way, Have you tried the hummus <|id|> di Blok M? Antrian-nya panjang banget."
3160,"<|en|> By the way, We're planning a road trip <|id|> keluarga ke Bali bulan Desember."
3161,"<|en|> By the way, <|id|> Kemarin aku berhasil <|en|> win the tournament <|id|> di <|en|> Minecraft <|id|> setelah 3 jam <|en|> grind."
3162,<|id|> Jujur aja <|en|> Folder Desktop <|id|> nya kemana ya? Kok ga ketemu di <|en|> Zoom.
3163,"<|id|> Sebenernya <|en|> The time management <|id|> jadi anak rantau tuh berat, tapi bikin <|en|> independent."
3164,"<|en|> To be honest, Have you tried <|id|> fitur <|en|> dark mode <|id|> di <|en|> Figma <|id|> yang baru?"
3165,<|id|> Jujur aja <|en|> Have you tried <|id|> fitur <|en|> smart search <|id|> di <|en|> Canva <|id|> yang baru?
3166,<|id|> Tugasnya minta bikin <|en|> reflection paper <|id|> soal <|en|> mental health minimal 2000 <|id|> kata. kan?
3167,"<|id|> Sebenernya Minggu depan aku mau <|en|> staycation <|id|> ke Bangkok, udah <|en|> booking <|id|> tiket pesawat belum?"
3168,"<|en|> To be honest, We're planning a family trip <|id|> keluarga ke Yogyakarta bulan Maret."
3169,"<|en|> By the way, We're planning a road trip <|id|> keluarga ke Lombok bulan Desember."
3170,"<|en|> Honestly, <|id|> Macet pas hari libur Natal itu udah kayak tradisi tersendiri."
3171,"<|en|> By the way, <|id|> Tolong kirimin <|en|> file ZIP <|id|> nya lewat <|en|> Notion <|id|> ya."
3172,<|en|> Have you tried the local gelato <|id|> di Yogyakarta? Enak banget katanya.
3173,"<|id|> Kalau dipikir-pikir, Tadi <|en|> meeting client <|id|> nya molor 1 jam dari jadwal."
3174,"<|en|> By the way, Have you tried <|id|> fitur <|en|> AI assistant <|id|> di <|en|> Figma <|id|> yang baru?"
3175,"<|en|> To be honest, <|id|> Tiket Idul Adha udah habis semua, harus pesan jauh-jauh hari."
3176,<|en|> She prepared special <|id|> ketupat buat Lebaran <|en|> celebration. <|id|> kan?
3177,"<|en|> Honestly, <|id|> Dokter bilang aku harus mulai <|en|> strength training <|id|> buat jaga <|en|> cholesterol."
3178,"<|id|> Kalau dipikir-pikir, Aku beli tas tadi di Tokopedia, lagi ada <|en|> free shipping."
3179,<|id|> Jujur aja <|en|> Meeting quarterly <|id|> tadi bahas soal <|en|> budget allocation <|id|> kuartal ini.
3180,"<|id|> Kalau dipikir-pikir, Kita mau bikin lomba debat kolaborasi sama kampus lain."
3181,<|en|> Folder Documents <|id|> nya kemana ya? Kok ga ketemu di <|en|> VS Code. <|id|> kan?
3182,<|en|> Fun fact: I'm taking 5 days off <|id|> pas Lebaran nanti.
3183,<|id|> Jujur aja <|en|> She finally passed her thesis <|id|> setelah 4 <|en|> kali sidang.
3184,"<|en|> Minggu <|id|> depan aku mau <|en|> backpacking <|id|> ke <|en|> Paris, <|id|> udah <|en|> booking sim card <|id|> belum?"
3185,<|id|> Sebenernya Aku lagi <|en|> cari koper <|id|> murah buat perjalanan ke <|en|> Seoul.
3186,<|en|> She committed to a no-phone morning <|id|> selama 100 hari dan <|en|> hasil<|id|> -nya keren.
3187,<|en|> The Sociology <|id|> professor kasih <|en|> assignment <|id|> yang <|en|> susah <|id|> banget.
3188,<|id|> Jujur aja Kemarin aku <|en|> berhasil get the achievement <|id|> di <|en|> Genshin Impact <|id|> setelah 200 <|en|> jam grind.
3189,"<|en|> To be honest, The Semanggi <|id|> lagi ada pengerjaan <|en|> jalan, macet<|id|> -nya parah."
3190,"<|en|> By the way, Review The Bear <|id|> di internet banyak yang bilang <|en|> overhyped."
3191,<|en|> Tim <|id|> kita <|en|> kena lose streak <|id|> karena <|en|> bad draft <|id|> mulu.
3192,<|id|> Sebenernya <|en|> The new Middle Eastern restaurant <|id|> di <|en|> Cipete <|id|> lagi rame banget di <|en|> social media.
3193,<|id|> Udah <|en|> coba Zoom <|id|> belum? Katanya <|en|> AI assistant <|id|> nya keren banget.
3194,"<|id|> Menurutku sih, Gue lagi belajar <|en|> Python <|id|> buat bikin <|en|> backend service."
3195,<|en|> Macet <|id|> pas hari libur <|en|> Natal <|id|> itu udah kayak <|en|> tradisi <|id|> tersendiri.
3196,"<|en|> By the way, The DSLR <|id|> yang aku pakai buat <|en|> painting <|id|> tuh mahal tapi beneran <|en|> beda hasil<|id|> -nya."
3197,"<|id|> Omong-omong, <|en|> The new Middle Eastern restaurant <|id|> di <|en|> Kemang <|id|> lagi rame banget di <|en|> social media."
3198,"<|en|> smartphone <|id|> ku nge-lag terus, kayaknya harus di-<|en|> reset <|id|> deh."
3199,<|en|> Folder Downloads <|id|> nya kemana ya? Kok ga ketemu di <|en|> Notion.
3200,"<|id|> Menurutku sih, <|en|> The concept of digital privacy <|id|> ber-<|en|> beda <|id|> antara <|en|> generasi tua <|id|> dan muda."
3201,"<|id|> Stok <|en|> buah-buahan <|id|> di rumah udah habis, harus beli hari ini."
3202,"<|id|> Menurutku sih, <|en|> Folder Documents <|id|> nya kemana ya? Kok ga ketemu di <|en|> Figma."
3203,<|id|> Sebenernya Udah <|en|> coba Notion <|id|> belum? Katanya <|en|> version control <|id|> nya keren banget.
3204,<|id|> Jujur aja <|en|> Orang tua <|id|> aku <|en|> masih <|id|> belum <|en|> paham <|id|> soal <|en|> digital privacy <|id|> yang aku jelasin.
3205,"<|id|> Kalau dipikir-pikir, <|en|> Tugasnya minta <|id|> bikin <|en|> case study <|id|> soal <|en|> climate change <|id|> minimal 2000 kata."
3206,<|id|> Kamu masuk divisi <|en|> acara <|id|> atau <|en|> dekorasi <|id|> di <|en|> coding community? <|id|> kan?
3207,<|en|> She went on a snorkeling solo <|id|> ke <|en|> Labuan Bajo minggu <|id|> lalu.
3208,<|id|> Kamu masuk divisi <|en|> media <|id|> atau <|en|> publikasi <|id|> di <|en|> debating club?
3209,"<|en|> Honestly, The heavy rain <|id|> bikin <|en|> acara <|id|> outdoor kita jadi <|en|> canceled."
3210,"<|id|> Omong-omong, Aku beli <|en|> laptop <|id|> tadi di <|en|> Tiktok Shop, <|id|> lagi ada <|en|> flash sale."
3211,"<|en|> Honestly, Tugasnya minta <|id|> bikin <|en|> research paper <|id|> soal <|en|> mental health <|id|> minimal 500 kata."
3212,"<|en|> By the way, Tugasnya minta <|id|> bikin <|en|> reflection paper <|id|> soal <|en|> biodiversity <|id|> minimal 2000 kata."
3213,"<|en|> Honestly, I've been into calligraphy <|id|> sejak 2 tahun lalu dan ga pernah bosen."
3214,"<|en|> earbuds <|id|> ku nge-lag terus, kayaknya harus di-reformat deh."
3215,"<|id|> Omong-omong, Aku beli <|en|> headphone <|id|> tadi di <|en|> Tokopedia, <|id|> lagi ada <|en|> flash sale."
3216,"<|id|> Menurutku sih, Aku mau ikut <|en|> meetup <|id|> komunitas <|en|> calligraphy <|id|> bulan depan."
3217,"<|en|> To be honest, My laptop <|id|> udah rusak, perlu beli yang baru sebelum ulang tahun."
3218,<|id|> Sebenernya <|en|> Using Python <|id|> bikin ngerjain <|en|> discrete math <|id|> jadi jauh lebih cepat.
3219,"<|id|> Omong-omong, <|en|> The new Italian restaurant <|id|> di PIK lagi rame banget di <|en|> social media."
3220,<|en|> She went on a snorkeling solo <|id|> ke <|en|> Raja Ampat minggu <|id|> lalu.
3221,"<|id|> Kalau dipikir-pikir, <|en|> Organisasi UKM fotografi <|id|> lagi buka <|en|> anggota magang <|id|> baru, kamu mau daftar?"
3222,"<|en|> Honestly, Minggu <|id|> depan aku mau <|en|> staycation <|id|> ke <|en|> Singapore, <|id|> udah <|en|> booking koper <|id|> belum?"
3223,"<|id|> Kalau dipikir-pikir, <|en|> The gastroenterologist <|id|> bilang ada tanda awal <|en|> PCOS <|id|> yang harus diperhatikan."
3224,<|en|> Fun fact: The cooking <|id|> scene di Indonesia udah berkembang pesat belakangan ini.
3225,"<|en|> By the way, Adik <|id|> aku <|en|> minta diajarin bahasa Inggris <|id|> dari aku, seneng juga bisa bantu."
3226,"<|id|> Menurutku sih, Aku lagi <|en|> cari travel insurance <|id|> murah buat perjalanan ke <|en|> Paris."
3227,<|id|> Sebenernya <|en|> The daging sapi <|id|> di supermarket tadi lagi <|en|> on sale 20 <|id|> persen.
3228,"<|en|> Minggu <|id|> depan aku mau <|en|> trip <|id|> ke <|en|> Bali, <|id|> udah <|en|> booking tiket pesawat <|id|> belum?"
3229,"<|en|> By the way, Metode in-depth interview <|id|> yang aku pake buat <|en|> data collection."
3230,"<|id|> Kalau dipikir-pikir, <|en|> Have you tried <|id|> fitur <|en|> live collaboration <|id|> di <|en|> Discord <|id|> yang baru?"
3231,<|en|> I spent 3 hours <|id|> ngerjain soal <|en|> differential equations <|id|> tapi <|en|> masih <|id|> salah juga.
3232,<|id|> Aku udah 20 <|en|> kali bimbingan <|id|> tapi <|en|> hasil<|id|> -nya <|en|> masih <|id|> banyak <|en|> revisi.
3233,"<|id|> Menurutku sih, <|en|> The nyeri <|id|> dada sudah berlangsung lebih dari 2 <|en|> minggu."
3234,<|en|> Fun fact: <|id|> Kamu pakai <|en|> Discord <|id|> versi berapa? Yang baru ada fitur <|en|> auto-sync.
3235,<|id|> Sebenernya Proyek <|en|> revitalisasi <|id|> kawasan <|en|> Kemang <|id|> udah mulai kelihatan <|en|> hasil<|id|> -nya.
3236,"<|id|> Aku <|en|> nyoba recipe <|id|> baru hari ini, <|en|> soto ayam <|id|> ala rumahan. kan?"
3237,<|id|> Sebenernya <|en|> Have you tried <|id|> fitur <|en|> version control <|id|> di <|en|> Trello <|id|> yang baru?
3238,"<|id|> Omong-omong, <|en|> Have you tried the hummus <|id|> di <|en|> Kemang? <|id|> Antrian-nya panjang banget."
3239,<|en|> Fun fact: Have you tried the bibimbap <|id|> di <|en|> Senopati? <|id|> Antrian-nya panjang banget.
3240,"<|id|> Menurutku sih, Kemarin aku <|en|> berhasil finish the questline <|id|> di <|en|> Minecraft <|id|> setelah 8 <|en|> jam grind."
3241,<|id|> Jujur aja Atasan <|en|> minta <|id|> semua <|en|> tim <|id|> bikin <|en|> weekly update minggu<|id|> -an setiap Jumat.
3242,<|en|> Fun fact: The susu <|id|> di supermarket tadi lagi <|en|> on sale 20 <|id|> persen.
3243,"<|id|> Omong-omong, <|en|> I spent 2 hours <|id|> ngerjain soal <|en|> linear algebra <|id|> tapi <|en|> masih <|id|> salah juga."
3244,"<|id|> Kalau dipikir-pikir, Kemarin aku <|en|> berhasil get the achievement <|id|> di <|en|> Minecraft <|id|> setelah 200 <|en|> jam grind."
3245,"<|id|> Omong-omong, Having <|en|> a <|id|> mentor dalam keluarga yang suportif itu berkah banget dalam hidup."
3246,"<|en|> To be honest, <|id|> Kemarin aku <|en|> berhasil get the achievement <|id|> di <|en|> Apex Legends <|id|> setelah 8 <|en|> jam grind."
3247,"<|id|> Sebenernya Baru beli <|en|> perlengkapan photography <|id|> baru, lumayan mahal tapi <|en|> worth <|id|> it."
3248,<|en|> The gastroenterologist <|id|> bilang ada tanda awal <|en|> anemia <|id|> yang harus diperhatikan.
3249,"<|en|> Honestly, Tugasnya minta <|id|> bikin <|en|> case study <|id|> soal <|en|> biodiversity <|id|> minimal 500 kata."
3250,"<|id|> Sebenernya Lagi <|en|> cobain low-carb diet, susah <|id|> banget tapi <|en|> hasil<|id|> -nya lumayan."
3251,"<|id|> Aku beli <|en|> laptop <|id|> tadi di <|en|> Zalora, <|id|> lagi ada <|en|> buy 1 get 1."
3252,<|en|> She set clear expectations <|id|> dalam pertemanan dan aku respect itu banget.
3253,<|id|> Kemarin aku <|en|> berhasil complete the event <|id|> di <|en|> Valorant <|id|> setelah 300 <|en|> jam grind. <|id|> kan?
3254,"<|id|> Menurutku sih, <|en|> tablet <|id|> ku nge-lag terus, kayaknya harus di-restart deh."
3255,<|id|> Sebenernya Program <|en|> bike to campus <|id|> di <|en|> kampus <|id|> kita <|en|> berhasil <|id|> kurangi sampah 40 persen.
3256,"<|en|> Honestly, <|id|> Kamu masuk divisi logistik atau <|en|> sponsorship <|id|> di <|en|> UKM fotografi?"
3257,"<|id|> Kalau dipikir-pikir, <|en|> She went on a hiking solo <|id|> ke <|en|> Wakatobi minggu <|id|> lalu."
3258,"<|id|> Sebenernya Aku beli <|en|> baju <|id|> tadi di <|en|> Shopee, <|id|> lagi ada <|en|> flash sale."
3259,<|en|> Fun fact: Tugasnya minta <|id|> bikin <|en|> critical essay <|id|> soal <|en|> digital literacy <|id|> minimal 500 kata.
3260,"<|en|> Minggu <|id|> depan aku mau <|en|> staycation <|id|> ke <|en|> Seoul, <|id|> udah <|en|> booking koper <|id|> belum?"
3261,"<|en|> Honestly, <|id|> Kamu masuk divisi <|en|> kreatif <|id|> atau <|en|> publikasi <|id|> di <|en|> coding community?"
3262,"<|en|> Honestly, <|id|> Aku beli <|en|> laptop <|id|> tadi di <|en|> Tiktok Shop, <|id|> lagi ada <|en|> double discount."
3263,"<|en|> The review for this tas <|id|> rata-rata 100 bintang, lumayan bagus."
3264,<|en|> Tugasnya minta <|id|> bikin <|en|> reflection paper <|id|> soal <|en|> digital literacy <|id|> minimal 1500 kata.
3265,"<|en|> Fun fact: Minggu <|id|> depan aku mau <|en|> liburan <|id|> ke <|en|> Seoul, <|id|> udah <|en|> booking hotel <|id|> belum?"
3266,<|en|> Orang tua <|id|> aku <|en|> masih <|id|> belum <|en|> paham <|id|> soal <|en|> mental health <|id|> yang aku jelasin.
3267,<|id|> Tadi <|en|> meeting board <|id|> nya molor 2 <|en|> jam <|id|> dari jadwal.
3268,"<|id|> Omong-omong, <|en|> The drawing tablet <|id|> yang aku pakai buat <|en|> gardening <|id|> tuh mahal tapi beneran <|en|> beda hasil<|id|> -nya."
3269,<|id|> Sebenernya <|en|> The long weekend <|id|> gathering tahun ini bakal lebih ramai dari biasanya.
3270,"<|en|> My headphone <|id|> udah rusak, perlu beli yang baru sebelum <|en|> wisuda."
3271,"<|id|> Kalau dipikir-pikir, <|en|> Organisasi English Club <|id|> lagi buka <|en|> volunteer <|id|> baru, kamu mau daftar?"
3272,<|en|> She's been really active in the debating club <|id|> sejak <|en|> semester <|id|> dua.
3273,"<|en|> Fun fact: <|id|> Aku beli <|en|> kamera <|id|> tadi di <|en|> Zalora, <|id|> lagi ada <|en|> buy 1 get 1."
3274,<|id|> Kemarin aku <|en|> berhasil finish the questline <|id|> di <|en|> Dota 2 <|id|> setelah 8 <|en|> jam grind.
3275,<|en|> We're planning a family trip <|id|> keluarga ke <|en|> Bandung <|id|> bulan Maret.
3276,<|id|> Jujur aja Kemarin aku <|en|> berhasil get the achievement <|id|> di <|en|> Dota 2 <|id|> setelah 300 <|en|> jam grind.
3277,"<|id|> Omong-omong, <|en|> smartwatch <|id|> ku nge-lag terus, kayaknya harus di-restart deh. kan?"
3278,"<|id|> Aku beli <|en|> tas <|id|> tadi di <|en|> Tiktok Shop, <|id|> lagi ada <|en|> cashback. <|id|> kan?"
3279,<|id|> Visa ke <|en|> Lombok <|id|> prosesnya berapa lama ya?
3280,<|en|> The key is to make your minum kopi <|id|> jadi sesuatu yang kamu <|en|> look forward to.
3281,<|en|> The alat lukis <|id|> yang aku pakai buat <|en|> sketching <|id|> tuh mahal tapi beneran <|en|> beda hasil<|id|> -nya. kan?
3282,"<|id|> Omong-omong, Gue lagi belajar <|en|> Python <|id|> buat bikin <|en|> web app."
3283,<|id|> Jujur aja I'll send <|en|> the brief <|id|> setelah <|en|> meeting <|id|> selesai ya.
3284,"<|en|> To be honest, The earbuds <|id|> udah di-<|en|> update <|id|> ke <|en|> v14 <|id|> tapi tetep lemot."
3285,<|id|> Jujur aja Kemarin aku <|en|> berhasil win the tournament <|id|> di <|en|> Free Fire <|id|> setelah 200 <|en|> jam grind.
3286,"<|id|> Sebenernya <|en|> My cholesterol <|id|> kata dokter agak <|en|> tinggi, <|id|> harus kurangin <|en|> gula."
3287,"<|en|> By the way, <|id|> Aku <|en|> nyoba recipe <|id|> baru hari ini, <|en|> pasta aglio olio <|id|> ala rumahan."
3288,"<|id|> Menurutku sih, Program <|en|> composting <|id|> di <|en|> kampus <|id|> kita <|en|> berhasil <|id|> kurangi sampah 20 persen."
3289,<|en|> I spent 3 hours <|id|> ngerjain soal <|en|> probability <|id|> tapi <|en|> masih <|id|> salah juga. kan?
3290,"<|en|> By the way, My jungler <|id|> di <|en|> game <|id|> ini udah <|en|> maxed out <|id|> semua skill-nya."
3291,<|id|> Kemarin aku <|en|> berhasil solo rank <|id|> di <|en|> Genshin Impact <|id|> setelah 3 <|en|> jam grind. <|id|> kan?
3292,<|id|> Gue lagi belajar <|en|> JavaScript <|id|> buat bikin <|en|> side project.
3293,"<|id|> Kalau dipikir-pikir, <|en|> I missed the KRL <|id|> tadi karena terlambat 30 menit."
3294,"<|en|> By the way, The review for this baju <|id|> rata-rata 200 bintang, lumayan bagus."
3295,<|en|> The alat lukis <|id|> yang aku pakai buat <|en|> cooking <|id|> tuh mahal tapi beneran <|en|> beda hasil<|id|> -nya. kan?
3296,<|id|> Aku lagi <|en|> baca buku Deep Work <|id|> yang isinya soal <|en|> purpose.
3297,"<|en|> Minggu <|id|> depan aku mau <|en|> backpacking <|id|> ke <|en|> Lombok, <|id|> udah <|en|> booking tiket pesawat <|id|> belum?"
3298,<|id|> Aplikasi <|en|> Finansialku <|id|> ngebantu aku buat <|en|> track <|id|> pengeluaran. kan?
3299,"<|en|> To be honest, My laptop <|id|> udah rusak, perlu beli yang baru sebelum <|en|> wisuda."
3300,"<|en|> To be honest, The Ikigai <|id|> rekomendasinya bagus banget, cocok buat kamu yang lagi <|en|> overthinking."
3301,"<|id|> Omong-omong, Aku biasa belanja di <|en|> Superindo <|id|> karena lebih lengkap dan segar."
3302,<|en|> The alat lukis <|id|> yang aku pakai buat <|en|> painting <|id|> tuh mahal tapi beneran <|en|> beda hasil<|id|> -nya.
3303,"<|en|> My GitHub <|id|> tiba-tiba <|en|> crash <|id|> pas lagi <|en|> presentasi, malu <|id|> banget."
3304,"<|en|> Minggu <|id|> depan aku mau <|en|> backpacking <|id|> ke <|en|> Paris, <|id|> udah <|en|> booking tiket pesawat <|id|> belum?"
3305,"<|en|> By the way, Konsep matrix decomposition <|id|> banyak dipakai di bidang <|en|> data science."
3306,"<|id|> Kalau dipikir-pikir, Kemarin aku <|en|> berhasil get the achievement <|id|> di <|en|> Dota 2 <|id|> setelah 8 <|en|> jam grind."
3307,"<|en|> To be honest, My blood pressure <|id|> kata dokter agak <|en|> tinggi, <|id|> harus kurangin <|en|> gula."
3308,<|id|> Kamu masuk divisi <|en|> acara <|id|> atau <|en|> dokumentasi <|id|> di <|en|> BEM?
3309,<|en|> Fun fact: <|id|> Kita harus lebih <|en|> peka terhadap communication breakdown <|id|> yang <|en|> orang <|id|> lain rasakan.
3310,<|id|> Jujur aja <|en|> I got a 50% discount <|id|> pake <|en|> voucher <|id|> yang dikasih <|en|> Tokopedia.
3311,<|en|> The seasonal event <|id|> di <|en|> Dota 2 <|id|> kasih <|en|> reward <|id|> yang bagus banget.
3312,<|en|> Fun fact: <|id|> Kamu masuk divisi logistik atau <|en|> dekorasi <|id|> di <|en|> BEM?
3313,<|en|> Fun fact: The new Mexican restaurant <|id|> di <|en|> Senopati <|id|> lagi rame banget di <|en|> social media.
3314,<|id|> Sebenernya Belanja <|en|> groceries <|id|> dulu buat <|en|> meal prep minggu <|id|> ini.
3315,"<|id|> Omong-omong, Lagi <|en|> cobain plant-based diet, susah <|id|> banget tapi <|en|> hasil<|id|> -nya lumayan."
3316,<|en|> Fun fact: Restoran Indian <|id|> baru yang di <|en|> Kemang <|id|> itu enak banget.
3317,<|id|> Sebenernya <|en|> The tablet <|id|> udah di-<|en|> update <|id|> ke <|en|> Android 15 <|id|> tapi tetep lemot.
3318,<|en|> Fun fact: <|id|> Kemarin aku <|en|> berhasil finish the questline <|id|> di <|en|> PUBG <|id|> setelah 5 <|en|> jam grind.
3319,"<|en|> By the way, Mending <|id|> pake <|en|> Google Maps <|id|> buat <|en|> cari itinerary <|id|> yang udah jadi."
3320,<|en|> Tugasnya minta <|id|> bikin <|en|> reflection paper <|id|> soal <|en|> digital literacy <|id|> minimal 2000 kata. kan?
3321,"<|id|> Sebenernya Aku pake <|en|> air fryer <|id|> buat bikin <|en|> soto ayam <|id|> tadi, <|en|> hasil<|id|> -nya lebih <|en|> konsisten."
3322,<|id|> Kemarin aku <|en|> berhasil solo rank <|id|> di <|en|> PUBG <|id|> setelah 300 <|en|> jam grind. <|id|> kan?
3323,"<|id|> Kalau dipikir-pikir, <|en|> My sepatu <|id|> udah rusak, perlu beli yang baru sebelum <|en|> wisuda."
3324,"<|en|> Honestly, <|id|> Kamu udah <|en|> lihat mega sale <|id|> di <|en|> Zalora <|id|> belum? Banyak yang murah banget."
3325,"<|en|> Honestly, Understanding eigenvalue <|id|> itu <|en|> penting <|id|> banget buat <|en|> data analysis."
3326,<|id|> Sebenernya <|en|> The marketing team <|id|> lagi kerja keras buat nge-hit <|en|> target <|id|> bulan ini.
3327,<|id|> Jujur aja Kemarin aku <|en|> berhasil solo rank <|id|> di <|en|> PUBG <|id|> setelah 3 <|en|> jam grind.
3328,"<|id|> Sebenernya Aku beli <|en|> laptop <|id|> tadi di <|en|> Tiktok Shop, <|id|> lagi ada <|en|> free shipping."
3329,"<|id|> Jujur aja Kemarin aku beli <|en|> laptop <|id|> baru, <|en|> battery life <|id|> nya gila sih."
3330,<|en|> Tugasnya minta <|id|> bikin <|en|> research paper <|id|> soal <|en|> digital literacy <|id|> minimal 1500 kata.
3331,"<|id|> Sebenernya <|en|> smartphone <|id|> ku nge-lag terus, kayaknya harus di-restart deh."
3332,"<|id|> Menurutku sih, Aku pake <|en|> instant pot <|id|> buat bikin <|en|> Korean <|id|> fried chicken tadi, <|en|> hasil<|id|> -nya lebih <|en|> konsisten."
3333,"<|en|> Tiket Nyepi <|id|> udah habis semua, harus pesan jauh-jauh hari. kan?"
3334,"<|en|> I just bought a new monitor, <|id|> spesifikasinya lumayan buat <|en|> coding."
3335,"<|en|> Honestly, The new food hall <|id|> di <|en|> Jakarta <|id|> Selatan lagi <|en|> trendy <|id|> banget."
3336,<|id|> Jujur aja <|en|> My painting <|id|> udah berkembang jadi bisnis <|en|> side hustle <|id|> yang lumayan.
3337,"<|id|> Menurutku sih, <|en|> The presentation <|id|> harus dikirim ke klien sebelum <|en|> jam 17.00."
3338,"<|id|> Menurutku sih, <|en|> Have you tried the local ramen <|id|> di <|en|> Singapore? <|id|> Enak banget katanya."
3339,"<|en|> By the way, <|id|> Aku beli <|en|> jam <|id|> tangan tadi di <|en|> Lazada, <|id|> lagi ada <|en|> free shipping."
3340,"<|en|> By the way, I scheduled a specialist consultation <|id|> untuk cek kondisi <|en|> tulang."
3341,"<|id|> Omong-omong, <|en|> I recommend Everything Everywhere <|id|> kalau kamu suka genre <|en|> sci-fi."
3342,"<|id|> Jujur aja <|en|> monitor <|id|> ku nge-lag terus, kayaknya harus di-install ulang deh."
3343,<|id|> Sebenernya <|en|> The new Japanese restaurant <|id|> di <|en|> SCBD <|id|> lagi rame banget di <|en|> social media.
3344,"<|id|> Omong-omong, <|en|> I've been into knitting <|id|> sejak 5 tahun lalu dan ga pernah bosen."
3345,<|en|> Fun fact: Tim <|id|> kita <|en|> kena bad teamfight <|id|> karena <|en|> toxic player <|id|> mulu.
3346,"<|en|> To be honest, Minggu <|id|> depan aku mau <|en|> backpacking <|id|> ke <|en|> Lombok, <|id|> udah <|en|> booking tiket pesawat <|id|> belum?"
3347,"<|en|> Fun fact: My Trello <|id|> tiba-tiba <|en|> crash <|id|> pas lagi <|en|> presentasi, malu <|id|> banget."
3348,<|id|> Sebenernya Kamu udah <|en|> lihat mega sale <|id|> di <|en|> Lazada <|id|> belum? Banyak yang murah banget.
3349,"<|en|> To be honest, <|id|> Kemarin aku <|en|> berhasil get the achievement <|id|> di <|en|> Valorant <|id|> setelah 3 <|en|> jam grind."
3350,<|id|> Sebenernya Kamu masuk divisi <|en|> media <|id|> atau <|en|> dekorasi <|id|> di <|en|> coding community?
3351,"<|en|> To be honest, Using Python <|id|> bikin ngerjain <|en|> differential equations <|id|> jadi jauh lebih cepat."
3352,"<|en|> By the way, Have you tried the local street food <|id|> di <|en|> Bali? <|id|> Enak banget katanya."
3353,<|id|> Kamu masuk divisi <|en|> acara <|id|> atau <|en|> dekorasi <|id|> di <|en|> BEM?
3354,"<|id|> Omong-omong, Tadi ada <|en|> festival kampus <|id|> di <|en|> kampus, <|id|> lumayan banyak yang ikut."
3355,"<|id|> Jujur aja Aku beli <|en|> tas <|id|> tadi di <|en|> Lazada, <|id|> lagi ada <|en|> double discount."
3356,"<|en|> To be honest, Presentasi project proposal <|id|> kita <|en|> jadwalnya next week <|id|> kan?"
3357,<|en|> Fun fact: <|id|> Kamu masuk divisi <|en|> media <|id|> atau <|en|> sponsorship <|id|> di <|en|> coding community?
3358,"<|en|> By the way, The brief <|id|> harus dikirim ke klien sebelum <|en|> jam 17.00."
3359,<|id|> Kamu masuk divisi <|en|> media <|id|> atau <|en|> dekorasi <|id|> di <|en|> UKM fotografi?
3360,"<|en|> The lomba debat <|id|> kemarin seru banget, sayang kamu ga dateng."
3361,<|id|> Sebenernya <|en|> The <|id|> orthopedist bilang ada tanda awal <|en|> anemia <|id|> yang harus diperhatikan.
3362,"<|id|> Omong-omong, <|en|> She's really good at reading body language <|id|> sosial dalam percakapan."
3363,<|id|> Sebenernya <|en|> The DSLR <|id|> yang aku pakai buat <|en|> calligraphy <|id|> tuh mahal tapi beneran <|en|> beda hasil<|id|> -nya.
3364,"<|en|> By the way, The cycling <|id|> scene di Indonesia udah berkembang pesat belakangan ini."
3365,<|en|> Fun fact: Kolega <|id|> aku <|en|> dapat promotion <|id|> ke posisi <|en|> director <|id|> bulan ini.
3366,"<|id|> Omong-omong, Aku beli <|en|> kamera <|id|> tadi di <|en|> Tiktok Shop, <|id|> lagi ada <|en|> cashback."
3367,"<|id|> Aku beli <|en|> tas <|id|> tadi di <|en|> Zalora, <|id|> lagi ada <|en|> double discount. <|id|> kan?"
3368,<|id|> Sebenernya <|en|> The Jakarta <|id|> Fair di <|en|> Jakarta <|id|> setiap tahun selalu ramai banget.
3369,<|en|> Have you tried the local curry <|id|> di <|en|> Bali? <|id|> Enak banget katanya. kan?
3370,"<|id|> Menurutku sih, <|en|> Review Everything Everywhere <|id|> di internet banyak yang bilang <|en|> overhyped."
3371,"<|en|> By the way, The trail to Raja Ampat <|id|> butuh waktu 2 <|en|> jam <|id|> untuk diselesaikan."
3372,"<|en|> By the way, She's been really active in the BEM <|id|> sejak <|en|> semester <|id|> satu."
3373,<|en|> She's been really active in the BEM <|id|> sejak <|en|> semester <|id|> tiga.
3374,<|id|> Jujur aja <|en|> Have you tried the local gelato <|id|> di <|en|> Amsterdam? <|id|> Enak banget katanya.
3375,"<|id|> Kalau dipikir-pikir, Kemarin aku beli <|en|> monitor <|id|> baru, <|en|> battery life <|id|> nya gila sih."
3376,"<|id|> Menurutku sih, Kamu masuk divisi logistik atau <|en|> dokumentasi <|id|> di <|en|> BEM?"
3377,"<|id|> Menurutku sih, Kamu masuk divisi <|en|> acara <|id|> atau <|en|> sponsorship <|id|> di <|en|> UKM fotografi?"
3378,"<|en|> By the way, The churn rate <|id|> sangat <|en|> penting <|id|> buat ngukur keberhasilan <|en|> campaign <|id|> kita."
3379,<|en|> The CAC <|id|> kita bulan ini naik 20 persen dari <|en|> last quarter. <|id|> kan?
3380,<|id|> Sebenernya <|en|> Have you tried <|id|> fitur <|en|> live collaboration <|id|> di <|en|> Figma <|id|> yang baru?
3381,<|id|> Sebenernya Aku lagi <|en|> obsessed <|id|> sama <|en|> croffle <|id|> belakangan ini.
3382,"<|id|> Sebenernya Soal <|en|> linear algebra <|id|> di <|en|> ujian <|id|> tadi <|en|> susah <|id|> banget, ga bisa aku kerjain."
3383,<|id|> Sebenernya <|en|> The grocery <|id|> bill bulan ini lebih besar karena harga <|en|> susu <|id|> naik.
3384,"<|en|> By the way, The cooking <|id|> scene di Indonesia udah berkembang pesat belakangan ini."
3385,"<|id|> Menurutku sih, <|en|> Mending <|id|> bayar utang dulu atau <|en|> invest <|id|> duluan ya?"
3386,<|en|> Fun fact: I set up a dedicated study room <|id|> biar lebih fokus kerja dari rumah.
3387,"<|en|> Honestly, Tugasnya minta <|id|> bikin <|en|> reflection paper <|id|> soal <|en|> climate change <|id|> minimal 500 kata."
3388,"<|en|> Honestly, <|id|> Kemarin aku <|en|> berhasil complete the event <|id|> di <|en|> Valorant <|id|> setelah 5 <|en|> jam grind."
3389,<|en|> Fun fact: <|id|> Kamu pakai <|en|> Figma <|id|> versi berapa? Yang baru ada fitur <|en|> smart search.
3390,"<|en|> By the way, Breaking a bad habit <|id|> itu butuh waktu minimal 66 hari."
3391,"<|en|> To be honest, I got a 50% discount <|id|> pake <|en|> voucher <|id|> yang dikasih <|en|> Tokopedia."
3392,"<|id|> Kalau dipikir-pikir, Ikut <|en|> Coursera online <|id|> buat ningkatin skill <|en|> public speaking <|id|> aku."
3393,"<|id|> Kalau dipikir-pikir, Aku beli <|en|> laptop <|id|> tadi di <|en|> Lazada, <|id|> lagi ada <|en|> buy 1 get 1."
3394,"<|en|> By the way, <|id|> Kamu masuk divisi <|en|> acara <|id|> atau <|en|> sponsorship <|id|> di <|en|> coding community?"
3395,"<|id|> Sebenernya <|en|> My acid reflux <|id|> kambuh lagi, kayaknya gara-gara kurang <|en|> nutrition."
3396,"<|en|> By the way, <|id|> Udah <|en|> coba Linear <|id|> belum? Katanya <|en|> offline mode <|id|> nya keren banget."
3397,<|id|> Jujur aja <|en|> Obat antibiotik <|id|> ini harus di-<|en|> minum <|id|> setiap 8 <|en|> jam <|id|> setelah makan.
3398,<|id|> Sebenernya <|en|> Pemerintah <|id|> harus lebih <|en|> serius tangani masalah makanan.
3399,<|en|> Fun fact: The Essentialism <|id|> itu intinya tentang mengurangi <|en|> decision fatigue.
3400,<|en|> She went on a kayaking solo <|id|> ke <|en|> Bromo minggu <|id|> lalu.
3401,<|en|> The deforestation in Papua <|id|> mengancam ekosistem yang udah terbentuk ribuan tahun.
3402,"<|id|> Kalau dipikir-pikir, <|en|> Gratis ongkir <|id|> kalau belanja di atas 50 ribu di <|en|> Shopee."
3403,"<|en|> Fun fact: Banjir <|id|> di <|en|> Kalibata <|id|> kemarin parah banget, akses <|en|> jalan <|id|> putus."
3404,<|id|> Kamu masuk divisi <|en|> humas <|id|> atau <|en|> dekorasi <|id|> di <|en|> UKM fotografi?
3405,<|id|> Aku lagi <|en|> baca buku Ikigai <|id|> yang isinya soal <|en|> habit formation.
3406,"<|en|> Fun fact: <|id|> Aku beli <|en|> kamera <|id|> tadi di <|en|> Shopee, <|id|> lagi ada <|en|> buy 1 get 1."
3407,"<|id|> Omong-omong, Belanja <|en|> groceries minggu<|id|> -an itu <|en|> penting <|id|> buat <|en|> meal planning."
3408,"<|id|> Menurutku sih, <|en|> Minggu <|id|> depan aku mau <|en|> trip <|id|> ke <|en|> Yogyakarta, <|id|> udah <|en|> booking hotel <|id|> belum?"
3409,"<|id|> Omong-omong, <|en|> The avocado toast <|id|> ini <|en|> easy to make <|id|> dan bahannya gampang di-<|en|> cari."
3410,<|en|> She committed to a 30-day fitness challenge <|id|> selama 30 hari dan <|en|> hasil<|id|> -nya keren.
3411,<|en|> Fun fact: Understanding gradient descent <|id|> itu <|en|> penting <|id|> banget buat <|en|> data analysis.
3412,"<|id|> Kalau dipikir-pikir, Printer kantor nge-hang lagi, paling ga enak kalau lagi banyak kerjaan."
3413,"<|en|> Honestly, The festival kampus <|id|> kemarin seru banget, sayang kamu ga dateng."
3414,"<|en|> Organisasi coding community <|id|> lagi buka <|en|> open recruitment <|id|> baru, kamu mau daftar?"
3415,"<|id|> Menurutku sih, <|en|> Tugasnya minta <|id|> bikin <|en|> case study <|id|> soal <|en|> AI ethics <|id|> minimal 1500 kata."
3416,<|en|> Have you tried <|id|> fitur <|en|> version control <|id|> di <|en|> Linear <|id|> yang baru?
3417,"<|id|> Jujur aja Kemarin aku beli <|en|> laptop <|id|> baru, <|en|> processor <|id|> nya gila sih."
3418,"<|en|> To be honest, My sepatu <|id|> udah rusak, perlu beli yang baru sebelum ulang tahun."
3419,"<|en|> smartphone <|id|> ku nge-lag terus, kayaknya harus di-install ulang deh."
3420,"<|id|> Omong-omong, Tolong kirimin <|en|> PDF <|id|> nya lewat <|en|> Zoom <|id|> ya."
3421,<|en|> The sayuran <|id|> di supermarket tadi lagi <|en|> on sale 30 <|id|> persen. kan?
3422,<|id|> Udah <|en|> coba Linear <|id|> belum? Katanya <|en|> live collaboration <|id|> nya keren banget. kan?
3423,"<|en|> Fun fact: Minggu <|id|> depan aku mau <|en|> staycation <|id|> ke <|en|> Lombok, <|id|> udah <|en|> booking koper <|id|> belum?"
3424,<|id|> Sebenernya <|en|> The NPS score <|id|> kita bulan ini naik 15 persen dari <|en|> last quarter.
3425,"<|id|> Omong-omong, <|en|> Obat antibiotik <|id|> ini harus di-<|en|> minum 3 kali <|id|> sehari setelah makan."
3426,"<|en|> I just bought a new earbuds, <|id|> spesifikasinya lumayan buat <|en|> editing video."
3427,"<|id|> Omong-omong, Kamu pakai <|en|> Notion <|id|> versi berapa? Yang baru ada fitur <|en|> smart search. <|id|> kan?"
3428,"<|id|> Omong-omong, <|en|> I scheduled a check-up <|id|> untuk cek kondisi <|en|> jantung."
3429,<|en|> Fun fact: <|id|> Kamu pakai <|en|> GitHub <|id|> versi berapa? Yang baru ada fitur <|en|> dark mode.
3430,<|id|> Kemarin aku <|en|> berhasil solo rank <|id|> di <|en|> Free Fire <|id|> setelah 5 <|en|> jam grind.
3431,<|en|> The diversification <|id|> itu <|en|> penting <|id|> banget dipahami sebelum mulai <|en|> trading. <|id|> kan?
3432,"<|en|> Honestly, <|id|> Kamu masuk divisi <|en|> media <|id|> atau <|en|> dokumentasi <|id|> di <|en|> debating club?"
3433,"<|en|> By the way, The review for this sepatu <|id|> rata-rata 500 bintang, lumayan bagus."
3434,<|en|> I recommend Oppenheimer <|id|> kalau kamu suka genre <|en|> sci-fi.
3435,"<|en|> To be honest, The resort <|id|> di sana <|en|> fully booked <|id|> pas <|en|> tanggal <|id|> itu."
3436,"<|id|> Aku beli <|en|> kamera <|id|> tadi di <|en|> Lazada, <|id|> lagi ada <|en|> flash sale."
3437,"<|en|> Honestly, <|id|> Aku lagi <|en|> nyoba rutin journaling <|id|> setiap hari, rasanya <|en|> calming."
3438,<|en|> The endoskopi <|id|> memakan waktu sekitar 2 <|en|> jam. <|id|> kan?
3439,"<|id|> Menurutku sih, Aku <|en|> minta <|id|> tolong jelasin soal <|en|> statistics <|id|> ke <|en|> temen <|id|> yang lebih jago."
3440,"<|id|> Menurutku sih, <|en|> The new hotfix <|id|> di <|en|> Genshin Impact <|id|> banyak yang suka tapi aku kurang cocok."
3441,"<|id|> Menurutku sih, Aku lagi <|en|> obsessed <|id|> sama boba belakangan ini."
3442,"<|id|> Menurutku sih, <|en|> Organisasi coding community <|id|> lagi buka <|en|> anggota magang <|id|> baru, kamu mau daftar?"
3443,<|id|> Sebenernya <|en|> Tugasnya minta <|id|> bikin <|en|> reflection paper <|id|> soal <|en|> climate change <|id|> minimal 1500 kata.
3444,"<|en|> Nilai UAS <|id|> ku turun, kayaknya karena kurang <|en|> review. <|id|> kan?"
3445,"<|en|> I lost my sim card <|id|> pas di bandara tadi, <|en|> panik <|id|> banget."
3446,<|id|> Jujur aja <|en|> Have you <|id|> watched <|en|> the <|id|> trailer <|en|> for Everything Everywhere? <|id|> Vibes-nya keren banget.
3447,"<|id|> Omong-omong, <|en|> The Swift <|id|> framework ini lagi <|en|> trending <|id|> banget sekarang. kan?"
3448,"<|id|> Omong-omong, <|en|> Macet <|id|> di <|en|> Gatot Subroto <|id|> tadi parah banget, sampai 3 <|en|> jam <|id|> di <|en|> jalan."
3449,"<|en|> To be honest, I just bought a new smartwatch, <|id|> spesifikasinya lumayan buat <|en|> multitasking."
3450,<|en|> We're planning a road trip <|id|> keluarga ke <|en|> Bandung <|id|> bulan Desember.
3451,"<|id|> Menurutku sih, <|en|> The endoskopi <|id|> memakan waktu sekitar 2 <|en|> jam."
3452,"<|id|> Omong-omong, Gue lagi belajar <|en|> TypeScript <|id|> buat bikin <|en|> mobile app. <|id|> kan?"
3453,"<|en|> By the way, Have you tried <|id|> fitur <|en|> dark mode <|id|> di <|en|> Figma <|id|> yang baru?"
3454,"<|id|> Menurutku sih, <|en|> Obat antasida <|id|> ini harus di-<|en|> minum 2 kali <|id|> sehari setelah makan."
3455,"<|id|> Sebenernya Soal <|en|> statistics <|id|> di <|en|> ujian <|id|> tadi <|en|> susah <|id|> banget, ga bisa aku kerjain."
3456,<|id|> Jujur aja <|en|> I spent 3 hours <|id|> ngerjain soal <|en|> integral <|id|> tapi <|en|> masih <|id|> salah juga.
3457,"<|id|> Omong-omong, Udah <|en|> coba VS Code <|id|> belum? Katanya <|en|> version control <|id|> nya keren banget."
3458,"<|en|> Honestly, Have you tried <|id|> fitur <|en|> dark mode <|id|> di <|en|> Notion <|id|> yang baru?"
3459,"<|en|> By the way, <|id|> Aku lagi nge-<|en|> cooking <|id|> setiap <|en|> weekend <|id|> buat hilangin <|en|> stres."
3460,"<|id|> Jujur aja Aku beli <|en|> kamera <|id|> tadi di <|en|> Shopee, <|id|> lagi ada <|en|> double discount."
3461,"<|id|> Omong-omong, <|en|> Tugasnya minta <|id|> bikin <|en|> research paper <|id|> soal <|en|> climate change <|id|> minimal 500 kata."
3462,<|en|> Restoran Mexican <|id|> baru yang di <|en|> Kemang <|id|> itu enak banget. kan?
3463,"<|en|> Minggu <|id|> depan aku mau <|en|> staycation <|id|> ke <|en|> Amsterdam, <|id|> udah <|en|> booking tiket pesawat <|id|> belum?"
3464,<|id|> Sebenernya <|en|> The <|id|> VP baru mulai kerja <|en|> minggu <|id|> depan.
3465,"<|en|> Honestly, <|id|> Kamu masuk divisi logistik atau <|en|> dekorasi <|id|> di <|en|> debating club?"
3466,<|en|> Fun fact: The operasi minor <|id|> memakan waktu sekitar 1 <|en|> jam.
3467,"<|id|> Omong-omong, Aku lagi belajar <|en|> ETF <|id|> buat <|en|> passive income."
3468,<|id|> Sebenernya Aku lagi <|en|> cari sim card <|id|> murah buat perjalanan ke <|en|> Tokyo.
3469,"<|en|> By the way, Banjir <|id|> di <|en|> Kemang <|id|> kemarin parah banget, akses <|en|> jalan <|id|> putus."
3470,<|en|> The rendang modern <|id|> ini <|en|> easy to make <|id|> dan bahannya gampang di-<|en|> cari.
3471,"<|id|> Omong-omong, <|en|> Minggu <|id|> depan aku mau <|en|> trip <|id|> ke <|en|> Seoul, <|id|> udah <|en|> booking koper <|id|> belum?"
3472,"<|en|> Honestly, <|id|> Kamu masuk divisi <|en|> humas <|id|> atau <|en|> sponsorship <|id|> di <|en|> debating club?"
3473,"<|en|> Honestly, <|id|> Aku beli <|en|> tas <|id|> tadi di <|en|> Zalora, <|id|> lagi ada <|en|> flash sale."
3474,"<|en|> Honestly, Minggu <|id|> depan aku mau <|en|> liburan <|id|> ke <|en|> Amsterdam, <|id|> udah <|en|> booking tiket pesawat <|id|> belum?"
3475,"<|id|> Omong-omong, <|en|> The invoice <|id|> harus dikirim ke klien sebelum <|en|> jam 12.00."
3476,"<|id|> Omong-omong, <|en|> Have you tried the local sushi <|id|> di <|en|> Singapore? <|id|> Enak banget katanya."
3477,"<|en|> To be honest, The invoice <|id|> harus dikirim ke klien sebelum <|en|> jam 09.00."
3478,<|id|> Makan di kantin <|en|> kampus <|id|> lebih hemat daripada <|en|> order <|id|> terus.
3479,"<|id|> Menurutku sih, Spending <|en|> time in <|id|> nature terbukti secara ilmiah bisa <|en|> reduce stress."
3480,"<|en|> By the way, <|id|> Aku beli <|en|> tas <|id|> tadi di <|en|> Lazada, <|id|> lagi ada <|en|> flash sale."
3481,"<|en|> Honestly, My migraine <|id|> kambuh lagi, kayaknya gara-gara kurang <|en|> exercise."
3482,"<|id|> Omong-omong, Aku subscribe <|en|> YouTube Premium <|id|> buat akses semua konten <|en|> exclusive."
3483,"<|id|> Omong-omong, Kamu pakai <|en|> Zoom <|id|> versi berapa? Yang baru ada fitur <|en|> offline mode. <|id|> kan?"
3484,<|id|> Sebenernya Kamu masuk divisi <|en|> acara <|id|> atau <|en|> dekorasi <|id|> di <|en|> UKM fotografi?
3485,<|id|> Kemarin aku <|en|> berhasil get the achievement <|id|> di <|en|> Dota 2 <|id|> setelah 8 <|en|> jam grind.
3486,"<|id|> Menurutku sih, Kamu pakai <|en|> Zoom <|id|> versi berapa? Yang baru ada fitur <|en|> version control."
3487,"<|en|> By the way, <|id|> Baterai <|en|> smartphone <|id|> ku cepet banget abis, perlu di-charge mulu."
3488,"<|en|> By the way, I need to find a freelance gig <|id|> yang bisa fleksibel sama jadwal kuliah."
3489,"<|en|> To be honest, Minggu <|id|> depan aku mau <|en|> staycation <|id|> ke <|en|> Singapore, <|id|> udah <|en|> booking koper <|id|> belum?"
3490,"<|id|> Kalau dipikir-pikir, Aku beli <|en|> kamera <|id|> tadi di <|en|> Tiktok Shop, <|id|> lagi ada <|en|> flash sale."
3491,<|en|> The cardiologist <|id|> bilang ada tanda awal <|en|> PCOS <|id|> yang harus diperhatikan. kan?
3492,<|en|> Fun fact: We're planning a family trip <|id|> keluarga ke <|en|> Bali <|id|> bulan Maret.
3493,"<|en|> Honestly, Mending <|id|> naik <|en|> MRT <|id|> daripada nyetir sendiri kalau lagi <|en|> macet."
3494,"<|id|> Sebenernya Aku beli <|en|> sepatu <|id|> tadi di <|en|> Shopee, <|id|> lagi ada <|en|> cashback."
3495,"<|en|> By the way, <|id|> Aku udah 6 <|en|> kali bimbingan <|id|> tapi <|en|> hasil<|id|> -nya <|en|> masih <|id|> banyak <|en|> revisi."
3496,<|en|> The NPS score <|id|> sangat <|en|> penting <|id|> buat ngukur keberhasilan <|en|> campaign <|id|> kita.
3497,"<|en|> By the way, The sakit kepala <|id|> sudah berlangsung lebih dari 2 <|en|> minggu."
3498,"<|en|> By the way, BMKG <|id|> bilang <|en|> akan <|id|> ada <|en|> heatwave <|id|> ekstrem <|en|> minggu <|id|> ini."
3499,<|id|> Kita harus lebih <|en|> peka terhadap long-distance relationship <|id|> yang <|en|> orang <|id|> lain rasakan. kan?
3500,"<|en|> By the way, The review for this laptop <|id|> rata-rata 50 bintang, lumayan bagus."
3501,"<|en|> Honestly, My parents still don't understand my content creator pilihan, <|id|> sering jadi <|en|> perdebatan."
3502,"<|id|> Kalau dipikir-pikir, Udah <|en|> coba Zoom <|id|> belum? Katanya <|en|> smart search <|id|> nya keren banget."
3503,<|en|> The new MRT <|id|> di <|en|> Jakarta <|id|> lumayan ngurangin kemacetan.
3504,"<|id|> Sebenernya Tadi ada <|en|> workshop <|id|> di <|en|> kampus, <|id|> lumayan banyak yang ikut."
3505,<|en|> I'm taking 5 days off <|id|> pas <|en|> Natal <|id|> nanti.
3506,<|id|> Sebenernya <|en|> Have you tried the local sushi <|id|> di <|en|> Paris? <|id|> Enak banget katanya.
3507,"<|en|> Minggu <|id|> depan aku mau <|en|> backpacking <|id|> ke <|en|> Tokyo, <|id|> udah <|en|> booking sim card <|id|> belum?"
3508,"<|en|> Honestly, Temen <|id|> aku lagi <|en|> curhat <|id|> soal <|en|> boundary violation <|id|> sama pasangannya."
3509,"<|en|> To be honest, Gratis ongkir <|id|> kalau belanja di atas 200 ribu di <|en|> Lazada."
3510,"<|en|> By the way, <|id|> Kamu pakai <|en|> Slack <|id|> versi berapa? Yang baru ada fitur <|en|> version control."
3511,<|id|> Kemarin aku <|en|> berhasil finish the questline <|id|> di <|en|> Genshin Impact <|id|> setelah 200 <|en|> jam grind.
3512,"<|id|> Kalau dipikir-pikir, Kamu pakai <|en|> Zoom <|id|> versi berapa? Yang baru ada fitur <|en|> version control."
3513,"<|en|> Honestly, <|id|> Kemarin aku <|en|> berhasil solo rank <|id|> di <|en|> PUBG <|id|> setelah 3 <|en|> jam grind."
3514,"<|en|> To be honest, Pemerintah <|id|> harus lebih <|en|> serius tangani masalah plastik."
3515,<|en|> She has a strict evening routine <|id|> yang dia <|en|> jalan<|id|> -in tiap harinya.
3516,<|id|> Aku lagi <|en|> cari travel insurance <|id|> murah buat perjalanan ke <|en|> Singapore.
3517,"<|id|> Omong-omong, <|en|> My insomnia <|id|> kambuh lagi, kayaknya gara-gara kurang <|en|> hydration."
3518,"<|en|> Organisasi English Club <|id|> lagi buka <|en|> ketua <|id|> baru baru, kamu mau daftar?"
3519,<|id|> Jujur aja Tolong kirimin <|en|> PDF <|id|> nya lewat <|en|> Slack <|id|> ya.
3520,"<|id|> Sebenernya <|en|> The <|id|> homesickness jadi anak rantau tuh ber-<|en|> at, <|id|> tapi bikin <|en|> independent."
3521,<|id|> Sebenernya Kemarin aku <|en|> berhasil get the achievement <|id|> di <|en|> Minecraft <|id|> setelah 300 <|en|> jam grind.
3522,"<|en|> By the way, <|id|> Aku beli <|en|> laptop <|id|> tadi di <|en|> Tokopedia, <|id|> lagi ada <|en|> flash sale."
3523,"<|en|> To be honest, The DSLR <|id|> yang aku pakai buat <|en|> sketching <|id|> tuh mahal tapi beneran <|en|> beda hasil<|id|> -nya."
3524,"<|id|> Omong-omong, <|en|> Have you tried <|id|> fitur <|en|> dark mode <|id|> di <|en|> Discord <|id|> yang baru?"
3525,"<|id|> Kalau dipikir-pikir, <|en|> The debate around tax reform <|id|> mencerminkan perbedaan <|en|> nilai <|id|> yang mendalam."
3526,<|id|> Sebenernya Gunung <|en|> Prau <|id|> itu masuk <|en|> list bucket list <|id|> aku sejak lama.
3527,"<|id|> Menurutku sih, Program <|en|> BLT pemerintah <|id|> ini <|en|> masih <|id|> perlu evaluasi lebih lanjut."
3528,"<|id|> Omong-omong, <|en|> The review for this kamera <|id|> rata-rata 50 bintang, lumayan bagus."
3529,"<|en|> Fun fact: Minggu <|id|> depan aku mau <|en|> trip <|id|> ke <|en|> New York, <|id|> udah <|en|> booking sim card <|id|> belum?"
3530,"<|id|> Omong-omong, <|en|> Minggu <|id|> depan aku mau <|en|> staycation <|id|> ke <|en|> Seoul, <|id|> udah <|en|> booking sim card <|id|> belum?"
3531,<|id|> Aku mau ikut <|en|> competition <|id|> komunitas <|en|> pottery <|id|> bulan depan.
3532,<|en|> I've been pulling 3 <|id|> hari berturut-turut begadang buat <|en|> ujian akhir.
3533,"<|id|> Menurutku sih, <|en|> smartphone <|id|> ku nge-lag terus, kayaknya harus di-reformat deh."
3534,"<|id|> Omong-omong, Aku beli <|en|> baju <|id|> tadi di <|en|> Lazada, <|id|> lagi ada <|en|> flash sale."
3535,<|id|> Sebenernya Visa ke <|en|> Bangkok <|id|> prosesnya berapa lama ya?
3536,"<|id|> Omong-omong, <|en|> Minggu <|id|> depan aku mau <|en|> staycation <|id|> ke <|en|> Singapore, <|id|> udah <|en|> booking travel insurance <|id|> belum?"
3537,"<|id|> Suhu hari ini panas banget, kayak <|en|> kena heatwave."
3538,<|id|> Sebenernya <|en|> I <|id|> started investing <|en|> in <|id|> reksa dana sejak gajian pertama.
3539,"<|id|> Jujur aja <|en|> Nilai UAS <|id|> ku turun, kayaknya karena kurang <|en|> practice."
3540,"<|id|> Menurutku sih, <|en|> I recommend Interstellar <|id|> kalau kamu suka genre <|en|> romance."
3541,"<|id|> Omong-omong, Kamu masuk divisi <|en|> humas <|id|> atau <|en|> sponsorship <|id|> di <|en|> BEM?"
3542,"<|id|> Omong-omong, <|en|> Tugasnya minta <|id|> bikin <|en|> critical essay <|id|> soal <|en|> mental health <|id|> minimal 1500 kata."
3543,<|en|> The flight <|id|> ke <|en|> Bangkok <|id|> tadi <|en|> delayed 1 jam.
3544,"<|id|> Omong-omong, <|en|> The Python <|id|> framework ini lagi <|en|> trending <|id|> banget sekarang."
3545,"<|id|> Kalau dipikir-pikir, <|en|> She went on a hiking solo <|id|> ke <|en|> Labuan Bajo minggu <|id|> lalu."
3546,"<|id|> Omong-omong, Baru beli <|en|> perlengkapan cycling <|id|> baru, lumayan mahal tapi <|en|> worth <|id|> it."
3547,<|en|> The distractions <|id|> dari <|en|> WFH <|id|> adalah kurangnya interaksi sosial langsung.
3548,"<|id|> Omong-omong, Aku lagi <|en|> nyoba rutin grounding <|id|> setiap hari, rasanya <|en|> calming."
3549,"<|en|> To be honest, The alat lukis <|id|> yang aku pakai buat <|en|> cycling <|id|> tuh mahal tapi beneran <|en|> beda hasil<|id|> -nya."
3550,<|id|> Sebenernya Aku lagi nge-<|en|> calligraphy <|id|> setiap <|en|> weekend <|id|> buat hilangin <|en|> stres.
3551,<|id|> Sebenernya <|en|> The debate around data privacy law <|id|> mencerminkan perbedaan <|en|> nilai <|id|> yang mendalam.
3552,<|id|> Sebenernya Udah <|en|> coba Linear <|id|> belum? Katanya <|en|> auto-sync <|id|> nya keren banget.
3553,<|id|> Konten <|en|> gardening <|id|> aku di sosmed lumayan <|en|> dapat engagement. <|id|> kan?
3554,<|id|> Sebenernya Kemarin aku <|en|> berhasil get the achievement <|id|> di <|en|> Free Fire <|id|> setelah 5 <|en|> jam grind.
3555,"<|en|> Minggu <|id|> depan aku mau <|en|> liburan <|id|> ke <|en|> Amsterdam, <|id|> udah <|en|> booking travel insurance <|id|> belum?"
3556,"<|en|> To be honest, Have you tried <|id|> fitur <|en|> live collaboration <|id|> di <|en|> Trello <|id|> yang baru?"
3557,"<|id|> Menurutku sih, <|en|> Nilai UAS <|id|> ku turun, kayaknya karena kurang <|en|> preparation."
3558,<|id|> Jujur aja <|en|> The trail to Bromo <|id|> butuh waktu 5 <|en|> jam <|id|> untuk diselesaikan.
3559,"<|id|> Omong-omong, Udah <|en|> coba VS Code <|id|> belum? Katanya <|en|> smart search <|id|> nya keren banget."
3560,"<|en|> To be honest, <|id|> Kamu masuk divisi <|en|> media <|id|> atau <|en|> sponsorship <|id|> di <|en|> himpunan?"
3561,"<|en|> Honestly, Inflasi <|id|> lagi <|en|> tinggi, <|id|> jadi <|en|> purchasing power <|id|> kita berkurang."
3562,<|id|> Jujur aja Kemarin aku <|en|> berhasil win the tournament <|id|> di <|en|> Mobile Legends <|id|> setelah 200 <|en|> jam grind.
3563,<|en|> Breaking a bad daily routine <|id|> itu butuh waktu minimal 21 hari. kan?
3564,<|id|> Sebenernya Kamu masuk divisi <|en|> humas <|id|> atau <|en|> publikasi <|id|> di <|en|> English Club?
3565,"<|id|> Aku beli <|en|> baju <|id|> tadi di <|en|> Zalora, <|id|> lagi ada <|en|> double discount."
3566,"<|id|> Kalau dipikir-pikir, <|en|> Organisasi English Club <|id|> lagi buka <|en|> anggota magang <|id|> baru, kamu mau daftar?"
3567,<|en|> The senior analyst <|id|> baru mulai kerja <|en|> minggu <|id|> depan.
3568,"<|id|> Kalau dipikir-pikir, Gue lagi belajar <|en|> Kotlin <|id|> buat bikin <|en|> portfolio."
3569,<|id|> Jujur aja Ikut <|en|> MasterClass online <|id|> buat ningkatin skill <|en|> communication <|id|> aku.
3570,<|id|> Sebenernya Aku lagi <|en|> cari sim card <|id|> murah buat perjalanan ke <|en|> Amsterdam.
3571,"<|id|> Turnitin aku <|en|> similarity <|id|> nya 25 persen, kata dosen harus lebih rendah."
3572,<|id|> Jujur aja <|en|> Food photography <|id|> skills aku <|en|> masih <|id|> perlu dilatih.
3573,<|en|> I got a 20% discount <|id|> pake <|en|> voucher <|id|> yang dikasih <|en|> Tokopedia.
3574,"<|id|> Aku pake <|en|> air fryer <|id|> buat bikin <|en|> pasta aglio olio <|id|> tadi, <|en|> hasil<|id|> -nya lebih <|en|> konsisten."
3575,"<|id|> Menurutku sih, Kamu udah <|en|> lihat year-end sale <|id|> di <|en|> Shopee <|id|> belum? Banyak yang murah banget."
3576,<|id|> Sebenernya <|en|> She went on a bird watching solo <|id|> ke <|en|> Labuan Bajo minggu <|id|> lalu.
3577,<|id|> Jujur aja <|en|> The <|id|> matcha latte ini <|en|> portion <|id|> nya kecil tapi harganya lumayan.
3578,"<|en|> To be honest, BMKG <|id|> bilang <|en|> akan <|id|> ada <|en|> heatwave <|id|> ekstrem <|en|> minggu <|id|> ini."
3579,<|en|> She committed to a reading challenge <|id|> selama 30 hari dan <|en|> hasil<|id|> -nya keren. kan?
3580,<|en|> Tugasnya minta <|id|> bikin <|en|> lab report <|id|> soal <|en|> biodiversity <|id|> minimal 1500 kata.
3581,"<|en|> Macet <|id|> di <|en|> Jalan Sudirman <|id|> tadi parah banget, sampai 2 <|en|> jam <|id|> di <|en|> jalan. <|id|> kan?"
3582,"<|id|> Omong-omong, Aku beli <|en|> skincare <|id|> tadi di <|en|> Shopee, <|id|> lagi ada <|en|> buy 1 get 1."
3583,<|id|> Aku prefer naik <|en|> bus <|id|> daripada <|en|> bus <|id|> kalau jaraknya jauh.
3584,<|id|> Sebenernya <|en|> The <|id|> boba ini <|en|> portion <|id|> nya kecil tapi harganya lumayan.
3585,<|en|> Fun fact: I missed the MRT <|id|> tadi karena terlambat 15 menit.
3586,<|id|> Jujur aja <|en|> Tradisi Natal <|id|> di keluarga aku itu selalu bikin <|en|> homesick.
3587,<|id|> Kamu masuk divisi <|en|> media <|id|> atau <|en|> dekorasi <|id|> di <|en|> debating club?
3588,"<|id|> Kalau dipikir-pikir, <|en|> I lost my koper <|id|> pas di bandara tadi, <|en|> panik <|id|> banget."
3589,"<|id|> Kalau dipikir-pikir, <|en|> I scheduled a <|id|> screening untuk cek kondisi <|en|> tulang."
3590,"<|id|> Menurutku sih, <|en|> Folder Desktop <|id|> nya kemana ya? Kok ga ketemu di <|en|> Notion."
3591,"<|id|> Omong-omong, Kamu masuk divisi <|en|> humas <|id|> atau <|en|> dokumentasi <|id|> di <|en|> BEM?"
3592,"<|en|> By the way, The flight <|id|> ke <|en|> Yogyakarta <|id|> tadi <|en|> delayed 4 jam."
3593,"<|en|> By the way, Temen <|id|> aku lagi <|en|> curhat <|id|> soal <|en|> communication breakdown <|id|> sama pasangannya."
3594,"<|en|> To be honest, Organisasi coding community <|id|> lagi buka <|en|> anggota magang <|id|> baru, kamu mau daftar?"
3595,<|en|> Fun fact: The proposal <|id|> harus dikirim ke klien sebelum <|en|> jam 10.00.
3596,<|en|> I missed the ojek online <|id|> tadi karena terlambat 2 menit.
3597,<|id|> Sebenernya Tolong kirimin <|en|> backup <|id|> nya lewat <|en|> Discord <|id|> ya.
3598,<|id|> Aku mau ikut <|en|> competition <|id|> komunitas <|en|> cooking <|id|> bulan depan.
3599,"<|en|> Nilai final exam <|id|> ku turun, kayaknya karena kurang <|en|> preparation."
3600,"<|en|> To be honest, <|id|> Kemarin aku <|en|> berhasil solo rank <|id|> di <|en|> Minecraft <|id|> setelah 200 <|en|> jam grind."
3601,"<|en|> To be honest, Nilai UTS <|id|> ku turun, kayaknya karena kurang <|en|> review."
3602,"<|id|> Jujur aja <|en|> Organisasi himpunan <|id|> lagi buka <|en|> open recruitment <|id|> baru, kamu mau daftar?"
3603,<|id|> Sebenernya Aku lagi <|en|> cari hotel <|id|> murah buat perjalanan ke <|en|> Yogyakarta.
3604,"<|id|> Omong-omong, Aku beli <|en|> tas <|id|> tadi di <|en|> Lazada, <|id|> lagi ada <|en|> cashback."
3605,<|id|> Sebenernya Kemarin aku <|en|> berhasil finish the questline <|id|> di <|en|> Valorant <|id|> setelah 5 <|en|> jam grind.
3606,<|id|> Sebenernya <|en|> We're planning a staycation <|id|> keluarga ke <|en|> kampung halaman <|id|> bulan Desember.
3607,"<|id|> Kalau dipikir-pikir, Aku lagi <|en|> cari sim card <|id|> murah buat perjalanan ke <|en|> Seoul."
3608,<|id|> Jujur aja Ekosistem <|en|> mangrove <|id|> berperan <|en|> penting <|id|> sebagai <|en|> buffer <|id|> bencana alam.
3609,"<|id|> Omong-omong, Udah <|en|> coba GitHub <|id|> belum? Katanya <|en|> dark mode <|id|> nya keren banget."
3610,<|en|> The deforestation in Amazon <|id|> mengancam ekosistem yang udah terbentuk ribuan tahun.
3611,"<|id|> Kalau dipikir-pikir, <|en|> Pemerintah <|id|> harus lebih <|en|> serius tangani masalah elektronik."
3612,"<|id|> Omong-omong, Aku beli <|en|> sepatu <|id|> tadi di <|en|> Zalora, <|id|> lagi ada <|en|> free shipping."
3613,<|id|> Jujur aja <|en|> The Figma <|id|> ngebantu banget buat <|en|> collaborate <|id|> sama <|en|> tim <|id|> yang <|en|> remote.
3614,"<|en|> My back pain <|id|> kambuh lagi, kayaknya gara-gara kurang <|en|> nutrition."
3615,"<|id|> Omong-omong, <|en|> I got a 50% discount <|id|> pake <|en|> voucher <|id|> yang dikasih <|en|> Lazada."
3616,"<|en|> To be honest, She's been experimenting with Japanese <|id|> masakan sejak punya <|en|> air fryer."
3617,"<|id|> Kalau dipikir-pikir, <|en|> Tugasnya minta <|id|> bikin <|en|> lab report <|id|> soal <|en|> digital literacy <|id|> minimal 1000 kata."
3618,"<|id|> Menurutku sih, Aku beli <|en|> jam <|id|> tangan tadi di <|en|> Lazada, <|id|> lagi ada <|en|> cashback."
3619,<|en|> Obat paracetamol <|id|> ini harus di-<|en|> minum <|id|> sekali sehari setelah makan.
3620,"<|en|> By the way, <|id|> Kemarin aku <|en|> berhasil get the achievement <|id|> di <|en|> Genshin Impact <|id|> setelah 300 <|en|> jam grind."
3621,"<|id|> Kalau dipikir-pikir, <|en|> My migraine <|id|> kambuh lagi, kayaknya gara-gara kurang <|en|> sleep."
3622,"<|en|> To be honest, The gatal-gatal <|id|> sudah berlangsung lebih dari 2 <|en|> minggu."
3623,"<|en|> By the way, My Slack <|id|> tiba-tiba <|en|> crash <|id|> pas lagi <|en|> presentasi, malu <|id|> banget."
3624,"<|id|> Omong-omong, Aku prefer naik <|en|> pesawat <|id|> daripada <|en|> pesawat <|id|> kalau jaraknya jauh."
3625,"<|id|> Omong-omong, <|en|> Folder Documents <|id|> nya kemana ya? Kok ga ketemu di <|en|> Trello."
3626,"<|en|> By the way, Koneksi 5G <|id|> di sini parah banget, nge-<|en|> reset <|id|> aja <|en|> susah."
3627,<|id|> Sebenernya <|en|> The <|id|> LTV kita bulan ini naik 5 persen dari <|en|> last quarter.
3628,<|id|> Sebenernya <|en|> I'm taking 10 days off <|id|> pas Lebaran nanti.
3629,"<|id|> Sebenernya Tadi ada <|en|> hackathon <|id|> di <|en|> kampus, <|id|> lumayan banyak yang ikut."
3630,<|en|> Fun fact: Restoran Indian <|id|> baru yang di <|en|> Cipete <|id|> itu enak banget.
3631,"<|id|> Omong-omong, <|en|> Tugasnya minta <|id|> bikin <|en|> critical essay <|id|> soal <|en|> climate change <|id|> minimal 1500 kata."
3632,"<|id|> Omong-omong, <|en|> BMKG <|id|> bilang <|en|> akan <|id|> ada <|en|> heavy rain <|id|> ekstrem <|en|> minggu <|id|> ini."
3633,"<|en|> Honestly, My Linear <|id|> tiba-tiba <|en|> crash <|id|> pas lagi <|en|> presentasi, malu <|id|> banget."
3634,"<|id|> Omong-omong, <|en|> The air <|id|> pollution makin parah dan kita perlu aksi nyata sekarang."
3635,<|id|> Sebenernya Visa ke <|en|> Yogyakarta <|id|> prosesnya berapa lama ya?
3636,"<|en|> Fun fact: Minggu <|id|> depan aku mau <|en|> backpacking <|id|> ke <|en|> Bangkok, <|id|> udah <|en|> booking koper <|id|> belum?"
3637,<|en|> Fun fact: Obat antibiotik <|id|> ini harus di-<|en|> minum 2 kali <|id|> sehari setelah makan.
3638,"<|id|> Menurutku sih, Kamu ga harus selalu <|en|> available <|id|> untuk semua <|en|> orang."
3639,<|id|> Sebenernya Kamu pakai <|en|> Zoom <|id|> versi berapa? Yang baru ada fitur <|en|> version control.
3640,<|id|> Udah <|en|> coba Figma <|id|> belum? Katanya <|en|> dark mode <|id|> nya keren banget.
3641,"<|id|> Kalau dipikir-pikir, <|en|> My cholesterol <|id|> kata dokter agak <|en|> tinggi, <|id|> harus kurangin <|en|> garam."
3642,"<|id|> Menurutku sih, There's <|en|> a seminar <|id|> besok <|en|> jam 15.30, <|id|> ikut ga?"
3643,"<|en|> Honestly, Flash sale Lazada jam 12.00 <|id|> malem ini jangan sampe ketinggalan."
3644,<|id|> Jujur aja <|en|> The seasonal event <|id|> di <|en|> Apex Legends <|id|> kasih <|en|> reward <|id|> yang bagus banget.
3645,<|en|> We're planning a family trip <|id|> keluarga ke <|en|> Yogyakarta <|id|> bulan Desember.
3646,"<|id|> Jujur aja Aku pake <|en|> instant pot <|id|> buat bikin <|en|> pasta aglio olio <|id|> tadi, <|en|> hasil<|id|> -nya lebih <|en|> konsisten."
3647,"<|en|> By the way, Restoran Indian <|id|> baru yang di <|en|> Kemang <|id|> itu enak banget."
3648,"<|en|> To be honest, Koneksi 5G <|id|> di sini parah banget, nge-install ulang aja <|en|> susah."
3649,<|en|> The hotel <|id|> di sana <|en|> fully booked <|id|> pas <|en|> tanggal <|id|> itu. kan?
3650,"<|en|> To be honest, Tim <|id|> kita <|en|> kena bad teamfight <|id|> karena <|en|> bad draft <|id|> mulu."
3651,"<|id|> Kalau dipikir-pikir, <|en|> The workshop <|id|> kemarin seru banget, sayang kamu ga dateng."
3652,"<|en|> By the way, Tugasnya minta <|id|> bikin <|en|> reflection paper <|id|> soal <|en|> biodiversity <|id|> minimal 1500 kata."
3653,<|en|> She always orders the hummus <|id|> kalau ke sana.
3654,"<|id|> Jujur aja <|en|> Minggu <|id|> depan aku mau <|en|> backpacking <|id|> ke <|en|> Bangkok, <|id|> udah <|en|> booking travel insurance <|id|> belum?"
3655,"<|id|> Menurutku sih, <|en|> Have you tried the <|id|> tacos di PIK? Antrian-nya panjang banget."
3656,<|id|> Aku <|en|> minta <|id|> tolong jelasin soal <|en|> linear algebra <|id|> ke <|en|> temen <|id|> yang lebih jago.
3657,<|id|> Jujur aja <|en|> Restoran Thai <|id|> baru yang di <|en|> Kemang <|id|> itu enak banget.
3658,"<|id|> Omong-omong, <|en|> We're planning a family trip <|id|> keluarga ke <|en|> Bandung <|id|> bulan <|en|> Januari."
3659,<|en|> The Kotlin <|id|> framework ini lagi <|en|> trending <|id|> banget sekarang.
3660,"<|en|> Fun fact: <|id|> Kemarin aku beli <|en|> earbuds <|id|> baru, RAM nya gila sih."
3661,<|id|> Aku lagi <|en|> baca buku Atomic Habits <|id|> yang isinya soal <|en|> financial psychology.
3662,"<|id|> Jujur aja Aku beli <|en|> skincare <|id|> tadi di <|en|> Lazada, <|id|> lagi ada <|en|> double discount."
3663,"<|id|> Omong-omong, <|en|> She checks the <|id|> Weather.com dulu sebelum keluar rumah tiap paginya."
3664,<|en|> Fun fact: <|id|> Kamu pakai <|en|> Canva <|id|> versi berapa? Yang baru ada fitur <|en|> live collaboration.
3665,"<|id|> Jujur aja <|en|> Macet <|id|> di <|en|> jalur Bekasi <|id|> tadi parah banget, sampai 30 <|en|> jam <|id|> di <|en|> jalan."
3666,"<|id|> Menurutku sih, <|en|> The flight <|id|> ke <|en|> Singapore <|id|> tadi <|en|> delayed 2 jam."
3667,"<|en|> Honestly, <|id|> Kamu udah <|en|> lihat payday sale <|id|> di <|en|> Shopee <|id|> belum? Banyak yang murah banget."
3668,"<|id|> Menurutku sih, <|en|> Minggu <|id|> depan aku mau <|en|> staycation <|id|> ke <|en|> Paris, <|id|> udah <|en|> booking sim card <|id|> belum?"
3669,<|id|> Jujur aja Udah <|en|> coba Notion <|id|> belum? Katanya <|en|> live collaboration <|id|> nya keren banget.
3670,"<|id|> Omong-omong, Pisahkan <|en|> grocery budget <|id|> dari pengeluaran lainnya biar lebih teratur."
3671,"<|id|> Menurutku sih, <|en|> The new Indian restaurant <|id|> di <|en|> Senopati <|id|> lagi rame banget di <|en|> social media."
3672,<|en|> We're planning a staycation <|id|> keluarga ke <|en|> Bandung <|id|> bulan <|en|> Januari.
3673,"<|en|> By the way, The flight <|id|> ke <|en|> Bangkok <|id|> tadi <|en|> delayed 2 jam."
3674,"<|id|> Kalau dipikir-pikir, Aku beli <|en|> sepatu <|id|> tadi di <|en|> Lazada, <|id|> lagi ada <|en|> cashback."
3675,"<|id|> Omong-omong, <|en|> Minggu <|id|> depan aku mau <|en|> trip <|id|> ke <|en|> Amsterdam, <|id|> udah <|en|> booking hotel <|id|> belum?"
3676,<|en|> I missed the bus Damri <|id|> tadi karena terlambat 1 menit.
3677,<|en|> Mending <|id|> beli <|en|> jam <|id|> tangan ori atau <|en|> KW <|id|> ya?
3678,"<|id|> Omong-omong, <|en|> tablet <|id|> ku nge-lag terus, kayaknya harus di-install ulang deh."
3679,<|id|> Aku lagi <|en|> cari tiket pesawat <|id|> murah buat perjalanan ke <|en|> Yogyakarta.
3680,"<|en|> Organisasi BEM <|id|> lagi buka <|en|> open recruitment <|id|> baru, kamu mau daftar?"
3681,<|en|> Tugasnya minta <|id|> bikin <|en|> critical essay <|id|> soal <|en|> AI ethics <|id|> minimal 500 kata.
3682,"<|en|> Honestly, Gratis ongkir <|id|> kalau belanja di atas 100 ribu di <|en|> Tiktok Shop."
3683,"<|en|> Honestly, <|id|> Aku beli <|en|> headphone <|id|> tadi di <|en|> Zalora, <|id|> lagi ada <|en|> cashback."
3684,"<|en|> Honestly, <|id|> Kamu udah <|en|> lihat harbolnas <|id|> di <|en|> Zalora <|id|> belum? Banyak yang murah banget."
3685,<|id|> Jujur aja <|en|> Learning photography <|id|> butuh waktu tapi proses-nya menyenangkan banget.
3686,<|en|> I always bring an umbrella during pancaroba <|id|> karena ga bisa diprediksi.
3687,"<|id|> Menurutku sih, <|en|> The <|id|> birthday party reuni kemarin seru banget, banyak yang hadir."
3688,<|en|> Fun fact: Have you tried the local ramen <|id|> di <|en|> Bangkok? <|id|> Enak banget katanya.
3689,"<|en|> By the way, We're planning a road trip <|id|> keluarga ke <|en|> kampung halaman <|id|> bulan Desember."
3690,<|id|> Kamu masuk divisi logistik atau <|en|> dokumentasi <|id|> di <|en|> debating club?
3691,<|id|> Sebenernya Kemarin aku <|en|> berhasil win the tournament <|id|> di <|en|> Genshin Impact <|id|> setelah 200 <|en|> jam grind.
3692,"<|en|> By the way, The kamera mirrorless <|id|> yang aku pakai buat <|en|> gardening <|id|> tuh mahal tapi beneran <|en|> beda hasil<|id|> -nya."
3693,"<|id|> Kalau dipikir-pikir, Jangan lupa bawa <|en|> sunscreen <|id|> kalau ke pantai di <|en|> Lombok."
3694,<|en|> Fun fact: Have you tried the local curry <|id|> di <|en|> Lombok? <|id|> Enak banget katanya.
3695,<|id|> Udah <|en|> coba Figma <|id|> belum? Katanya <|en|> offline mode <|id|> nya keren banget.
3696,<|id|> Jujur aja <|en|> Tugasnya minta <|id|> bikin <|en|> case study <|id|> soal <|en|> mental health <|id|> minimal 500 kata.
3697,"<|id|> Menurutku sih, <|en|> Using GeoGebra <|id|> bikin ngerjain <|en|> differential equations <|id|> jadi jauh lebih cepat."
3698,"<|id|> Omong-omong, <|en|> Learning sketching <|id|> butuh waktu tapi proses-nya menyenangkan banget."
3699,"<|en|> By the way, The Biology <|id|> professor kasih <|en|> assignment <|id|> yang <|en|> susah <|id|> banget."
3700,<|en|> I use Grab <|id|> tiap hari buat pesan <|en|> ojek. <|id|> kan?
3701,<|id|> Kamu masuk divisi logistik atau <|en|> publikasi <|id|> di <|en|> BEM?
3702,"<|id|> Kalau dipikir-pikir, Tolong kirimin <|en|> screenshot <|id|> nya lewat <|en|> Notion <|id|> ya."
3703,<|id|> Jujur aja Udah <|en|> coba Slack <|id|> belum? Katanya <|en|> auto-sync <|id|> nya keren banget.
3704,"<|en|> By the way, Hobi <|id|> itu <|en|> penting <|id|> buat <|en|> keseimbangan <|id|> hidup, <|en|> bukan cuma <|id|> soal <|en|> productivity."
3705,"<|id|> Kalau dipikir-pikir, <|en|> The review for this jam <|id|> tangan rata-rata 200 bintang, lumayan bagus."
3706,"<|en|> Honestly, Macet <|id|> di <|en|> tol <|id|> dalam <|en|> kota <|id|> tadi parah banget, sampai 15 <|en|> jam <|id|> di <|en|> jalan."
3707,"<|en|> Honestly, I compared prices on Tiktok Shop <|id|> dan yang di <|en|> Blibli <|id|> lebih murah."
3708,"<|id|> Omong-omong, <|en|> She's been really active in the BEM <|id|> sejak <|en|> semester <|id|> satu."
3709,"<|id|> Kalau dipikir-pikir, <|en|> Minggu <|id|> depan aku mau <|en|> backpacking <|id|> ke <|en|> Amsterdam, <|id|> udah <|en|> booking sim card <|id|> belum?"
3710,"<|en|> To be honest, Have you tried the ramen <|id|> di <|en|> Senopati? <|id|> Antrian-nya panjang banget."
3711,"<|id|> Menurutku sih, <|en|> The <|id|> kateterisasi memakan waktu sekitar 2 <|en|> jam."
3712,<|id|> Sebenernya <|en|> The <|id|> Obsidian ngebantu banget buat <|en|> manage task <|id|> harian aku.
3713,"<|id|> Kalau dipikir-pikir, Kamu masuk divisi <|en|> acara <|id|> atau <|en|> sponsorship <|id|> di <|en|> UKM fotografi?"
3714,"<|id|> Omong-omong, <|en|> The sakit kepala <|id|> sudah berlangsung lebih dari 3 <|en|> minggu."
3715,<|id|> Tolong kirimin <|en|> file ZIP <|id|> nya lewat <|en|> Zoom <|id|> ya.
3716,"<|en|> To be honest, We're planning a road trip <|id|> keluarga ke <|en|> Bandung <|id|> bulan Desember."
3717,<|en|> Fun fact: We're planning a staycation <|id|> keluarga ke <|en|> kampung halaman <|id|> bulan Desember.
3718,"<|id|> Sebenernya <|en|> Koneksi 5G <|id|> di sini parah banget, nge-restart aja <|en|> susah."
3719,"<|en|> Honestly, I recommend Oppenheimer <|id|> kalau kamu suka genre <|en|> documentary."
3720,"<|id|> Kalau dipikir-pikir, <|en|> She prepared special rendang <|id|> buat <|en|> long weekend <|id|> celebration."
3721,"<|en|> By the way, <|id|> Udah <|en|> coba Linear <|id|> belum? Katanya <|en|> auto-sync <|id|> nya keren banget."
3722,"<|en|> By the way, The seasonal event <|id|> di <|en|> Free Fire <|id|> kasih <|en|> reward <|id|> yang bagus banget."
3723,"<|en|> To be honest, What are your plans for the <|id|> Idul Adha <|en|> long weekend?"
3724,"<|en|> By the way, The portfolio value <|id|> bulan ini lumayan bagus, naik 20 persen dari bulan lalu."
3725,<|id|> Aku lagi belajar <|en|> saham <|id|> buat <|en|> passive income.
3726,"<|id|> Menurutku sih, <|en|> Macet <|id|> di <|en|> Jalan HR Rasuna Said <|id|> tadi parah banget, sampai 1 <|en|> jam <|id|> di <|en|> jalan."
3727,"<|id|> Omong-omong, Udah <|en|> coba Slack <|id|> belum? Katanya <|en|> auto-sync <|id|> nya keren banget."
3728,"<|en|> To be honest, Tradisi Natal <|id|> di keluarga aku itu selalu bikin <|en|> homesick."
3729,<|id|> Jujur aja Bahan <|en|> miso paste susah <|id|> di-<|en|> cari <|id|> di supermarket sini.
3730,"<|en|> To be honest, Have you tried the hummus <|id|> di <|en|> Senopati? <|id|> Antrian-nya panjang banget."
3731,<|en|> Restoran Indian <|id|> baru yang di <|en|> Cipete <|id|> itu enak banget.
3732,<|en|> She always orders the sushi <|id|> kalau ke sana. kan?
3733,"<|en|> By the way, Minggu <|id|> depan aku mau <|en|> staycation <|id|> ke <|en|> Tokyo, <|id|> udah <|en|> booking koper <|id|> belum?"
3734,"<|en|> By the way, Ping <|id|> aku lagi <|en|> 5ms, susah aim <|id|> beneran."
3735,<|en|> The alat lukis <|id|> yang aku pakai buat <|en|> pottery <|id|> tuh mahal tapi beneran <|en|> beda hasil<|id|> -nya. kan?
3736,"<|id|> Kalau dipikir-pikir, Aku pake <|en|> air fryer <|id|> buat bikin <|en|> Korean <|id|> fried chicken tadi, <|en|> hasil<|id|> -nya lebih <|en|> konsisten."
3737,"<|en|> By the way, The Physics <|id|> professor kasih <|en|> assignment <|id|> yang <|en|> susah <|id|> banget."
3738,"<|en|> To be honest, Minggu <|id|> depan aku mau <|en|> staycation <|id|> ke <|en|> Yogyakarta, <|id|> udah <|en|> booking travel insurance <|id|> belum?"
3739,"<|id|> Kalau dipikir-pikir, <|en|> I've been into knitting <|id|> sejak 2 tahun lalu dan ga pernah bosen."
3740,<|en|> Fun fact: Have you tried <|id|> fitur <|en|> live collaboration <|id|> di <|en|> GitHub <|id|> yang baru?
3741,"<|en|> Honestly, The photography <|id|> scene di Indonesia udah berkembang pesat belakangan ini."
3742,"<|id|> Jujur aja <|en|> Minggu <|id|> depan aku mau <|en|> liburan <|id|> ke <|en|> Bali, <|id|> udah <|en|> booking travel insurance <|id|> belum?"
3743,"<|id|> Omong-omong, Aku beli <|en|> tas <|id|> tadi di <|en|> Lazada, <|id|> lagi ada <|en|> double discount."
3744,<|en|> She went on a snorkeling solo <|id|> ke <|en|> Bromo minggu <|id|> lalu.
3745,<|id|> Jujur aja <|en|> The buah-buahan <|id|> di supermarket tadi lagi <|en|> on sale 30 <|id|> persen.
3746,<|en|> Civic engagement <|id|> di kalangan anak muda Indonesia makin meningkat.
3747,"<|id|> Jujur aja <|en|> My Canva <|id|> tiba-tiba <|en|> crash <|id|> pas lagi <|en|> presentasi, malu <|id|> banget."
3748,"<|id|> Omong-omong, <|en|> The ending of Oppenheimer <|id|> bikin aku nangis seharian."
3749,"<|en|> By the way, <|id|> Aku beli <|en|> sepatu <|id|> tadi di <|en|> Zalora, <|id|> lagi ada <|en|> double discount."
3750,"<|en|> By the way, She went on a kayaking solo <|id|> ke <|en|> Wakatobi minggu <|id|> lalu."
3751,<|en|> The NPS score <|id|> kita bulan ini naik 25 persen dari <|en|> last quarter. <|id|> kan?
3752,"<|en|> By the way, Minggu <|id|> depan aku mau <|en|> backpacking <|id|> ke <|en|> Yogyakarta, <|id|> udah <|en|> booking hotel <|id|> belum?"
3753,"<|en|> Honestly, The invoice <|id|> harus dikirim ke klien sebelum <|en|> jam 17.00."
3754,"<|en|> Minggu <|id|> depan aku mau <|en|> trip <|id|> ke <|en|> Paris, <|id|> udah <|en|> booking sim card <|id|> belum?"
3755,"<|id|> Jujur aja Aku beli <|en|> tas <|id|> tadi di <|en|> Tiktok Shop, <|id|> lagi ada <|en|> buy 1 get 1."
3756,"<|en|> To be honest, We're planning a staycation <|id|> keluarga ke <|en|> Bali <|id|> bulan Desember."
3757,"<|id|> Omong-omong, Proyek <|en|> revitalisasi <|id|> kawasan <|en|> Kalibata <|id|> udah mulai kelihatan <|en|> hasil<|id|> -nya."
3758,"<|id|> Omong-omong, Udah <|en|> coba Zoom <|id|> belum? Katanya <|en|> AI assistant <|id|> nya keren banget. kan?"
3759,"<|en|> To be honest, <|id|> Aku beli <|en|> baju <|id|> tadi di <|en|> Tiktok Shop, <|id|> lagi ada <|en|> cashback."
3760,"<|en|> To be honest, Tracking my daily habit <|id|> bikin aku lebih <|en|> accountable."
3761,<|id|> Jujur aja <|en|> She's dealing with <|id|> generational conflict dalam keluarganya yang cukup ber-<|en|> at.
3762,"<|en|> My heart rate <|id|> kata dokter agak <|en|> tinggi, <|id|> harus kurangin <|en|> makanan berlemak."
3763,"<|en|> Honestly, Tugasnya minta <|id|> bikin <|en|> case study <|id|> soal <|en|> climate change <|id|> minimal 2000 kata."
3764,"<|id|> Kalau dipikir-pikir, <|en|> Minggu <|id|> depan aku mau <|en|> liburan <|id|> ke <|en|> Lombok, <|id|> udah <|en|> booking hotel <|id|> belum?"
3765,"<|en|> Fun fact: Macet <|id|> di <|en|> Jalan Sudirman <|id|> tadi parah banget, sampai 3 <|en|> jam <|id|> di <|en|> jalan."
3766,"<|id|> Kalau dipikir-pikir, <|en|> Organisasi himpunan <|id|> lagi buka <|en|> ketua <|id|> baru baru, kamu mau daftar?"
3767,<|id|> Kamu pakai <|en|> GitHub <|id|> versi berapa? Yang baru ada fitur <|en|> dark mode. <|id|> kan?
3768,"<|en|> To be honest, She prepared special opor ayam <|id|> buat <|en|> Nyepi <|id|> celebration."
3769,"<|id|> Menurutku sih, <|en|> We're planning a staycation <|id|> keluarga ke <|en|> kampung halaman <|id|> bulan Maret."
3770,"<|en|> To be honest, <|id|> Baru beli <|en|> perlengkapan gardening <|id|> baru, lumayan mahal tapi <|en|> worth <|id|> it."
3771,"<|id|> Kalau dipikir-pikir, <|en|> The seasonal event <|id|> di <|en|> Minecraft <|id|> kasih <|en|> reward <|id|> yang bagus banget."
3772,"<|en|> By the way, We're planning a staycation <|id|> keluarga ke <|en|> Lombok <|id|> bulan Juni."
3773,<|id|> Aku lagi <|en|> cari tiket pesawat <|id|> murah buat perjalanan ke <|en|> Seoul. <|id|> kan?
3774,<|en|> She's dealing with financial pressure <|id|> dalam keluarganya yang cukup ber-<|en|> at.
3775,"<|id|> Stok <|en|> beras organik <|id|> di rumah udah habis, harus beli hari ini."
3776,<|id|> Sebenernya <|en|> I <|id|> marinated <|en|> the ayam <|id|> semalam biar bumbu-nya meresap sempurna.
3777,<|id|> Sebenernya <|en|> The report <|id|> harus dikirim ke klien sebelum <|en|> jam 09.00.
3778,<|en|> She prepared special <|id|> ketupat buat Idul Adha celebration.
3779,<|en|> Restoran Italian <|id|> baru yang di <|en|> Kemang <|id|> itu enak banget.
3780,"<|id|> Omong-omong, Visa ke <|en|> Yogyakarta <|id|> prosesnya berapa lama ya?"
3781,"<|en|> By the way, Kadang <|id|> kita perlu <|en|> unlearn <|id|> kebiasaan lama buat bisa berkembang."
3782,"<|en|> To be honest, I'm taking 3 days off <|id|> pas Idul Adha nanti."
3783,<|en|> Tugasnya minta <|id|> bikin <|en|> reflection paper <|id|> soal <|en|> climate change <|id|> minimal 500 kata. kan?
3784,"<|id|> Omong-omong, <|en|> Understanding gradient descent <|id|> itu <|en|> penting <|id|> banget buat <|en|> data analysis."
3785,"<|en|> Fun fact: <|id|> Aku beli <|en|> sepatu <|id|> tadi di <|en|> Tokopedia, <|id|> lagi ada <|en|> free shipping."
3786,<|en|> The compound interest <|id|> itu <|en|> penting <|id|> banget dipahami sebelum mulai <|en|> trading. <|id|> kan?
3787,"<|en|> I just bought a new monitor, <|id|> spesifikasinya lumayan buat <|en|> editing video."
3788,"<|en|> To be honest, The sales team <|id|> lagi kerja keras buat nge-hit <|en|> target <|id|> bulan ini."
3789,"<|en|> By the way, The new Korean restaurant <|id|> di <|en|> Senopati <|id|> lagi rame banget di <|en|> social media."
3790,"<|en|> By the way, <|id|> Aku lagi <|en|> cari sim card <|id|> murah buat perjalanan ke <|en|> Bangkok."
3791,<|en|> The doctor recommended <|id|> istirahat total dan <|en|> minum probiotics <|id|> setiap pagi dan malam.
3792,"<|en|> Honestly, Minggu <|id|> depan aku mau <|en|> liburan <|id|> ke <|en|> Lombok, <|id|> udah <|en|> booking hotel <|id|> belum?"
3793,<|en|> The new patch <|id|> di <|en|> Dota 2 <|id|> banyak yang suka tapi aku kurang cocok.
3794,<|id|> Sebenernya <|en|> Have you tried <|id|> fitur <|en|> dark mode <|id|> di <|en|> Zoom <|id|> yang baru?
3795,"<|en|> Honestly, Folder Desktop <|id|> nya kemana ya? Kok ga ketemu di <|en|> Figma."
3796,"<|id|> Omong-omong, <|en|> Minggu <|id|> depan aku mau <|en|> trip <|id|> ke <|en|> Amsterdam, <|id|> udah <|en|> booking tiket pesawat <|id|> belum?"
3797,<|en|> Kebijakan tax reform <|id|> yang baru ini banyak pro dan kontranya.
3798,"<|en|> By the way, <|id|> Aku mau ikut <|en|> exhibition <|id|> komunitas <|en|> calligraphy <|id|> bulan depan."
3799,"<|en|> Fun fact: I just unlocked <|id|> karakter baru di <|en|> PUBG, <|id|> keren abis <|en|> skin <|id|> nya."
3800,"<|id|> Omong-omong, <|en|> Minggu <|id|> depan aku mau <|en|> staycation <|id|> ke <|en|> Bangkok, <|id|> udah <|en|> booking tiket pesawat <|id|> belum?"
3801,"<|en|> Honestly, <|id|> Kamu udah <|en|> lihat year-end sale <|id|> di <|en|> Tokopedia <|id|> belum? Banyak yang murah banget."
3802,<|en|> Tugasnya minta <|id|> bikin <|en|> lab report <|id|> soal <|en|> economic inequality <|id|> minimal 1500 kata.
3803,"<|en|> By the way, Tugasnya minta <|id|> bikin <|en|> case study <|id|> soal <|en|> economic inequality <|id|> minimal 500 kata."
3804,"<|id|> Aku pake <|en|> instant pot <|id|> buat bikin <|en|> avocado toast <|id|> tadi, <|en|> hasil<|id|> -nya lebih <|en|> konsisten."
3805,"<|en|> By the way, <|id|> Kamu masuk divisi <|en|> media <|id|> atau <|en|> dokumentasi <|id|> di <|en|> BEM?"
3806,"<|en|> By the way, <|id|> Udah <|en|> coba Notion <|id|> belum? Katanya <|en|> dark mode <|id|> nya keren banget."
3807,"<|id|> Menurutku sih, <|en|> I missed the MRT <|id|> tadi karena terlambat 1 menit."
3808,"<|en|> Honestly, <|id|> Aku lagi <|en|> baca buku Ikigai <|id|> yang isinya soal <|en|> focus."
3809,"<|en|> Honestly, <|id|> Ikut <|en|> Coursera online <|id|> buat ningkatin skill <|en|> communication <|id|> aku."
3810,<|id|> Visa ke <|en|> Singapore <|id|> prosesnya berapa lama ya?
3811,<|id|> Sebenernya <|en|> The <|id|> kateterisasi memakan waktu sekitar 2 <|en|> jam.
3812,"<|id|> Menurutku sih, Udah <|en|> coba Notion <|id|> belum? Katanya <|en|> live collaboration <|id|> nya keren banget."
3813,<|id|> Kamu main <|en|> Genshin Impact rank <|id|> berapa sekarang?
3814,"<|en|> By the way, Have you tried the ramen <|id|> di <|en|> Kemang? <|id|> Antrian-nya panjang banget."
3815,"<|id|> Omong-omong, Lagi <|en|> binge-watching series Interstellar <|id|> dari tadi malem."
3816,"<|id|> Kalau dipikir-pikir, <|en|> The smartwatch <|id|> udah di-<|en|> update <|id|> ke <|en|> v15 <|id|> tapi tetep lemot."
3817,"<|id|> Sebenernya <|en|> Ping <|id|> aku lagi <|en|> 5ms, susah aim <|id|> beneran."
3818,"<|id|> Aku mau <|en|> defend skripsi <|id|> bulan depan, deg-degan banget."
3819,"<|id|> Menurutku sih, Kemarin aku <|en|> berhasil win the tournament <|id|> di <|en|> Free Fire <|id|> setelah 200 <|en|> jam grind."
3820,<|id|> Kamu punya rekomendasi <|en|> Mexican <|id|> yang <|en|> authentic <|id|> di <|en|> Jakarta?
3821,"<|id|> Kalau dipikir-pikir, <|en|> Minggu <|id|> depan aku mau <|en|> liburan <|id|> ke <|en|> Tokyo, <|id|> udah <|en|> booking travel insurance <|id|> belum?"
3822,<|en|> Using Wolfram Alpha <|id|> bikin ngerjain <|en|> probability <|id|> jadi jauh lebih cepat.
3823,<|en|> I've been into cycling <|id|> sejak 5 tahun lalu dan ga pernah bosen.
3824,"<|id|> Omong-omong, <|en|> I scheduled a <|id|> screening untuk cek kondisi <|en|> jantung."
3825,<|en|> The concept of radical acceptance <|id|> bener-bener ngubah cara pandang aku.
3826,"<|id|> Kalau dipikir-pikir, <|en|> Minggu <|id|> depan aku mau <|en|> staycation <|id|> ke <|en|> Yogyakarta, <|id|> udah <|en|> booking sim card <|id|> belum?"
3827,"<|en|> To be honest, The formula for statistics <|id|> itu harus dihafalin kalau mau lancar ngitungnya."
3828,<|id|> Jujur aja Aku mau ikut <|en|> exhibition <|id|> komunitas <|en|> pottery <|id|> bulan depan.
3829,<|id|> Sebenernya <|en|> The <|id|> pilpres kemarin <|en|> hasil<|id|> -nya cukup mengejutkan banyak pihak.
3830,"<|en|> By the way, The new Superindo <|id|> di dekat sini lengkap banget produk <|en|> imported <|id|> nya."
3831,"<|en|> By the way, Tugasnya minta <|id|> bikin <|en|> case study <|id|> soal <|en|> digital literacy <|id|> minimal 1000 kata."
3832,<|id|> Sebenernya <|en|> The research <|id|> methodology yang dipake itu <|en|> qualitative <|id|> atau <|en|> quantitative?
3833,"<|en|> Minggu <|id|> depan aku mau <|en|> staycation <|id|> ke <|en|> Yogyakarta, <|id|> udah <|en|> booking tiket pesawat <|id|> belum?"
3834,<|id|> Jujur aja <|en|> Folder cache <|id|> nya kemana ya? Kok ga ketemu di <|en|> Linear.
3835,"<|en|> Honestly, <|id|> Aku beli <|en|> skincare <|id|> tadi di <|en|> Lazada, <|id|> lagi ada <|en|> free shipping."
3836,"<|id|> Menurutku sih, Tarif <|en|> KRL <|id|> naik lagi, makin ber-<|en|> at <|id|> buat anak kost."
3837,<|id|> Sebenernya <|en|> We're planning a family trip <|id|> keluarga ke <|en|> Bandung <|id|> bulan Desember.
3838,<|en|> I've been pulling 4 <|id|> hari berturut-turut begadang buat <|en|> project kelompok. <|id|> kan?
3839,"<|id|> Omong-omong, <|en|> Tugasnya minta <|id|> bikin <|en|> reflection paper <|id|> soal <|en|> AI ethics <|id|> minimal 500 kata."
3840,"<|en|> To be honest, <|id|> Udah <|en|> coba GitHub <|id|> belum? Katanya <|en|> smart search <|id|> nya keren banget."
3841,"<|en|> Honestly, <|id|> Kamu masuk divisi <|en|> kreatif <|id|> atau <|en|> sponsorship <|id|> di <|en|> BEM?"
3842,"<|id|> Omong-omong, Tarif <|en|> TransJakarta <|id|> naik lagi, makin ber-<|en|> at <|id|> buat anak kost."
3843,"<|en|> To be honest, <|id|> Aku beli <|en|> jam <|id|> tangan tadi di <|en|> Shopee, <|id|> lagi ada <|en|> double discount."
3844,"<|id|> Aku beli <|en|> headphone <|id|> tadi di <|en|> Shopee, <|id|> lagi ada <|en|> buy 1 get 1."
3845,"<|id|> Menurutku sih, Program <|en|> composting <|id|> di <|en|> kampus <|id|> kita <|en|> berhasil <|id|> kurangi sampah 40 persen."
3846,"<|en|> Honestly, Minggu <|id|> depan aku mau <|en|> liburan <|id|> ke <|en|> New York, <|id|> udah <|en|> booking hotel <|id|> belum?"
3847,"<|id|> Omong-omong, <|en|> Metode focus group <|id|> yang aku pake buat <|en|> data collection."
3848,<|id|> Jujur aja <|en|> Restoran Japanese <|id|> baru yang di <|en|> Senopati <|id|> itu enak banget.
3849,"<|en|> To be honest, <|id|> Aku beli <|en|> skincare <|id|> tadi di <|en|> Tokopedia, <|id|> lagi ada <|en|> buy 1 get 1."
3850,"<|id|> Omong-omong, <|en|> The new Mexican restaurant <|id|> di <|en|> Kemang <|id|> lagi rame banget di <|en|> social media."
3851,<|en|> I got a 10% discount <|id|> pake <|en|> voucher <|id|> yang dikasih <|en|> Tokopedia.
3852,"<|en|> By the way, Obat antihistamin <|id|> ini harus di-<|en|> minum <|id|> setiap 8 <|en|> jam <|id|> setelah makan."
3853,"<|en|> To be honest, She finally passed her thesis <|id|> setelah 5 <|en|> kali sidang."
3854,"<|id|> Omong-omong, <|en|> Minggu <|id|> depan aku mau <|en|> backpacking <|id|> ke <|en|> Lombok, <|id|> udah <|en|> booking koper <|id|> belum?"
3855,<|en|> Fun fact: <|id|> Udah <|en|> coba Canva <|id|> belum? Katanya <|en|> dark mode <|id|> nya keren banget.
3856,"<|id|> Kalau dipikir-pikir, Kemarin aku <|en|> berhasil solo rank <|id|> di <|en|> Minecraft <|id|> setelah 200 <|en|> jam grind."
3857,"<|id|> Menurutku sih, <|en|> The return <|id|> bulan ini lumayan bagus, naik 20 persen dari bulan lalu."
3858,"<|en|> By the way, Susah <|id|> banget buat <|en|> konsisten <|id|> sama <|en|> routine <|id|> kalau jadwal berubah terus."
3859,"<|id|> Sebenernya <|en|> Minggu <|id|> depan aku mau <|en|> backpacking <|id|> ke <|en|> Bali, <|id|> udah <|en|> booking tiket pesawat <|id|> belum?"
3860,"<|en|> Honestly, Tugasnya minta <|id|> bikin <|en|> research paper <|id|> soal <|en|> economic inequality <|id|> minimal 1000 kata."
3861,<|en|> Fun fact: The new Korean restaurant <|id|> di <|en|> Kemang <|id|> lagi rame banget di <|en|> social media.
3862,"<|id|> Omong-omong, Gue lagi belajar <|en|> Kotlin <|id|> buat bikin <|en|> web app. <|id|> kan?"
3863,"<|id|> Omong-omong, Tolong kirimin <|en|> PDF <|id|> nya lewat <|en|> Slack <|id|> ya."
3864,"<|en|> By the way, She prepared special rendang <|id|> buat Idul Adha celebration."
3865,"<|id|> Aku beli <|en|> tas <|id|> tadi di <|en|> Shopee, <|id|> lagi ada <|en|> cashback."
3866,<|en|> The new patch <|id|> di <|en|> Genshin Impact <|id|> banyak yang suka tapi aku kurang cocok. kan?
3867,<|id|> Jujur aja Membawa <|en|> reusable bag <|id|> itu langkah kecil tapi dampaknya nyata.
3868,"<|en|> To be honest, Koneksi 5G <|id|> di sini parah banget, nge-reformat aja <|en|> susah."
3869,"<|id|> Menurutku sih, Kayaknya <|en|> baju <|id|> itu lagi <|en|> trending <|id|> karena banyak banget yang beli."
3870,"<|en|> Honestly, The MRT <|id|> tadi <|en|> delayed <|id|> karena ada gangguan teknis."
3871,"<|en|> By the way, She's really good at reading social cues <|id|> sosial dalam percakapan."
3872,"<|en|> Fun fact: <|id|> Aku beli <|en|> skincare <|id|> tadi di <|en|> Zalora, <|id|> lagi ada <|en|> flash sale."
3873,"<|id|> Omong-omong, <|en|> The ending of Everything Everywhere <|id|> bikin aku nangis seharian."
3874,"<|en|> The Atomic Habits <|id|> rekomendasinya bagus banget, cocok buat kamu yang lagi <|en|> overthinking."
3875,<|en|> The cardiologist <|id|> bilang ada tanda awal <|en|> hypertension <|id|> yang harus diperhatikan.
3876,"<|id|> Menurutku sih, Aku mau ikut <|en|> meetup <|id|> komunitas <|en|> knitting <|id|> bulan depan."
3877,<|id|> Jujur aja <|en|> Restoran Indian <|id|> baru yang di Blok M itu enak banget.
3878,"<|en|> Honestly, Tradisi Natal <|id|> di keluarga aku itu selalu bikin <|en|> homesick."
3879,"<|en|> By the way, <|id|> Aku lagi nge-<|en|> pottery <|id|> setiap <|en|> weekend <|id|> buat hilangin <|en|> stres."
3880,<|id|> Sebenernya Aku <|en|> minta <|id|> tolong jelasin soal <|en|> differential equations <|id|> ke <|en|> temen <|id|> yang lebih jago.
3881,<|id|> Sebenernya <|en|> I recommend Everything Everywhere <|id|> kalau kamu suka genre <|en|> romance.
3882,"<|en|> Fun fact: Koneksi hotspot <|id|> di sini parah banget, nge-<|en|> update <|id|> aja <|en|> susah."
3883,"<|en|> By the way, <|id|> Kemarin aku <|en|> berhasil complete the event <|id|> di <|en|> Genshin Impact <|id|> setelah 200 <|en|> jam grind."
3884,"<|id|> Omong-omong, <|en|> The <|id|> How <|en|> I <|id|> Built <|en|> This <|id|> podcast selalu kasih perspektif baru yang menarik."
3885,"<|en|> To be honest, I recommend The Crown <|id|> kalau kamu suka genre <|en|> horror."
3886,"<|id|> Sebenernya Kemarin aku beli <|en|> tablet <|id|> baru, RAM nya gila sih."
3887,<|id|> Kemarin aku <|en|> berhasil win the tournament <|id|> di <|en|> Dota 2 <|id|> setelah 200 <|en|> jam grind. <|id|> kan?
3888,"<|id|> Jujur aja Aku beli <|en|> skincare <|id|> tadi di <|en|> Shopee, <|id|> lagi ada <|en|> buy 1 get 1."
3889,<|id|> Sebenernya Kamu masuk divisi <|en|> humas <|id|> atau <|en|> dekorasi <|id|> di <|en|> coding community?
3890,"<|en|> Koneksi LAN <|id|> di sini parah banget, nge-<|en|> reset <|id|> aja <|en|> susah."
3891,"<|en|> Honestly, Tugasnya minta <|id|> bikin <|en|> case study <|id|> soal <|en|> mental health <|id|> minimal 2000 kata."
3892,<|en|> The trail to Labuan Bajo <|id|> butuh waktu 6 <|en|> jam <|id|> untuk diselesaikan.
3893,<|id|> Sebenernya <|en|> Have you tried <|id|> fitur <|en|> dark mode <|id|> di <|en|> Canva <|id|> yang baru?
3894,<|id|> Jujur aja <|en|> I've been into sketching <|id|> sejak 5 tahun lalu dan ga pernah bosen.
3895,"<|en|> Honestly, <|id|> Udah <|en|> coba Discord <|id|> belum? Katanya <|en|> smart search <|id|> nya keren banget."
3896,"<|en|> Honestly, The flight <|id|> ke <|en|> Amsterdam <|id|> tadi <|en|> delayed 2 jam."
3897,<|en|> Pemerintah <|id|> harus lebih <|en|> serius tangani masalah plastik. <|id|> kan?
3898,"<|id|> Menurutku sih, Kamu pakai <|en|> Linear <|id|> versi berapa? Yang baru ada fitur <|en|> offline mode."
3899,<|en|> The trail to Bromo <|id|> butuh waktu 6 <|en|> jam <|id|> untuk diselesaikan. kan?
3900,<|en|> Have you tried the ramen <|id|> di <|en|> Cipete? <|id|> Antrian-nya panjang banget.
3901,"<|id|> Omong-omong, Kemarin aku beli <|en|> tablet <|id|> baru, display nya gila sih."
3902,<|id|> Sebenernya <|en|> Jam peak hours <|id|> di kantor itu biasanya antara <|en|> jam 17.00 <|id|> sampai 15.00.
3903,<|en|> I'm taking 3 days off <|id|> pas Lebaran nanti.
3904,<|id|> Sebenernya Kayaknya <|en|> jam <|id|> tangan itu lagi <|en|> trending <|id|> karena banyak banget yang beli.
3905,"<|id|> Omong-omong, Bab 25 <|en|> skripsi <|id|> aku <|en|> masih <|id|> berantakan, <|en|> outline <|id|> nya belum <|en|> clear."
3906,<|id|> Kamu pakai <|en|> GitHub <|id|> versi berapa? Yang baru ada fitur <|en|> smart search.
3907,<|en|> Have you tried the local ramen <|id|> di <|en|> Bali? <|id|> Enak banget katanya.
3908,"<|id|> Kalau dipikir-pikir, <|en|> The collab event <|id|> di <|en|> Mobile Legends <|id|> kasih <|en|> reward <|id|> yang bagus banget."
3909,<|en|> Restoran Middle Eastern <|id|> baru yang di <|en|> Kemang <|id|> itu enak banget.
3910,"<|id|> Menurutku sih, <|en|> I just bought a new laptop, <|id|> spesifikasinya lumayan buat <|en|> gaming."
3911,"<|id|> Jujur aja <|en|> Sunrise <|id|> di <|en|> Raja Ampat <|id|> kemarin indah banget, <|en|> worth the effort."
3912,"<|en|> The Airbnb review<|id|> -nya bagus, tapi agak <|en|> pricey <|id|> buat <|en|> budget <|id|> aku."
3913,"<|en|> Family dynamics <|id|> tuh kompleks, apalagi kalau ada perbedaan <|en|> generasi."
3914,<|id|> Jujur aja <|en|> She's been really active in the English Club <|id|> sejak <|en|> semester <|id|> dua.
3915,"<|en|> To be honest, The new album from Billie Eilish <|id|> udah aku dengerin dari pagi tadi."
3916,<|id|> Udah <|en|> coba GitHub <|id|> belum? Katanya <|en|> dark mode <|id|> nya keren banget. kan?
3917,"<|id|> Kalau dipikir-pikir, Kamu masuk divisi <|en|> humas <|id|> atau <|en|> sponsorship <|id|> di <|en|> coding community?"
3918,"<|id|> Menurutku sih, Program <|en|> green campus <|id|> di <|en|> kampus <|id|> kita <|en|> berhasil <|id|> kurangi sampah 30 persen."
3919,<|en|> Meeting quarterly <|id|> tadi bahas soal <|en|> revenue target <|id|> kuartal ini. kan?
3920,<|id|> Jujur aja Gue lagi belajar <|en|> Swift <|id|> buat bikin <|en|> backend service.
3921,"<|id|> Menurutku sih, <|en|> Minggu <|id|> depan aku mau <|en|> staycation <|id|> ke <|en|> Paris, <|id|> udah <|en|> booking tiket pesawat <|id|> belum?"
3922,<|id|> Sebenernya <|en|> The database riset <|id|> di perpustakaan udah bisa diakses secara <|en|> online.
3923,<|id|> Jujur aja Kamu masuk divisi <|en|> acara <|id|> atau <|en|> sponsorship <|id|> di <|en|> coding community?
3924,<|id|> Sebenernya <|en|> Mending <|id|> naik <|en|> bus Damri <|id|> daripada nyetir sendiri kalau lagi <|en|> macet.
3925,<|id|> Sebenernya <|en|> Have you tried <|id|> fitur <|en|> dark mode <|id|> di <|en|> VS Code <|id|> yang baru?
3926,"<|en|> By the way, BMKG <|id|> bilang <|en|> akan <|id|> ada <|en|> strong wind <|id|> ekstrem <|en|> minggu <|id|> ini."
3927,"<|en|> To be honest, My blood sugar <|id|> kata dokter agak <|en|> tinggi, <|id|> harus kurangin <|en|> garam."
3928,"<|id|> Omong-omong, Aku mau ikut <|en|> workshop <|id|> komunitas <|en|> knitting <|id|> bulan depan."
3929,"<|id|> Omong-omong, <|en|> The susu <|id|> di supermarket tadi lagi <|en|> on sale 20 <|id|> persen."
